playerId,teamId,gameId,winRankPercentage
fdb7d0af46a788,897c68f1df2b33,35ab88ab7516ad,0.8333333333333334
cfa5a4ed838e8f,e7d1e2c433debe,e05f33046a739f,0.75
cbec92e083ebcd,52ff12219a050c,ba14752a861c4d,0.896551724137931
94514c935686ac,6718223e4d7dfa,42c9e8ca738110,0.8297872340425532
a05a6b38045f65,372d871d4e82b7,e196ff3b6f8ced,0.6086956521739131
2330b85df603a2,27cedb29e9ce33,1a30813ee6a972,0.5833333333333334
26d7ee21896fee,19fc7ed7bc995c,f120449883d301,0.8518518518518519
dfae03625b98bc,e35aea4a076e3f,4b2392340e7359,0.037037037037037035
36a5b417064f8d,a3852e8fdb4357,03764dc5b2b1be,0.6785714285714286
f0d21fe693b262,f64f3be5947ab0,48c5689ca6cbbf,0.5384615384615384
0518c2ed0a2106,8307a5069a2d1e,4eaa06757275e2,0.7916666666666666
b9d00e9c24c2f2,10aa912f4c3567,c55f171b5945e4,0.20689655172413793
3f9d5c8b0f20ae,787ad5472c1958,4d75285f949b19,0.8723404255319149
c69f4a7ce3a73d,1ad6fb90ebc6a5,c98f2270c9bd05,0.4375
07ed01e81d5480,981888b46843e6,9b0b2aac1ce2c7,1.0
e0694bc1ec43a6,a08935f640d2f1,0e9abbcd3af03a,0.2962962962962963
bd5450bae013ed,febd6e0dbdeba7,d2595db7832aa2,0.14285714285714285
952ff8e94565ae,24b47b7b5d71dd,778c67328cd4ac,0.03571428571428571
4cd7bb30a214d8,2d0fe811dfc03e,036cd8acff2639,0.0
2308b08d66ff60,7dc734e6e80c19,6b3155024ece6e,0.7857142857142857
496ff3381904b0,435b860bc6aa3c,7daa28d912cb46,0.42857142857142855
923c8ee495a2d5,ee089d139b69d9,08c4c0908a192a,0.6
3cdd4312ddaf39,bfec67a496a7b0,10629de2569d87,0.1724137931034483
fea1d8ffef7515,db52a5d24d40a4,0754b2c2533abf,0.35714285714285715
cf6e65a509032c,9ce76759148707,902da6b5846c74,0.11702127659574468
5be7047d6c6ef0,97aa0164d3fba8,a2f8baa3fdf36d,0.19230769230769232
99d14abb24e28a,428a717864bc6c,1f5ed2b06527e5,0.4583333333333333
015c6afe92803e,cbbfc15175326e,fa5b9d58e95cc5,0.14285714285714285
5a3ac2329bf1f1,4cae6b359a94b1,5d98aaa0ae4a22,0.9285714285714286
1bf4483fd15cc8,e1eed2fd6d98e1,20f3861faf5d3a,0.3953488372093023
0296406daaa9f6,2ee3f84736a9f4,747dd1ee6ff01c,0.5172413793103449
cdcc4ec90f0494,556202932ed379,9be1753919d7e5,0.8846153846153846
96cf68cec307da,e0ab88e3837b53,101457f5da9545,0.7931034482758621
5a28d4a3d891a9,7d8009ce46dea9,c46636e125167e,0.8
d40bc3c5af6441,7e1300be2b3e7a,f318d8d99c070a,0.5578947368421052
151f782b1dd6fd,3a8dde21375670,2455c913b9dd2e,0.7037037037037037
da6ba6b35e6786,d541381e2a7c82,17c149ea47c343,0.8723404255319149
8e7ba46f3a3331,6fddc9c49b7fc7,4378b778f5993e,0.16
ee240e553a7b90,b047f1b6408cfd,a29bcb23bb9888,0.8571428571428571
4751d1463c0684,b6122dc6c4580b,b2bbeffb1cbf33,0.8085106382978723
6c0a5d5812ecf6,1fc749f9cfe369,7f62fbbe870898,0.2604166666666667
cd4a579c45a8dd,cbbadecac23b10,32e9cfe7f8b8c0,0.37037037037037035
c7aa33a7d7016a,6a861671411190,161fb8e30ddc2c,0.15384615384615385
6efb457baa2674,5da8ef0e180f68,46d8c03556c987,0.8928571428571429
678175e07be8ea,fa76f4d7e8eb03,4321b3e99dbc89,0.8297872340425532
f26f7c7fd82f1f,1e10191d17b804,4743ce8d2ba4fd,0.8928571428571429
97f6a7139de936,ce68fbbe2a025e,0008c31a9be4a7,0.3793103448275862
1317fcd4bf6d61,397c356c6505a7,5ab4034f10f263,0.6896551724137931
2dd20e0d841897,0b18d8fe06a09a,b867ae7d8fcfef,0.23076923076923078
6e25ce44bf657d,6c37b009a4d805,4023f1f62549d2,0.6210526315789474
0653dc412f8c7f,3b2db3b4b3679a,1865ecd87505cf,0.4482758620689655
3e2338b079a016,7476849f6c6f71,1780c6730d61f7,0.75
62555373470ae2,8cc6c7ad8ed512,09291c583169d3,0.46153846153846156
c8e0e0832b68b5,d4658bcedc1fe0,d6dc719b173753,0.8241758241758241
59038993bd0539,8e9febea92fd04,185ecb881c5be6,0.8214285714285714
4c9e5452a4aa0d,d3b4518d4a9e03,1a3a0f874df547,0.7142857142857143
4f26bc0df01f7e,3a40dd68799c8b,bf79996527bceb,0.13793103448275862
1b3f4d13e27274,acd7872949ddbc,ad717b01384b45,0.8888888888888888
7b72776e58f5ea,4f5f113be223dd,6a825a47a0b8e2,0.3076923076923077
438589bd96eced,d7ca0bce25d5d2,a7254c8eb40d5b,0.07142857142857142
40a4caf10ff052,cb27ff7b69cce6,ef54bd1eee5788,0.32142857142857145
ee67528adbd863,4edbda7742c803,0be3a59ee24efc,0.2857142857142857
d49bdabee9b5a4,3f4a6268fed8f5,74576cb9dac47d,0.2857142857142857
c91061ccc2762f,7c72406ee79549,3178c80bb0c0d2,0.0
4475076781d12b,0a19ee0dcb893d,9ff6da9631b200,0.15384615384615385
98e4f27b22608a,1c92c7602ed2a0,48bd6137ba3fd0,0.3333333333333333
fba774f1318a20,2d94f02cd498b5,e8032b8361d783,0.07692307692307693
fad24ae4470310,da077f85c282d7,3e6534000151e1,0.3125
decfe95c166bc5,539a1f40abf263,b5bc077d208c77,0.25925925925925924
7c7662164c0eae,3eea33ef325bd8,e232b2c943496f,0.037037037037037035
62619b37a77715,9fbe8b4e21ace7,8106cdb2d54d3c,0.4583333333333333
756859a00d236d,1f10a2f63461f6,94580d99954e35,0.08421052631578947
e2bde5d8d71c4a,6163a9ff064d6c,e3309a3ffaa008,0.125
939ae3a8115908,e35e11752f46e5,8dccb2c4a2093b,0.25925925925925924
86ea5096d8a646,9bd9763534d58c,f85236b7675d72,0.47959183673469385
1025e39908ad80,4823adb705cbd5,74beae324ad212,0.7142857142857143
fc72b8e898cbdf,72ee83a21b149d,dcc6db7585e377,0.6785714285714286
963abfa0fc871b,6ef3ae16e69fcc,1443436b99ef10,0.8
fe02109356a2ce,54761609321a54,0a37603041fd1e,0.9574468085106383
cd97c01b4be3ec,67e66e4845ee4f,8337e2c8eb79b2,0.25
9abd5e460744ff,66d282425f0009,667039a13db2e4,0.45652173913043476
fdd8c3fb1b8455,ef7301cd2fedde,7ff7bad8dece27,0.2857142857142857
dcf1d2d70c5e65,30ca82d3e2846c,5c6bfcc834eb73,0.7037037037037037
59b39e38252c7a,e0dc5d46519dd8,a36c9fb828c71f,0.39285714285714285
d593715b8f22bc,5602a32ce2d343,f023f0e13fdd8d,0.43157894736842106
d5af10952ff685,f05c1c47e8eba7,2403c2fbca0b16,0.2391304347826087
af6a71198d38c4,0f3e786d8ad33d,0b78b970662101,0.15217391304347827
78e4bdd6b273e9,59f649225cee4a,03613136b837b7,0.75
5d36d68bf5cad6,24d22680f79f3c,d71a4b7477468f,0.23333333333333334
fda5b5c7672400,aa66b16ddbeed7,e232b2c943496f,0.5925925925925926
808e70599ca41c,38a5f86b8a6587,b4b55aa4add16c,0.037037037037037035
e8e66f221df857,9052d277bdeb61,1a698383cbace8,0.24489795918367346
8fb1a240bb5992,72ac5d9d8f3fd0,18d24508302492,0.9047619047619048
4150dc3ca553ba,98a2a58e1570a8,ebbabe12f74afa,0.875
5dc3bde0d2ed4c,84085db9d15429,6f29ddceecb98f,0.8846153846153846
fd40b253015ff4,c72a0b96143cc5,f11268ccc96005,0.5517241379310345
86cf1c5d041aee,a06e9df921331e,15b2eaa667e671,0.5555555555555556
f4509b43caf7e0,ec1f765b17e563,5fcfcbe7df20d1,0.12
cb77ca4f020a90,7b9bfadfb52bab,34abc1d2fc14f6,0.11538461538461539
e02b090a01d50f,343704d7c3afeb,aaff639fc4527e,0.7307692307692307
50f046f4f1e9e2,19c50aedc230d0,5912bc50226d68,0.9166666666666666
ed835bbaa22381,8e9e2bd21236d4,22811ac843e610,0.64
5c2910713810a9,cb5a92b365e328,f9ef2571d5df84,0.7037037037037037
f33c8274979939,5759af198cc6c2,747dd1ee6ff01c,0.7931034482758621
bc33974a81dc78,0800f453a7a42a,35391283d45e5e,0.7931034482758621
5af323a68c76b6,f0e42c6d1869d7,74076986b5caa5,0.5760869565217391
63619f937772ec,22c607758c78c3,8d02d16326bb65,0.8387096774193549
7361d8c9083058,0e2bed76bdbaad,f679ebed45c8cc,0.7142857142857143
2223a94856c14b,bbc26bd6785ddc,a8f27d2d51ed4f,0.7142857142857143
37e8040d258935,bdfc064ac6b444,23b073fcf384ef,0.422680412371134
cc6c125fa135be,286406f2d463dc,e9fda7d1bfff03,0.10204081632653061
ece5944ad87e32,699c44fba9b514,d0c61658660b78,0.8888888888888888
a7199e13aa2f86,a13c4c6aa2f812,fa8dc5b850beb1,0.5
aa80d3516517bd,8a0a6f259a2d2b,9f09fc73c5f380,0.3958333333333333
3e64d6f9afa934,23ef6fe3face71,8eb29ccdce3729,0.75
f7759481f4e0a2,56f9fc0897ba0d,92a21cfeb3f758,0.8571428571428571
c610b9ae896d16,2abc02f5e04bd5,c9227c2cc89afb,0.8571428571428571
687295aeae3fef,e69fae6eaad51f,b329b450f02bd2,0.7083333333333334
a8a9dd0dc7d39f,4d7a9e406cf932,f28e01b169299a,0.6923076923076923
4d46605ce1da87,a02923423ed6b8,b585e4d24b0da5,0.8
6ea902dd7e4dcb,b0e32daff55378,c581f24c67145b,0.4444444444444444
fa278f61bf1370,2e0b22fb17c56f,1b171fda6c6620,0.19148936170212766
1a8fca664fe090,3ef2d38f42901e,a9349032d4b314,0.6666666666666666
9f38e3d9144b9c,f01c612f585d06,b5f70d6af4f7cd,0.5357142857142857
3be4b92cb12ccf,44b9426c9ff2a3,bfb21047c28a2e,0.3191489361702128
e8e0d6a6f2dc2f,939cdb581e7516,1fa87f4a0d541f,0.4074074074074074
a2510a262cb719,9d4e2dabfad710,b6437d814320bd,0.07692307692307693
474d5ae2bf7a02,f4e603b81ea036,5ce058c95a9abe,0.4666666666666667
1af7bad1cb2827,010988077df0e5,c23de17e8afa08,0.9629629629629629
a5a4c4009c3cd4,51fd6016e0b93a,168a4d05dcb4cf,0.5652173913043478
f11754419ba1f7,75b04631b6f9c9,b5807030fb4c2c,0.5164835164835165
1cb068b1145048,da267fa8312bae,8c3f1d8d9a1d2f,0.0
c5a97c99425427,"3,87E+13",ee8569928ebf95,0.3469387755102041
145679c202d85a,3e6969b663887d,e8eb78e621d900,0.6923076923076923
96df7f20d3dec8,c725da114f3819,914ffe2947c62b,0.15217391304347827
d81a667d08098c,9c5fcd3ac43d08,dad29772da0d9f,0.2916666666666667
5d497cb6b5d15d,cc31736f6a04bf,5f13e6719e1d2c,0.5434782608695652
8c178a42b041a2,99cd6c2327354b,cdc2d79a9aeb95,0.8571428571428571
81f727e0f896f6,f6bf29b4a8375e,5ee17cf3728ffd,0.625
4c9124113a9182,80dd4d509333e3,ec9a862c63ca83,0.9285714285714286
0a82bccd3d6a18,9d62628a324b13,91048be06dd636,0.08333333333333333
39a17f867dafa4,60d4d752c5139b,93545b67446267,0.32
b20e6f12588097,a4d33f2e1c114e,d522796cb0c042,0.8846153846153846
bdc1641e3f3530,8530547b7be9f1,0010cc33013cbc,0.9578947368421052
f7437b49f4ea3c,121f1aba3f1802,c55166ddf24648,0.06382978723404255
0cf8198d91c1fc,03fbb14d37aadb,2b6ae331bfda82,0.9629629629629629
ad13fa20c44343,c5cd97da8d363c,f9d96b3ca4827d,0.038461538461538464
a5766cc7cefd7c,ef32a62d65fecd,51ea1b5479fe2c,0.574468085106383
349697b40f0698,ff78f45c62726c,2ac8cab4494a2d,0.7931034482758621
c9a9293ae857ac,4a15705520a3b7,3318467991d2d6,0.3448275862068966
0cd0bff45882e4,281c7f590f25d9,375da42037a862,0.6296296296296297
f4bfe15d929c17,cbe7b6f43c9ab9,4c4de78846928b,0.9230769230769231
0889c2c4043f15,770d7020f5df76,5431a081688693,0.0
344b35dfac39b3,cf0f27cb85afd2,8f868031b3ad82,0.7333333333333333
2e924838385f53,fc42b53527c97e,2fb47dbc8a0128,0.07142857142857142
ba5c5f44e4f0d1,ebbd193b7c234b,35c56946da74a4,0.9166666666666666
11e6cbc536f59b,15c7eab77707d3,bf7e0d35964077,0.6105263157894737
66a87f64aa6643,3a5f77817a4828,cd524454eab267,0.3958333333333333
9e68e069c6cb64,26d131daf25120,a593ed69079aaf,0.3541666666666667
2971d1af3e0512,61910c64590e86,8b20b4482d5729,0.9693877551020408
59c7cf9038d230,6f855d2380c390,aa1c80e83afd8a,0.04
dcdc1edb51f96a,569a59cc5d6a70,34b43850056b41,0.3333333333333333
07abda2a844e32,07620c6acac3aa,dfbc233218786f,0.4842105263157895
0a4fc4c5f30cf0,5779b6aa239f65,219fe2d20c13ec,0.0
9741a7f77fbe40,2ffba0334a8d16,b9c8f5442f9989,0.4148936170212766
78c078463de973,6e34d6d1b7293b,f7908b21f86a6e,0.4945054945054945
ef9a94ee0af177,47615a18299c77,c7ea5b10ae3340,0.7010309278350515
02330c5015d705,269e4cecf2ac7a,b3324d8aa628d0,0.6382978723404256
02c3c1fd80046e,ffe63871f1ca0a,1f17560e0e0772,0.4945054945054945
5a48bba2ae28a5,32b4781d516c07,a1d32be217d6ae,0.8222222222222222
a6d64d90c988b3,0f644d1b9d8641,991584c1e57fbf,0.5555555555555556
5718f6cc3c9a89,a9f8d6d0a71334,ee32d8156ee9fc,0.13793103448275862
690c480358cb15,fb6bf6141b87d7,c5bbdd15c6454a,0.27586206896551724
c83b694e3f62f3,7623b7f479a9cb,b0ea77be9769ce,0.4
bafd22ffc32ae9,ef3fbad995e0c1,7d034d928a1a44,0.8350515463917526
f8371c664b825f,a72233ab27249e,98175d61bc23bd,0.40425531914893614
d4141608788cc6,b174cae5064e1e,56b26a08a1d3f1,0.20833333333333334
43b0327a76f14a,0c35183ed80d95,6f529d7929981d,0.0
2ee653f46f0f54,4743bc4a135b4a,da18e8a0f15eb0,0.0
5886ccae5eb994,84c2d64486dd95,f80937fffecb7c,0.2413793103448276
03efa3c6ef126f,b2834b1380052e,07de0870790fdb,0.25925925925925924
6608c056827c35,36b605db0ffc5b,653e9e748a5db2,0.52
b270be53662ca6,2b7c1c8dd1b8a5,70440341791fc3,0.7692307692307693
dea3416ad68f98,a5e41124745ab6,b76871588eda66,0.9259259259259259
3aae4c8f166c6a,894568e1462d75,89468be492ef97,0.8936170212765957
a2101fd94ae108,9b0834ee8182d8,05ee6f2fd1c02b,0.3448275862068966
34a223bf55f3a4,cee7e22ed14813,912cf6fa1fe0eb,0.04081632653061224
6ce111e2eb3ac5,e4f30d76581dfd,ebad9775a1426e,0.6774193548387096
3006f4da5711c6,499f6ec0cd3451,c7ea5b10ae3340,0.27835051546391754
6ad026e445518f,fd403e6b410a74,606c9d85161243,0.28
22be3c1fa9ce82,a21e3fc08490bb,733aa4089bd0ad,0.8571428571428571
b6c2d9e3546feb,15abc50baf5538,756ded8b5a4349,0.851063829787234
9c3b8da93b06bb,d8034057e39dae,914d9cd6f7299f,0.875
06484c2538e08d,8b3e523bd70038,827faf2195abe7,0.9285714285714286
7a8f069480a375,dffe86d3083fb7,ed9b6e1f35f939,0.9166666666666666
1d0d6d50af5c22,b66d90a9fc2806,66866b00f79fab,0.21649484536082475
081922c235d5d5,03f83fce9803db,b1e8cf0530d956,0.7692307692307693
937d02c70a12b5,9c20720beb2cc1,5120b38595d54d,0.18518518518518517
91720868ed2d89,315efa50d2197d,67be8054131a2b,0.5769230769230769
99cfe2ccfefbd7,16448e8f8e0574,d3d1e7ec69fa0c,0.6333333333333333
a839692f9e0779,4d55908c960bd8,400d73ee6d741c,0.0
3520ee9c146de2,482ebbad9f107d,36592630fc262a,0.6226415094339622
87b9f7125f3516,b0dd5b43bd876c,13cc1aeb7f9262,0.875
6b50cc39608202,ea4c830bca4cb4,6876f4dd34824a,0.34615384615384615
1f871a836d9211,cefe63e1208a62,86bfaaf50ecd14,0.5555555555555556
6753c6a81cead3,f34383679ed3da,b5c93024d64759,0.5714285714285714
01c46ee337c0b7,ab349027138e10,49dddb6de55b40,0.5416666666666666
ff1648284448bd,8435d6b92da550,1149813bb00c26,0.41379310344827586
cb818a72719026,9b781b896253a4,fe9577e5aeb1ff,0.4897959183673469
b3af955cfd88ec,9cb68987c3a177,48428bb199d966,0.9183673469387755
189dce253eabd1,e8420de23805d6,4e93e8c061c308,0.851063829787234
7d6b509105e037,c6f66985af68d9,581825c0271e3c,0.16
3614fbc457235c,329c97160459ec,6984f262b97112,0.46153846153846156
195fd848078033,331c774fd3cff8,034d1d0fb14c93,0.1111111111111111
359686c89142cc,6d4fd9bee1d136,e9c9ccbbfa76d7,0.2222222222222222
f56cd3f617ea94,88cdac86c21d09,0f8d1df9165734,0.6296296296296297
25939f67c39e45,d3f1f27016e62f,498b3334f622e4,0.23076923076923078
cb9231f8ac5b80,1f245e2da9b295,7d01e920ea3aa9,0.11363636363636363
f8b3b3b8441528,376087b0ef48ec,f2458affbb4ff7,0.36
74480c6fba4673,99c7ad96e7f303,1f070a452eaead,0.010526315789473684
120c0e621754f5,f453dac07137b0,a0c090b1826637,0.9259259259259259
a26555066c6974,73b4b5dbbb400b,96ca1f72dd4a68,0.25
26d1b6d7fcb14e,b7641618cc57f0,dc89a79555eacc,0.2222222222222222
d794d6dde8a24f,ee88c642a92fba,1d90263b4865c0,0.4787234042553192
ed4704ced534fa,9eceb9693f5f13,f0ff554a3b88d4,0.5
d118ef82d9d860,e648c9430087c0,d028d62c412644,0.10344827586206896
21301e73523050,2aa6a28f40cc62,30801128ccdb28,0.3448275862068966
d62de9f29183ea,302196e4b51503,49fa1ac4e79e00,0.1111111111111111
2f457d945eb520,94104a9a9e9b97,098020a813f541,0.5
21e46027d3a471,361cc4d9a8d229,0f1f5207153abc,0.5106382978723404
bc0befb32190a2,1fadcb0ba651cd,aaff639fc4527e,0.4230769230769231
915822f40ad6e8,c8d76635ceeab3,ecf18f9172a6eb,0.8297872340425532
cf64325acd0ba8,8ed27b8ea667e6,117203aa8de3a3,0.19791666666666666
2e745811ca05d7,a48bd009206e70,cce8aacd7210ab,0.10714285714285714
816a0b841d4c0f,b5c8363631eb25,d8c6f1df6883fc,0.39285714285714285
7291dc381dabd7,2987754b656ad0,493829095b3c57,0.1111111111111111
53eb270c710259,d9edbaafdc992b,c20aa66fa210d5,0.6956521739130435
318ae3df3afdd4,db8164a59dd955,7c62858ba0f09c,0.5862068965517241
5e14eded2315cb,67da314a49ee3d,6ae3180a53989d,0.5376344086021505
2a71876f5e36b6,d36dd6a2e04824,e7e14859f1b4ca,0.2127659574468085
64b699a01555f3,3ad54da452e72e,52f989eef164f6,0.2857142857142857
3f59c231700d59,464dd035263ed5,d54a6310c1cdaa,0.7083333333333334
d86f035225ad5e,7d7fa026e457b4,99d84f0041bd03,0.7307692307692307
f99ed6105c66b4,db45dfb69c269a,4b824e87a4fab0,0.1702127659574468
f8203912f7d6eb,22423f57f082ca,c599d5e3c104c3,0.24742268041237114
76e8dfe23466be,7874d24407c985,d82aca02e42174,0.010638297872340425
bfe211deb42c01,da16a05f65b172,41a6d6b0df4fb0,0.5612244897959183
3797907f0be27e,0d0d751ef77b1f,699871b357e4fc,0.7368421052631579
46734b8769fb68,2575868b50de36,84bf0aaa2b006e,0.26595744680851063
c00d0ce3f2f9ac,077b8a42e70813,3c84b31d14bd00,0.875
57e0f395b2ec08,d634ea34f161d7,e1409923aa94b6,0.9032258064516129
0cfd167f82ed11,142c83d4f8d594,b2eb6560e940ca,0.2962962962962963
6df05c3960a223,7129e024c5b030,c6edaa8f2e55c6,0.24
47dbff42477a27,5e8bcd843986fd,4ea1702676434e,0.9230769230769231
9fc2971ff74704,a2e30f63df58a1,cc64a2aa6ab317,0.10638297872340426
578df1be13664b,c3301ac290d2ac,c2adac57a31227,0.5925925925925926
27f52ac3a09e81,59adfd1dc80943,b05af460c4da83,0.574468085106383
1ae95a9d3e8948,080be1d0658db7,44473e6be9cc28,0.9361702127659575
c7251783149ac3,c340562e89b956,7f8dd617647f56,0.64
91b942511c6132,0b3c9878e01dcf,4ba6496624133d,0.11827956989247312
7d8a59a1e3c7cb,25f06280e038ac,598da5a0881bd8,0.7291666666666666
7623d72afe72da,77e1c307988b0e,34631a8b26e23f,0.625
dcc3af15785843,12707421806c13,5031575b7ff0c0,0.25
18ff02e5f8b682,16701125f10949,b2671a72351e5f,0.5
588b0e86e66421,5b6abdf9f035f0,8c46296c4a74ce,0.8148148148148148
5bd648dee8b017,40a588005c8579,05e64419782536,0.9166666666666666
4225cf47d4e351,7b09bac12fa623,ecb92e7efb52ce,0.44
cf2a1a73d0c658,c88d8fc693ae2c,b2cc5f423865e6,0.6914893617021277
89e72969341eaf,1ae807c1191e75,783b38a6251e93,0.04081632653061224
f84f95e6c26b6d,6ad395b729f6da,c593e2e0b8759c,0.41379310344827586
1ae3ae1398b9ab,b00abda96c7a5d,c6f1ebb8079f88,0.3877551020408163
83a29d2168bb91,8e0aca45f77907,378196c57e373e,0.10638297872340426
1dbaf1be1b6983,63bec382426090,e9b85cccd3b647,0.88
e314a87f936102,ff9c7b11c9ff2c,378966fc357ecc,0.40425531914893614
255cf0e155ac0a,69ee0636167c4e,4d1f8fd4c33b53,0.021739130434782608
e6462fdb69b169,0e4804ef196092,f04b06944d1772,0.8518518518518519
a5dd8f8d029916,02d1e0f4310e31,2ca9c4a60bd32f,0.5106382978723404
c72316803e0793,b5d7884d569384,7e97580cf9ea79,0.7291666666666666
bdff4778951f7e,41fc0c8ff398a6,65421eb83055a2,0.2692307692307692
86e7cc2676e4ad,ab3ac165947eb9,7e529dabf17ca1,0.5263157894736842
32e8c3e0371c7c,06308b34588b14,d042e904233cd9,0.9574468085106383
b1facc3dbcc343,324e59a9cd715e,83545b23e20706,0.32
a8b2b3a826e5e0,67766d5a75e1af,fb5dd80325cf47,0.3076923076923077
27366900f4322b,9bc5f8ba4982b5,16ecc43b06afc9,0.3877551020408163
06b192439b7c8c,8c41e128dce121,a367e79509666f,0.8148148148148148
18825a570d832d,09dd3e395ccd6c,947f32fc78d45c,0.3333333333333333
6f594e3f2ff6eb,f71eee46d22abd,cbd702bca455f0,0.5
021efd2ac4fd1b,a59af608310cc9,505c30905ebcd1,0.9583333333333334
341ee11c815069,d5b0214a570522,7bcb35cec44773,0.21428571428571427
7af07670f73bcc,42e3f11643a773,07ab0f47df4ad6,0.8125
ec9651303733af,1531fe8eaa99e4,739a81444ba364,0.1111111111111111
545f7828df5121,f48641d0939dea,9ef87871230008,0.10714285714285714
3207c8eb4b8cb4,49ae26abe5a898,eba341b1bcbb23,0.45652173913043476
6676aec5cea260,1631c3b4cb8b0b,66f31c0dd1addf,0.3877551020408163
b6c2d4a3a5a0dc,a6a83aab896bc7,45e0910805d37f,0.3191489361702128
bf7732d1b03d80,1a14a64c230671,52ea9f2d95ccf6,0.8518518518518519
54d9441c735c13,4e34cdc54e71c0,f261b4a79dd63a,0.1111111111111111
8accb3e1b783bb,4da66fd0b88fa2,73f3677394a7b1,0.9230769230769231
db97afb52a1c4a,2117c1807f0a7d,e0e451135ff486,0.5555555555555556
de04c0d037790f,f920a3deea6196,3350963cffae27,0.13793103448275862
e1f9a1c64a9d7f,c1da2e70a781cc,3469d85933c049,0.8367346938775511
aa7cd8b46e9707,230a277ae2c296,66ce6bc4a39189,0.8571428571428571
7a92b8e4e26288,bdd1ecdc05fc7b,db36546a7a7c91,0.8541666666666666
e05f54a5e0145a,87838486ddd95d,05e19ab0b2db6e,0.2727272727272727
ab34f347046c3b,21926e069f1d7a,9933355a385684,0.8888888888888888
1bf84ddb387bd7,278d7bba518a6d,8dc959767ba374,0.1724137931034483
8a0123e334c21e,6067b06233152d,1ebb1751751f1c,0.7142857142857143
47b6c2455f7d3a,8df9543326f2da,4bf9bfc334ac4d,0.5268817204301075
057479d51aa230,90db3a52138970,e5beef7699d755,0.1724137931034483
"5,70E+13",e0bb47b912bc96,c470afcc6306d9,0.8518518518518519
85b50c2c4f3074,b1bd331eec8a98,b582885dc3f464,0.125
b850783ad5f23e,264e4bf743eea9,bb0b97e7f6a97f,0.4166666666666667
6bcacb82c73cf1,1c40e391cd56bd,7dbbb6ff1b35b4,0.9157894736842105
a7bbf585e40070,026d5cf983465a,482b1c37163a17,0.38461538461538464
b780d25e395d73,97d3dedd8c04ba,c0cde88a75f2ae,0.3793103448275862
86e725a8beb01a,06e161568b2417,3c7e4b1dac93ba,0.16666666666666666
62bf88994abcb9,56743e992cc852,7e4a127a1a514d,0.48
aa90232b0cd40e,affffdd91242d9,9eb50667aa912a,0.24
9054a7419ff392,045de736f1ff38,3770b2d888d6c7,0.3673469387755102
c9e03b27e58c4e,f201bace9f517c,57ccd04093138d,0.7916666666666666
a75ac0aea6b4a9,3d228b0047395b,f867d92ea7423f,0.30434782608695654
459c7196b62aad,0f63da2fbda3e9,9239223266a9a3,0.1702127659574468
96f5b94d571693,9539421ad88315,8576ac01f511c6,0.2978723404255319
c84c244075be29,51275cdfedcce0,a93787c5edc333,0.2
a7f40332513d0b,52bfdec9cd160a,5c0286a571d6cd,0.7692307692307693
32ba0fb59d632c,e8057489b36a2f,2f893d76c681d5,0.3163265306122449
17d45a26d00740,9a8a14e21b792a,ef26ec284ef443,0.40425531914893614
fe7d3a44f2af38,833743d6924571,d80ec08ae34dd6,0.76
49bbd0f1a6f24b,c46889a4b45377,ef634de05a16c4,0.03571428571428571
e4b97bf8b433b1,408ac3fbec5187,bb48da588cf9a9,0.2857142857142857
3f0b90cc356b01,91d2ad30b42fbf,a6080a557f2307,0.0
7d11ef713c5c27,a41853b6eb210c,4dbe79fad4995f,0.34615384615384615
515be2aab8eb52,234c789d4191e2,94e1c58607a934,0.9375
9388bce208d872,9be9f350adc0ab,d6d0394137c4fc,0.6153846153846154
48187173b0cbf1,cd43f23056575b,c9dd1a3ebcba01,0.8888888888888888
2ca8100656c8ee,7c4b4f6f34dd4a,36a8c99829130f,0.4166666666666667
0352148c6d1b8c,962b43df771f9c,66b3400c516861,0.2857142857142857
0258a0d200744a,23967db7857543,4c923767df5e77,0.2692307692307692
0ade9f775972c0,f21a339196e8e7,2c7bdc27c15b4a,0.42857142857142855
ea3c52f0dca2a7,4ce50a34aaa57c,8ba5866b9c962c,0.32653061224489793
0fecf5ce007f77,8e85f697cad204,59eecd3cc044de,0.9310344827586207
12eb23a56ce009,2d933b41661dbe,75de382b48d005,0.43478260869565216
931e1ac4118b4a,ff9463ee02cdb5,ac76445d681c6e,0.8555555555555555
fef3a59401f832,dabce569b36a91,9fcf4d0c3bf3e5,0.76
bd1f1130df4bc1,67b95148eb8b45,c7f7f38cf7e668,0.5578947368421052
2cedaaf00c1e27,97e5224e79d694,625c9a6be7aa23,0.8571428571428571
b77424dad6c3d4,ff43e5a893446f,edd83eb6536895,0.35714285714285715
1a62c0be66f350,8ad37786410a17,6d287e43552234,0.7446808510638298
411751e608071f,8b066c5a3d0dd6,6345226586f597,0.8297872340425532
6ef80f1e7d6c44,ecf85c09efcc0e,bb6a9bcdd047b3,0.4642857142857143
f04f4a90203b65,baa7b47a08379c,94c89f66f7a1cf,0.9629629629629629
e02f41fe825f7d,67dbd81bad0fef,c678f1a0a35f01,0.020833333333333332
2c85b135066f19,586075c2189dd3,fbcfcb833d6c40,0.9069767441860465
f880bdb994fc09,adccd1ea47781b,05af4ef607d7d2,0.7857142857142857
0ae7589af869a1,966d4545dd3a14,6e270f2a2009ec,0.3125
26fd17ad6ba1ea,30241097ae318e,e56f8c44069867,0.2857142857142857
8ed76ac12958fe,a171b70d235b60,8887d40693f749,0.29411764705882354
a56b0ece6a3101,12198ae7c4c63f,b54749a5a4bf9c,0.9166666666666666
4c38f03ea7b6b8,1a4cc3810b49b1,9d2fea181ff2f5,0.39285714285714285
12e36fbd234a96,983834cbd820ea,b4496596638643,0.6666666666666666
d69d12481aa018,a54c70e5b40b8a,32c80f684bb31c,0.84375
5283bb25fd0733,8898d1ffcc5b68,8349008af4fdf2,0.4375
caa5cbc9592539,193e775315adb4,0ef6adf6ccc72c,0.39285714285714285
7282588975330e,f41caac3e8c046,4f07e48001d8a3,0.8846153846153846
faa1245de09d19,061bfdf6e82e56,8632f06053bdf0,0.75
b11880b37a0225,8a57a0c26cb96d,932f65a4619652,0.2692307692307692
44272acf312b7b,1e0fdb842c7620,dfcd1044b4c7d0,0.19230769230769232
a4e11be566bc05,2d264da1157ac8,35517c833809df,0.0
59420b1ed9e20b,423ca3d8c26152,53dcca94586099,0.0
5c290b1df33c64,97d7f04344d422,22f4e075c16eec,0.5555555555555556
c8e4f5d30e53a4,4183b51a171691,405c335bde6995,0.2916666666666667
a53c9775cb4592,5a79768b8a6d54,d1a9a314267654,0.6494845360824743
06c69e6fab401a,66414550f20edc,b643d6545f6441,0.20833333333333334
ddf2fc306501b9,6301bea64d31ca,6e8ccc021b7bde,0.3191489361702128
9baf3f44763405,c3b99e0c12aa73,5e48246b58f87a,0.6666666666666666
2987a32317f8b5,2c7bfa6c80b185,fccbcc3b1147e8,0.8202247191011236
a764f832c39963,1fc1ba9cfd1b0b,097b3bccdd8c73,0.8928571428571429
369cb4070644be,cf0a99e7fa83c6,5eecb3996d2cda,0.7777777777777778
824d0702242b1a,172492234ff915,53d08b32ad6dc9,0.6956521739130435
64a87be4aa22fc,7c5ee69f16f905,c0a100448a2f9f,0.8125
ab730dd4ccef88,fba57bf6f13ddd,882062dcc2bb37,0.5
a482ae8c09b39b,008c61c25d066e,5e169cc8ce79d2,0.7282608695652174
1b0c3c7faf5633,03fdf6240f70cf,04551af44a8356,0.8125
373b475fb6a54e,037cc79ef50c87,028393f2d63142,0.46153846153846156
cf62a43b99b343,c78c7b862f07d3,1ef5579d62f3d8,0.48148148148148145
08d5a279dab6c2,20f64b12a88ef0,9c7bdc07fbe41d,0.38461538461538464
04ace6399558ec,baf4bda70471e4,4ee264ff6b1bb9,0.8297872340425532
b800169eaddc3d,5bd3c429f0629b,55f40bd6642544,0.20689655172413793
93ac67923cf8ca,cd3250cd8f12e7,32fd9ea19d0d0b,0.8461538461538461
cb7545c7008aa2,843651600170f7,087b65faf81504,0.2857142857142857
59cf9430156590,ed314f2776295f,fcb2e379fbe527,0.6
bbc0378ffa7986,4e25f945f6f5c5,801d9843d99d19,0.4838709677419355
d8e2d7edc33ba2,6f2ce86b29f21c,a36fb9d93dc03e,0.2708333333333333
744d723694a9a2,bd924d22d9116f,f615ea5bec58d4,0.25
431b4847064cb0,89d207ac68edc4,748bb174650e9f,0.723404255319149
3c39fe0258aa92,c0adc9bc85ca9b,6401ceeaec0ab1,0.64
ee3c9314966fcc,ad6db4fd4470b5,b3bb68f20da79a,0.02127659574468085
309bf9dcad8ccf,d9a005e6923c38,38114e2eb9334e,0.6382978723404256
75175a1ac72df2,33269bf42b4670,1f44d9459a3862,0.7142857142857143
e21ea1e8e4073c,69eb9ba2559321,1e2634450be3bb,0.4782608695652174
0218f76d6a7ed9,604bee68de775a,6d2eca185487ee,0.8648648648648649
ccc9f92dd85c7c,ac549dd49bb776,cb6474de2f4c88,0.23404255319148937
0169dea78eb5fd,372aee730a100a,7bd912faf5eb3d,0.5862068965517241
36cef5f6720f6f,391110701c49ee,7039ed3937949b,0.76
ccaab215e78821,35360f6348d248,a36eefb8a35576,0.3191489361702128
c69979dec50052,6c47a900639da8,5d0e349970a1df,0.6
f39e64f8bd48d9,e52a2ee3a436df,de87e5d4abbae1,0.75
bdad5a0484826a,b238a27d97012a,5d6d05196aeac6,0.45652173913043476
a1c880745d06b9,1cc7dfcfb1bfc2,1e098c1e009942,0.43902439024390244
49dcb29add1e62,a4800c9802e9bd,"9,91E+13",0.15306122448979592
cc192754c02c07,fef02280f1d59e,dc76ae0064fa12,0.6458333333333334
f06d6f44577824,db5baf60fa1df7,e6532dc3666a7d,0.7448979591836735
677712f4253dcc,609fe007e5a77a,8c9b98de6b7894,0.7311827956989247
8ff9a999edceac,fbd57dd7c0947b,5a953c492bbf23,1.0
29f4f5016ce874,b7720b9e5aef23,d08cdb0a6fe4a1,0.7934782608695652
5aa80e247c1f41,c36b39c637d904,6ccb5fc749d16f,0.4444444444444444
e2b48c11371bbd,047e679132e8dc,580943558092b9,0.03571428571428571
7e4ead093506f6,680c5ba879757b,9acccbbc800c54,0.7083333333333334
49f80b594b99ca,0b559c2fbcb67b,4ae1b20731215b,0.9777777777777777
9831b10cc9cafb,3c21ad74ba78c0,3f6517ebd1057a,0.12
0e4e31b9e90ab7,193e0a69ea4459,fb42b0fefc591b,0.7666666666666667
09953ec5e1c4be,dc3590ac6177b9,0a67756b8cef4d,0.9285714285714286
cdafc5e31043d1,b1ae496e23dc53,582ca46e5dccda,0.14893617021276595
ea04849db3e7ee,7370e22599fc51,8b0b004b6d1ae2,0.13793103448275862
3f0a1dad967b80,fd4874527828ff,fcc818f8170883,0.5306122448979592
2711de0556d455,68ada8f7365fa0,5c6f079539f0a0,0.0
1d6054f0294474,95c74cd6b97d4a,a2b2c5eaa1f6c4,0.7241379310344828
fcf262bbb9657d,5fe95a94a528be,0098ae47420bde,0.4
7c327928d56699,f1c324663989c3,35229b7e99cb23,0.25
2c1b64d0c43321,05f59ccb39dc99,622b21e799e993,0.41379310344827586
cbd8fa4d7b6661,3a2fe9b8ce9884,f6371dc415769f,0.6296296296296297
faf0ca3b31d690,34a2a2a91e09ed,c86da9b0ed8b99,0.8148148148148148
9003abf966ea5b,af091445a6ce24,d6043d1aec9507,0.7422680412371134
275ebf17bdce6a,60cb331b4385aa,65421eb83055a2,0.5769230769230769
55eb5f38e20bf6,920cc27cc6af21,ead665948c330c,0.08
86b25be666df64,9115eeaa00511d,a41794ad25519a,0.34782608695652173
51f01d3611bc92,b283c6b6257a05,a67d15168177da,0.25
50fb3b4b290660,873c62b1617ba0,551baef3ac5d3f,0.7368421052631579
6dd97a7eae91ab,9cef1d89c67156,ef875b7cf986c1,0.4230769230769231
eb8eb686e39f7a,a7bb7d59707160,cf71bee80f305f,0.6521739130434783
8d88c778f0f633,bce09dcb7ef280,a99f9ff16f4b36,0.8571428571428571
33383297bd910b,1b761702329646,56838d99b7ab30,0.75
07689f33d7b22e,e3e614b00df410,5a953c492bbf23,0.5714285714285714
4452a52f9a1c17,3a10000460164f,087f677ad51b42,0.06666666666666667
b25b51e63b493c,85ce2899db9956,e4b2bcea1d33b3,0.17857142857142858
e756ddf3b2253d,9b3e00f6121758,e571e972002435,0.7551020408163265
ab098de22f4aab,c7536605e16807,fe59bb8d37f115,0.7586206896551724
7023c6890be812,3fa70ebcdb37cf,f1a8519ca8def5,0.9230769230769231
28d482ccf6c717,f692ded58dba09,59d9a385743059,0.0425531914893617
3c5179b53a9754,b9434e210407df,88057c6f72f766,0.35714285714285715
ec308ee94ed1ea,87e58258f472ec,b57efb73b3c5a9,0.8846153846153846
b4820d6279e272,a95745f36aab15,ded3ba76112ab2,0.10416666666666667
fd4668ab524705,c7314191ae2c61,4a0b7776298f3f,0.3448275862068966
2b3448d4d79066,ac73dfaacc95d1,bab644ea74d54b,0.1724137931034483
51157aa48e71e5,02b8c84d36f838,a546cb83adc3df,0.4536082474226804
02d2deb9067fdb,816cf0a7c06694,61d9496cf6f271,0.8541666666666666
454928fdfd3c03,53ebd968cfd605,8bbabb3d5c1a7b,0.2857142857142857
83a124f82a48ea,64fbb7dbc05ad1,3cd1e9c984f133,0.07407407407407407
3c2658bddf7e30,26cfdd02ab00d5,90ad0d83293075,0.021052631578947368
14c42631d60849,f1d87f38e6ae9d,d2f523e08e7acd,0.8846153846153846
63f744dbd7a9d8,34d63a11fdeb80,1b010a59b7a1b8,0.037037037037037035
d60be6d5735989,36c0d420527484,0f496497ea2420,0.38461538461538464
b2e3f6db1e16c8,097f67d4f4ad0e,7f2d7ab1e86430,0.5833333333333334
9c721177a69c18,5779e4c8f9119c,48bc981e8b9291,0.8913043478260869
7792b8c39791cf,1ba248c674be0b,53ad4b59c67d8e,0.2826086956521739
6c31af2970f0a2,913a992de1569f,2b022cfc73c1f2,0.42857142857142855
3d1b10519bea3a,0faf1effabf8fa,062aa0715f02f6,0.8541666666666666
5372594066a301,eb3443b927af22,2b6092bc609f9d,0.10344827586206896
68bd4d608591b0,be38590e784f70,7be82d22e12dac,0.8936170212765957
462cece2d44944,0626f9103c2d55,76e2217460e6b1,0.2692307692307692
68e0cf4933199f,86983d3a32c965,82db67049acf16,0.13636363636363635
e0d5c64d7fd5cb,e1871cbd33971d,b536a8f272de7f,0.3076923076923077
bedf4db22a4343,a57de9a66c0dbf,909365f44f8b4f,0.8846153846153846
f5eb2753af7562,eda13e493d92b1,e7040a7c763fe6,0.8163265306122449
77ecec5e3e38b2,e5d7cb53fbc424,313843dba08d97,0.9347826086956522
9e0079ce032272,c88067dc43cb66,98cb79d7370e02,0.7777777777777778
a7b49989575f7d,57699510515ff7,169358156bb547,0.7604166666666666
c6d2b7c7252fa9,cf0630e6b14d75,a18821733ec6c5,0.13793103448275862
eb9f3de0a99032,16bb907d216e79,6b973ee1d6ca7f,0.34615384615384615
87ffb7998a1af8,535e9e759ad65a,2d556e1f885b01,0.4375
5f0be811799f94,ee7d932356269e,875f771a51bcf7,0.10204081632653061
07fe1990450f6f,c7564c0e7e918a,8f6fa5b299c582,0.1134020618556701
bb0a24161b3d9f,ffb0053a7727d1,af3edd5120c247,0.4444444444444444
600710ac7ea5b4,08adcc78669723,0a665c7c1d70e1,0.6666666666666666
3dbea26367f73a,2ee72e386a880a,d1d2d705c41ec7,0.8461538461538461
6670d2a462a1b7,c07bc65319c744,08a6bbf74ea31b,0.5306122448979592
bfdd0e21407c54,57115f5ee3e674,451e791ac29bbe,0.18840579710144928
5ee70c9339194f,3e0ab8ac1c5f4a,61b2e9366d3c6c,0.7857142857142857
bd2de20ae18149,ac424dc8be2e89,95f5246701eeea,0.3829787234042553
0ec37db291afad,f1617a21b8c8ec,be651d9bd0d83d,0.8571428571428571
cc6b37105ee804,af6f05fae4a587,1fe940214a94be,0.9230769230769231
dbef9e374bfe1e,443a84f1778eac,32c92494cad43a,0.8076923076923077
303cebe6af0d6a,75ca9f8a6bbd7c,51cfc4bed06593,0.6304347826086957
43b16427721d56,6117327eb8d286,641d37b392a0ab,0.7608695652173914
33b1032ab471d1,29a6619f9829c3,ad7a61dde4ff6d,0.6041666666666666
3edcf2c83f8ade,786088d3c426f8,8747bada552f68,0.0
e4f463fdb711a2,65a70d92743cc2,20e8584d2499e7,0.19148936170212766
f98a7cf668e2e8,089a7f481d4aa0,1de5f6a72a03bf,0.15217391304347827
bde21c4f6f30c8,97ba3f5476fd09,5cdc652d582187,0.5185185185185185
8de4d2d8ac9418,b6655c73b50571,b408c11beb3a4f,0.3368421052631579
a57b0d088d5a17,4540908b349666,885a2d8058cea7,0.6551724137931034
0d3c3b7dc1ef8b,0205d2457423ca,5eedfe7053fb86,0.7083333333333334
7c2ca13a50608f,5e83914abc4471,7e18d6965d0031,0.5609756097560976
0dc9912342db5e,b501c545a34a72,ea0f85b4c21198,0.8045977011494253
773d24e594aa9a,789ccd17a850a9,6146e8636e12e5,0.037037037037037035
923ea3817ac50b,dd44f45d33abe5,08a6a2f28d3711,0.3076923076923077
a31090fb6f0b31,e42b668c061c53,593131f204cd4d,0.9318181818181818
61d55d895c7843,0fa7f6a8f7f107,8d37383ab1b71c,0.96
2e282f0e2ac3fc,cd0b6e5ffcf1cc,273db788824cf5,0.037037037037037035
c0fe75dc94f198,f7a05d920e22a4,b56a43487c8638,0.5319148936170213
909c13012f61e8,643233eb24facc,c548a4c5bcfd3c,0.2962962962962963
afb58828a26ca0,d28778458d0ccf,7c3662dc58e207,0.9361702127659575
7aff9b9d4b811d,e224a5b247b535,fe8566d572e200,0.7777777777777778
ac5c3913534de0,9643abc4d3ce8f,8a0bb5e73df4ce,0.2608695652173913
0564a1b027f40c,cb86d765f8e259,5f1e74a7319400,0.6021505376344086
a4e772a0df6555,2b8df6dd781a45,f820717f8246d9,0.5952380952380952
d877403cd7c127,de5015b1df0438,98c86c733399a8,0.5714285714285714
0252a4aa7f41f8,e7af05c607719e,1f9495d9105435,0.6153846153846154
172e6f404b2148,44c8f34294ac43,505c30905ebcd1,0.8333333333333334
675aff74bad86d,da0905337ad276,2491a19c5bbe44,0.08333333333333333
9bfb39881891d6,01cc6585995609,6b9e9fe75544f6,0.0851063829787234
e6e0858e3c1ad1,f966f66814ef9e,85228a2f071a16,0.34615384615384615
cdb7ad7cf86e35,cb993e576b82f9,c889ffc007c766,0.125
bc8c0e386d1fe6,3c2ef51c58d170,6f529d7929981d,0.2857142857142857
01fffffdb3fe8d,ca59f8bbb03504,e44edeac2933dd,0.25263157894736843
4aa9174691a783,6a992ce598ba79,82259f9fff96e8,0.4642857142857143
8b6496b120500d,6a04c3baffeef5,d8bfbef98713d9,0.38461538461538464
a8a307c81bbe34,a0fbc7884f91b4,89d67915773170,0.25925925925925924
8c70cd35f1c3c9,196c8be3ce6324,181536aad42f71,0.8541666666666666
3a1273af83379e,82da72455aa8c0,2db9852ff1374e,0.76
f586ad85b3dc7e,d494115d012462,a03f00b2ea3546,0.5434782608695652
408f64c93651a1,14b6f69b45e2f6,f0d5ac8aa49baf,0.2857142857142857
b71c9d6db08dd1,873464d10e8712,1204c922d3eb49,0.16326530612244897
367c496e341fbe,ebcaa1a84eac83,91be8b8344cadd,0.14583333333333334
33ea6f835d3668,055523c2db6028,ddd8bd7f8964fd,0.17857142857142858
b6f7d4fbaea351,f615efa66a24e1,d588a063234884,0.6428571428571429
99f9aff9ccb3e8,76180f177922df,0e051a91c7e690,0.3333333333333333
80b75c8f83e787,a45da520aad08d,5e26eb73ef091e,0.6538461538461539
2e8f460231e164,1a75b2bbf9f9fb,0a14d45e296825,0.5463917525773195
82c65eb01f88b6,05c44b8175e348,3d082e93df7c97,0.9574468085106383
673cc621989b46,856c98dbfc333f,7d01e920ea3aa9,0.11363636363636363
c5cb7cfc4113c7,7353e4ed679265,14944e8ca04947,0.15217391304347827
1df75f8603dc5e,f2930b6f5d6c2e,8fe3a97580b256,0.3076923076923077
8ee0ce1a825e68,1a6a19e7929359,d8a789c93ad292,0.8076923076923077
9b137f8a55355e,5adda7d89cee90,6bd456c549a6b2,0.2127659574468085
699ff39e17384c,201b3b6d8642d5,30496bb63e23bf,0.5555555555555556
99eec4eb66c2e1,1fad2fb3f50b2a,dc69ff4546406b,0.48148148148148145
70c9a0635ad69c,8e98032b52d1a7,0ea41e1cdcb4fb,0.35789473684210527
c3a234f57fe081,8f739d5c1b3c64,cdc2d79a9aeb95,0.25
5dc6421eaf27a3,763424ec02a663,375fe44b0bdf68,0.8636363636363636
5f93cedaaf0b4a,7d4e6e35cc2a73,ee4c53dff21e14,0.21428571428571427
7926556f2a58a1,05dadd0caaa44d,048cec2a4550e2,0.07692307692307693
c7c02f8c8e5d89,039866a169f5fd,e7616591b4ecf9,0.3333333333333333
191c7535a310f1,eb950ee20a0853,c6c08ba9884022,0.5
b2da578fa4a481,ded99cae89d1e0,2ce19e8f487b15,0.6296296296296297
1b4e3261d3bbf0,fcbdd2da20cfa7,e756ea873466e0,0.18518518518518517
d90015ea1b8e81,00c122a75814f3,3422ba0f2bb107,0.5185185185185185
a741abebdfabf1,eea3e7b3304db0,70fcb53b157589,0.03333333333333333
9f25b3212913c1,57c392f9342b3f,371fe139943b3c,0.6
97574c5b17d20c,4fb5562be25820,b0a9a9a55b7019,0.13793103448275862
a84809d0097921,8fc98e916fc723,d6d48fb27233f3,0.2857142857142857
6b67c3e286ad86,b3e212f0c7b2a1,5a7728d368271c,0.5957446808510638
d17a79d0455ab6,2db9e0a6f71333,59f99c28355752,0.84
a80a12476bd27c,720a8fc2e7600a,d59f85aaf5e13c,0.21739130434782608
caae1b636c2805,ce7d7b7505b154,f3ff555d65b226,0.1875
36904f7b8c8a03,106a280ef5f7a8,0d1457392b79bd,0.8
56aace4b2b5890,70519ff2205cca,87345471c6bfd4,0.42857142857142855
b653908205ad9f,b627e68cb743c5,3b255ca384d8a2,0.7857142857142857
2773e42add6e8e,0c6875af7cbb2e,70f6d9b85d87bf,0.21951219512195122
3de968dd769890,0d954c363097e9,54216726f74dbf,0.19230769230769232
13252b81150858,f4925fa599c2d7,af2c62a07b5c15,0.8723404255319149
15f5328376d6ce,30a8910fd75fb1,4ae58513679f8c,0.7446808510638298
631da2fe93fa58,70c3ad90a03185,482804f9ab9920,0.7916666666666666
a40dee70c67265,4ee4cbf0f10f8f,a7ad9ab869ef4b,0.8125
874baa562b9ead,ed2432c702e8db,2ca9c4a60bd32f,0.5319148936170213
9bf9846dce505d,de261348d4d6d8,c344ab779aaa11,0.6
a2c8b84bc7886d,7d9aadc426cc95,149416f6231213,0.4074074074074074
89d6f4afd1f083,100b5e6e66daa0,1f01c457ebdf90,0.9259259259259259
49b5bf0e5dc5cd,f96c49e8979c26,7567b1821f9c79,0.07407407407407407
cbda0b90ed8588,a7e85b317970b9,1371b479a349f6,0.2962962962962963
734d42579aabf8,f02a9d4ffcb078,8d3c2ea0cf3866,0.07142857142857142
f4e3efdd4c6ee4,ef7b34dc899209,fe37a31deb9085,0.9642857142857143
e9392518069d12,994c0db06a5b0e,9e53c48a9a688e,0.72
a328add4f97d68,abef6dce06ea21,3b2d3fd458e8cf,1.0
c0b4c10e5eb6fc,e677a96e66de81,f238aa1445c0e7,0.4827586206896552
96c3e23f5eccb6,3b2d1309f64706,ca09f38a33470e,0.14285714285714285
d0bd1f7792911c,6853d20ad4f4ca,4d35b278153251,0.2222222222222222
bfa6629624a147,b09e4b3fa105ef,5e853c75a001c8,0.2
d721164e8aa206,fe5a3ccd5b007f,bfc1e24fb9e19c,0.5
91b4c79c5e43e2,fc50e5932f317f,e7c1ebfb297eb6,0.9777777777777777
f8d1dc30a9686f,dbb6ccf5a2f9df,c7397475d8a1c8,0.020833333333333332
60729f54aac4c4,55652b1cc94cfa,8283c0632ef059,0.9583333333333334
fc8cbded7629e4,67d4a559a69a8f,1d869a315918ed,0.5957446808510638
d5f2c175d6153d,499193e14bc201,516f84efbf6e9b,0.19230769230769232
2ebf4244609085,be73c30ae7212a,e8032b8361d783,0.9615384615384616
0c65905bb4c939,0e7ef84580da61,480da44e38d0cc,0.14285714285714285
3da5f0fd8465cd,7f7f5bd8baf6dd,d4d6b424462749,0.92
ca1f96325b91b9,5a4d29afe4fb17,b365f193e2cbee,0.2
be0d3155c47ddf,f4dc6089f2b71a,d5068659287726,0.8333333333333334
3d0b718d5cd27e,639e8e8f4cd008,63a313556498aa,0.75
86304abd02bd3c,dc7ae2047fa2d5,895cb9e1626177,0.41379310344827586
ee877ee18029ee,19d473ed4bf540,eebc1b32909327,0.6041666666666666
981a9d4f43333f,1ec62ec79728d7,499d3a4fef671a,0.2127659574468085
7cd07b9bf6400c,caaa5ef97658c9,b54dab36bc6412,0.5102040816326531
5a6f53aea03119,1d79f5192664e6,c30e3427b9ed60,0.043478260869565216
7adff54c6e8ce1,4790c442bfd148,7f0bfdd226f48c,0.21978021978021978
59a4c3cecf01bf,f2606ec2aa364d,67900b417594fb,0.32
b322f97494dd8c,057348a53b714f,b5c7caf8c4ee1a,0.8571428571428571
7e48dfdb68e3a9,882df6eea71290,5aa37cc2854721,0.20833333333333334
70e38c7e0e30d0,209947a1e19781,cfb2b2d1618d62,0.19791666666666666
a4e561d59cc860,3b42aae6a32547,4cbc8df166ab9f,0.4166666666666667
dc59690677484f,adda82ba8b5d50,75dc7f26862f9c,0.037037037037037035
90b78f23f07069,140c65664612b3,943597acb47d8f,0.12631578947368421
159795c2e21e84,ddb929ac084468,abf8396bdf433b,0.3473684210526316
725c9df9d1f2fe,8a72072ff8f50c,629b25bdb45383,0.45652173913043476
56f75cb8c7f201,c7c4c48b2edb27,9bea7291fcbceb,0.8085106382978723
748e7b2bb4a940,1d75c8f45b9359,98264f1daf67e2,0.1111111111111111
df454b26ef2140,cca3c43d8088d3,34b43850056b41,0.6222222222222222
5e8b0f6d5605be,a6deab23d0c4e5,22603043fc7477,0.5925925925925926
7e6cef54e224f9,ab0bce1e944715,36a62e50b81bcf,0.16279069767441862
de7a006bec895e,07fabf91f95b4c,3951d97ed96141,0.56
0b1e3ada2ea0b9,79eafb26d93567,097bbcfdce60dd,0.782608695652174
e1ffe70f54b8cf,13b1d09decb55d,f1e43fbb6aa89e,0.6122448979591837
659db3e07df25c,42617563dc1bd4,49f2be6aaa8bc3,0.6136363636363636
8757b81baadcd1,fc9baddbf47fc3,4beebdb4229a02,0.5925925925925926
c67409a19448a1,bc9f3a951ced57,9870979ab35d5f,0.17777777777777778
552f69362cc763,a4634338eba8da,9c86adacd31178,0.2
418026bbfde98e,aca4b159b593b7,6cde0fa768b1e0,0.5106382978723404
d486c15b8a2e56,bbbc44cd86f4c6,7be074c0c7d51e,0.2857142857142857
da0a38aad79fbe,9be5086765b7c1,8fa872405046e4,0.0
4b340ff8060d62,b0523757f91e65,1aa8049fbfff39,0.45454545454545453
9438e0aa2fcce9,07cc87b87385a8,16496d24967d5f,0.45454545454545453
c76fca9b8f3822,168b4152f11ec9,e008285406f767,0.07142857142857142
6c1a793c161316,9dfbc5eaf47e66,d9696860c7e47f,0.96
c4b79815cb31e1,247ef5953f67a0,b9d39be19a9b60,0.20689655172413793
37e1b230e7d6f9,4fcb5a0bb14cea,a8e9889c464e66,0.5925925925925926
ba051298f8993a,1cd02e380ed92e,150cfdd7a2cbfa,0.32653061224489793
14b9e9fea3d7ad,c7f3d97d9e8101,d235d5f1868bb6,0.2222222222222222
5a36bc8c772d14,a6296491eef4d9,fe17dce02036cc,0.19230769230769232
3a76fc783c3fee,b74aa00d73cf22,659c8f5f73b246,0.7037037037037037
0609d863479dd5,f0df05e2dcf967,18d86965a2b8eb,0.3076923076923077
d3a7da7e858a12,70fedccdf77437,e49d383556ac30,0.0851063829787234
8e214c85633337,76f79317dd2d94,036cd8acff2639,0.07407407407407407
846cffaeda66af,284d5b66895d8e,814f7a19eb40a6,0.8518518518518519
c46ed9db853f57,0ecd67b2668b94,77c2f281a6b2ca,0.2391304347826087
4bbd7377a8c543,29bdbfb17b1171,730eb287930b40,0.5
5f57315c71215d,ab323ce6ba062f,ae6586f21136ba,0.4791666666666667
0e30e0d68bbd5c,24e912eec82557,f8f3ce3916e4a3,0.2692307692307692
e217b65a3442eb,eb4f1220f49fbd,19e7de16f2752f,0.6041666666666666
fca7069bb59575,27579d0d6313af,ae66792aa09b89,0.2857142857142857
a75d6a29adc791,dcde60c43362ce,45b576ab7daa7f,0.8888888888888888
66121be5ffe978,689ad25b641be4,0083f29dad71de,0.9615384615384616
4424a7ca07294d,30f975e3cd6c3d,551baef3ac5d3f,0.12631578947368421
ebcd4de68a426f,002d5b36361a9f,9d346479227d6b,0.8260869565217391
4e35c6b191ad20,1645ff1cbe4b3e,f6e377cba78a9a,0.7586206896551724
b0cbc7cbfca463,77c502c60e976d,0cf7006fffa062,0.2962962962962963
efd73a95722487,2ca7e35fcb4e53,77e32b58fbf778,0.46153846153846156
ee59a37b7df5a9,cb0aeedbab56c0,56ca58cb17ebb9,0.8461538461538461
0363852ce33af7,f0bdf7ba7f29b7,1d36a9f1c8369a,0.10714285714285714
b7fde75ff9b7eb,add0d654fea22f,d5cc3aea77f16f,0.17857142857142858
ee28983ba287c5,d313438dc7607a,5ea3c58ab54868,0.047619047619047616
d65099e0fa3c2f,c50a1202895815,061894ae727d08,0.8888888888888888
d822fdff58f2fc,10664be5b450b0,fc4dd835c4d994,0.6
5ce979f6c40f3e,e0c60c4b7bd8cf,93f390e2b63cc5,0.14583333333333334
214b6dfada343b,1fb84640025bfc,010bb902af14fb,0.2708333333333333
2ef194e1be193f,708d858e7d8f21,afbe005c55858f,0.7931034482758621
b7d674cdfa04ad,e925227a6d73a1,7b8e20c52a9170,0.6296296296296297
8c4ddfeaa637d1,8708d5520e01cc,1185e8c4a0819e,0.5
753497a58f3c1b,d1b462f6ec957c,7cebb417197269,0.8367346938775511
1aaae45548d41d,667f68112cdc95,c9e27693b0c04a,0.34375
14d88c4a86a033,d13646b4947f89,0901ad44e269f4,0.3522727272727273
98072bd1c8cbb0,291beb7a2a0b0d,c11e3448d3c409,0.041666666666666664
a0b716fbeb8606,161f91ecb42232,8751a352b0161d,0.9148936170212766
5469f296da9acf,054a00c600f050,e19cc266e4c861,0.75
2522f57178f37d,3871fb06155d4f,5e6da4b9210c91,0.34615384615384615
06cc5b7b44a83b,1438389a44c282,f98ba5feb10283,0.8888888888888888
760801bcea8c8c,a8b4f06f51e786,a089f428af1313,0.875
13c878298b4ce6,834d94daafda89,363de421f144d3,0.25925925925925924
dff9c563a78744,b3d55afe77db0e,26916dc3629cfa,0.8888888888888888
a29256bdec30e4,37e93a0c9c91ac,42085ba8da8990,0.2857142857142857
4aa7db905791c4,a56c8f585580d7,e8e3eb38e01e3c,0.0851063829787234
a4413d943f2cbf,90d788c7cdf925,26b9dd7f3a2ab3,0.2826086956521739
0b71307a2dcd33,a559d5597397f2,a30016909cfd0b,0.06666666666666667
cfd9f8053b41be,3214106cfcb6bf,d5bf892c59fc92,0.2
afa8a626546810,8aca5923337c62,6d404c1cbb72af,0.1111111111111111
3d5c0ce0abbc9b,859d825931ec93,701b5e2c9d9093,0.43478260869565216
1af302c3b9bd65,8548d63edf051f,a100be7c2809e9,0.8404255319148937
64c1187a42bdb2,f6c5378e37385f,e73958fdc7a502,0.5
2f687ccdfe5112,e3e5f317e903df,0c31a5c18943e2,0.8
6272ebe1c051e0,70585ea79bf37c,79e82552406700,0.39285714285714285
5468cbd93bbb78,bf31711d237824,7ed935d3c02df2,0.15217391304347827
61258269715cc1,0c07a0c5e42b7b,728bb25179fc4a,0.6785714285714286
e468cf7b5f6ad1,7e41cfcd035b6a,b3f9dad2480291,0.41379310344827586
da0cac51fa833b,53428eec3b8f82,267260cb9f9ca0,0.6595744680851063
8f7a78a3afea44,b01215a357f120,0e5b55afd56906,0.23076923076923078
a593d9e2ed1461,ae260f10df9a77,f093dbe87d763f,0.5925925925925926
4b67b4ede3f335,82543ca5db428d,fa14c5a48eb39d,0.2222222222222222
320b9fcc7fcb9b,86240f28ce5d5e,a36602c349eb21,0.72
539377691e681b,5ec41421ae8837,fb91f179d7d41f,0.8214285714285714
aa1981945caabc,d3b4deb774a81e,330b5420ef5dbb,0.5384615384615384
ec3bf9bb8adf99,78d2cbf45980e6,738a62a474760b,0.17857142857142858
2e67a38d59d2f0,b8a1c15aecfc9e,afad434c16e37f,0.6136363636363636
e8b0a70707d9b8,d62f2a5eca6ddd,f2090c9ae1eef8,0.6808510638297872
e1586ad0dc9a62,19bf07a297f696,af1a07d5d0bae6,0.7037037037037037
73ff729e93ad4d,cf32f5d351c2ff,e3f2839688023d,0.9583333333333334
88a607dd48c4c1,0f3aa2464955d6,e3eabeb106789f,0.6888888888888889
e539bd96c0da1b,de74c57d5f00cb,a8738fddddb67f,0.5053763440860215
6df88855e2d497,9cec9fb82adfc2,795d25b8c932ae,0.4375
43d49ebde47543,80cd47147c838b,171792ac4b7328,0.34615384615384615
37b4f500e6b69c,9f3b5a653596b2,faf52b6e98e8b9,0.9148936170212766
b306728a1cc7fd,4997e41e33bc0b,90ebb0da75ca40,0.5319148936170213
8e025a915a9339,d0e04b850bcb01,3065244dc5a629,0.5652173913043478
f423644be86ca4,ef64fb88ecd6b6,3d71cfdc03eba3,0.7708333333333334
a75a28e50992f9,2458000653ead9,67a2771872d616,0.35555555555555557
585c9399fe71ac,8d43f357bc5c8a,38127371ef63bb,0.12
293c6a69aeb74b,7080f2c32979d0,ffdc3cbb410fb8,0.7291666666666666
50285e8f0e6a4c,79eafb26d93567,097bbcfdce60dd,0.8260869565217391
9a7512622283c6,a7808a5c99b759,47ab91c64fda5c,0.1276595744680851
b1c047d71cbd26,b4232bc0d21167,ae2d6bd9295897,0.9183673469387755
01d2938d91b13e,075258a2fc13c6,93ba1e16f3e666,0.6296296296296297
a7cfa18eefdbc2,259555d7106774,ddecdd6596792c,0.23076923076923078
906f96e180543a,4b943163f9954b,e0047283227a95,0.16
5cc38adc8823cc,bbbac79dff637d,5ca1804dfd454c,0.9583333333333334
692496ae859d4b,2863a827d7e4c5,66a695192a729b,0.03571428571428571
f7b1bff4e410d8,2629fb74136f9a,c778d52e078bf0,0.061224489795918366
0f2b5a5bc257bb,d880e54111a7ba,cb9c65318d85a3,0.18085106382978725
a0dbe184d8f900,a7808a5c99b759,47ab91c64fda5c,0.0425531914893617
c29a59215840be,7c28d968317534,5fb27dc2c093fe,0.8947368421052632
d2b8a7ede3d55d,61b72b6f6f2f34,9239223266a9a3,0.0425531914893617
0435578d87450d,af315c2be63e4b,1c3f4eb71dc92c,0.5862068965517241
86e1451255d37f,5963aaebe98352,6368c820ba9f07,0.9183673469387755
78acab44807190,778862b533de58,70440341791fc3,0.38461538461538464
13da1a1750d90b,e63a9a1170fb7a,6ef8eeb849010c,0.6296296296296297
224729342462c8,63f91b245ad260,c43d4d5831d3dc,0.6326530612244898
9c297feee1511d,2fd2086578a700,4d9a5c19abe2a2,0.68
7794cff5dec891,7f7c195d5eae3b,8f49fbd7153c25,0.045454545454545456
ba68bbadc4431e,7bcd6afd70c506,f869b9b61913e9,0.037037037037037035
da5552e6f892e4,e2cffdb7bd9380,e9f7d4c0cd718d,0.39285714285714285
0a8b2d761d6819,74a7891a5dde74,2d0813eecbf7bb,0.989247311827957
fb5fe1fcad745a,a4467d3ee07d4a,dfac8f32f8c6ae,0.7931034482758621
f9f9b07377c936,1f960b439f8ae8,2f893d76c681d5,0.030612244897959183
d147799380561e,9c4ef59a40a7e7,feb4db193601be,0.8666666666666667
5db63547de912c,d641d9efb01bc0,7cdcd560eefafd,0.3617021276595745
d7e2b9a115b76e,3084618f2d1006,58ca5d09ffd6ea,0.5384615384615384
d1f0e3fdbb8bd3,4e727ad0c4c50b,0f11e243c2c10a,0.7777777777777778
f949245753151d,c99f02f481d5a8,2d7d3fba1f195e,0.2765957446808511
762db5c5bf92b0,8ca8cc7e79d853,c9f264917cbf0e,0.7368421052631579
0dcf6b4e492800,70284175ec3400,cd01b302561a6c,0.0
588feef3cd2ac8,29e49add0c8327,c6844d859be096,0.46153846153846156
1df01d100019c4,28bca0cfae2889,6a2745eb5b0bed,0.46153846153846156
234997bdbc7c06,feed400ed32cca,ab8de1b252a744,0.6666666666666666
8336c7186701d6,311b827a8420a5,095c455f17c530,0.39285714285714285
bd3246613e0eb0,c68e58156e4917,4bf13c7ce66833,0.2857142857142857
0acc5fe42d6aec,f950d08775f408,086ea0f39b79fd,0.9583333333333334
a8a1ffc8671776,2bc3aee7a7cfdb,67e3939878bc5b,0.6785714285714286
2ad19de183c356,b5aefcaa68eaa2,afaa2e7d59e42d,0.7333333333333333
198493bb6f5781,55663751a39d8f,8cd22f893e4d86,0.68
efc398a4d73e54,23611a300d2f66,c0e2d8d5bfba94,0.2558139534883721
592161dc323568,aeb410712c9f2f,9a300db4b2ce37,0.9259259259259259
70fbc14bad4634,1c1a4c08ef7cf6,9654437166b6fc,0.7659574468085106
b8ba132e43bce2,bbea64e5dab77f,c60addf7190bf8,0.7346938775510204
066c0375ca70ba,6ab0260127969a,7276dac7590d0b,0.5869565217391305
d0da6c912ef38d,7cd11db93c8948,c56abbb890db05,0.7931034482758621
cd661e5b57a6fb,d2c6736fc15c54,fe02670f4c22fa,0.2962962962962963
20db2b3a136f11,c434bcf6714cdc,e480e7c0b66ff6,0.8043478260869565
b7cd4eebb39e39,36cb2834f7a4ee,7ea935db8fb122,0.2222222222222222
88eb4389ebbfde,6a8e547a658df2,9845d54b645544,0.3541666666666667
1f9beedbc3b6e0,6f1a84d4dc6cfe,07fb9ccf639768,0.32
98d795ade96e5d,4f8cdd10c062c6,c9daf6a806ae9e,0.3
0d61ac5cafb0d7,3f4d1b0f9d3ccb,c65cfbdb243640,0.25
cb1346bc6f408d,d1dccca4447160,8fd62c9626d27d,0.9259259259259259
756bb107fdb347,8c16a50846a91e,f6b6dc835f8506,0.4074074074074074
24da1b61b61316,9254d4b7501e30,a0ed52cf9dace1,0.574468085106383
7f3d15df9bef1d,c8e0483cb44382,ff5bcf63076149,0.5
2107561324c7ad,b9953303987493,425476c9779427,0.034482758620689655
38961e50cb0c92,135fd8d1b19efd,3bb8e8f59ce668,0.17708333333333334
9c3cfb2b9a0db1,106d96e827fcef,3890ac84d53dc9,0.8214285714285714
33368df227c3db,ef550c38f5b7d3,6dc0d6455b7349,0.5416666666666666
e49177c62340eb,08ec327aa0ce00,347634fdb8c4d6,0.34615384615384615
2c4e18a7ef5864,66a436a0c9bea8,7d23c93cdb7848,0.5357142857142857
2cd07ddfc2522b,85ff95fda07af3,a6709416030af1,0.8958333333333334
75effe88ad7a60,f9311312ebed85,f49bc3a98d3457,0.7142857142857143
ef17040193f00b,4c7dec51187d33,87071382222d83,0.8333333333333334
a6db911d0dba7c,d8ac1cea8f6a76,a88b34a9d93037,0.8350515463917526
8e2004744952ca,4d0fa6e711f95d,345ded75c18408,0.2
f3fd4cb06d83ba,3178538b4d7b33,81b67e5b39cdda,0.627906976744186
ae6d38b6f50782,0fe4a5f03fb4ad,178313e6beaf83,0.010309278350515464
"6,07E+13",324e9eb342afbf,875cec311db28b,0.6041666666666666
437f8f35448061,91b3daf441bbef,645e0bc3666948,0.1724137931034483
6282c069377f37,817cec392ae55d,e2e1775f5ff5e2,0.9565217391304348
f893e89f88ce02,e4980343d2da3b,e2d8fea3202668,0.2962962962962963
d1e2cd0f6eed18,f84c538f008b1f,52a1af208e567c,0.44329896907216493
a7ea5ec9dad6ec,527e0b41abe14d,89007fca05d400,0.9456521739130435
98df46e791f310,66a738f7ab165a,4ab15fb0c8bc90,0.0967741935483871
c9efcf987ed7c6,b231e91a1916e1,c72c52b1974672,0.36
913b19ec685ca3,61c26e66eeb32b,da6d172e3d9659,0.8333333333333334
61ce4b37278744,e8b5f0249f6fa1,fee994a00aea73,0.23333333333333334
fd48630998e59d,3eca876ffe494a,5e2a68ab5cf512,0.6595744680851063
d35d462ff1cd76,c4d6ad5fb62c91,9225ea57d4b987,0.6
a914973daa2247,1ebe1b78d9d5a1,6cf69543592f60,0.045454545454545456
c9bdd6d950679e,0481ba6027c629,e0f189272c8215,0.8888888888888888
fdf3873b1e6bb9,4558b15d4b2ad6,b12591047d926a,0.9259259259259259
68a8f35e9f3502,dff6c48c69904b,43e404965dfb1c,0.16
d941702ad85ec8,938bbf394fd2c4,3a917ada3bcb77,0.8297872340425532
5cfb9acf14999b,f22cfdf46e09d3,2a60c2dc931110,0.10714285714285714
a3fcf877cfbb16,262037e770355a,7f4c26b17205ba,0.5517241379310345
64d9e6f315237a,9c11fcb4593897,23274d27220fff,0.5
875458c3855656,b00f24f5cc1395,d944332b2407f4,0.2962962962962963
a5c46c71563d07,22f3c570fa9c13,aa9986713dc77f,0.5
55423e37f623d8,a8a50fa17aabed,335b4d71c71278,0.16
fa2cb8fec636b4,31e456dfdaa57f,fd534aa5526ece,0.8020833333333334
70c7c79179801f,b21c8f75c73476,b9955ea861c6f4,0.5555555555555556
40ba13d6785b9f,d14718bcc38fac,d008fe8d118def,0.0
b02594a150a1a4,08ac67ed1bb58f,922a2740ab72e3,0.4230769230769231
7e49ba80b7bdac,4fc611c5d23849,4f0f62a32786f7,0.6071428571428571
1ae17c40e7a9d7,8873210d4143d0,51999e972b03e6,0.7708333333333334
e5f93706a56226,15433bd75c1c7d,a367e79509666f,0.8888888888888888
b0fe0aab4d8906,edd2f589a3ea59,16ecc43b06afc9,0.5510204081632653
ff2a1a228c78a7,d181c3f3b2fe49,f6a7e3f638f762,0.23404255319148937
6853122eb9903e,7ff46e980a5e31,5330c9f4b7d777,0.6296296296296297
e890e4fb0baf62,b34ae45cad5808,bc2c63fe60d7ae,0.8775510204081632
a67b7c67914856,2b1ec41eedb2ad,f222d37687e09d,0.8586956521739131
13fac210477be5,501e1055cf4b9a,9e66e5469a10fc,0.10344827586206896
af896d4e73a3a1,afb89df84046ef,36d47904cf7b3b,0.8541666666666666
49c83812386dac,1ff1b892230dcc,60dc0142437311,0.07692307692307693
8e76bf34e221e5,961b706ec0e844,e2aba3ddcee0aa,0.7446808510638298
c806a63d4097e5,fbdc33ae942d20,fa8d9bb2041e1d,0.4827586206896552
c19b5629da3c8c,f8666da2d22346,2f7c35a934d1d5,0.5925925925925926
bbda09a49bbe73,37d732294cdd47,08cd241327e607,0.22448979591836735
5b35bd15a42ec6,9782829e146cff,457ee8682fe83d,0.4642857142857143
18c3e48de373e1,a43df7f6f4252f,c7348a424acc51,0.3917525773195876
5ad66ee2bac841,8be6248cbd088e,ddca21a4df5d99,0.8064516129032258
5d69b137dd1b2f,a5a50663ee0817,2f856a639dd4bf,0.04
069fb6d6ef4254,4caff19598669d,8bafa946f3c0ae,0.925531914893617
0e0d5695b0730f,081b6863663588,c1429d756a81ff,0.26373626373626374
fb943ac042f6c5,c3ea542ac67991,75b29fd14899cf,0.08333333333333333
c4d63d0a27169d,20b9cb79507b5f,390b7ec250bf1e,0.19230769230769232
74f829d3f555d6,a0b795236aa984,09692cc28fc6e4,0.125
7f7c2de715123e,16a76890b4c196,b2f81f39fa1e15,0.13333333333333333
2751b3f8b8b64b,2a2a0fd4bc4844,0b967a1a4d188a,0.2127659574468085
c4faae8aa7fe49,38b06a9882e910,e4ae494074fee5,0.043010752688172046
f9e3a6ba4bbba3,07dde18d3f75b1,748a5a6be2d756,0.6947368421052632
3aaa25e728013f,204b9148a94b3b,42a9a0b906c928,0.5319148936170213
0f2d672eb5fa1f,a86fdb344dfd3d,b5d5e01febf7a5,0.0
e5a92a5ad40a3a,722eadd9c3e65a,c647ffb559903d,0.9
1eac4af3b32970,f138ef5a460c52,a275af4d95f181,1.0
402132d6ea0ee2,e5cf526c026a30,1c272f0e8250dd,0.1827956989247312
5a5d30219f7ea9,0dcd10502b1cbf,107f32b2d9ed1d,0.32608695652173914
5fe3b02d9f5c90,d4f92f1d253047,dcd76abdaf2ca7,0.8478260869565217
4d92a8e65658dc,b971f499e57e56,9e6a69d8cfac4d,0.30434782608695654
884da10c9c4d1a,986526b12db183,f503de098c53e4,0.7857142857142857
4db27b1a82905e,d68cbc1c24857b,9aba238f8a9832,0.8148148148148148
06f6ad6434258f,6fec5c0f41efdd,5f989052fe5b50,0.8367346938775511
fb910df7e4ddca,b793acbe912622,c100d6c2e324f1,0.10714285714285714
631f5b93b1f4be,d5844f4c050fdc,a7bad36279bfcc,0.673469387755102
4464bf6dad971c,753318b56d3b46,51297793edc61d,0.8148148148148148
95c65b49ab994e,01603beab59b73,81b722f124ad5a,0.26666666666666666
57d1060593fa69,138bb7797fdbd7,bec6e5dfc97549,0.8571428571428571
d67b3ae2c44064,fcd48956a6915f,d7d261c864e4ce,0.7931034482758621
2e21ea825bb260,ef678f79a018e1,859b5cc6b81efd,0.2391304347826087
07e27e5f5dd2e3,56ef3284418018,3ca8c1dc1d17bb,0.35714285714285715
5d7d91addb5518,5bde5b0643d7af,756fc7368af6ef,0.35714285714285715
ab419db1f09057,87df508ecff591,06f66e05148ee8,0.2553191489361702
fb37bd9e72af11,f2b500e3b46993,3d9a5866f92857,0.1
b0a8b6bd924c7b,5387ab58769595,e6e7de10c15866,0.06382978723404255
18cbe3275b8fd7,8e17fc99b277ad,ef8309f1a11d92,0.14814814814814814
aa5e5bad04e454,aff3e7adbc0e84,63ec28e73a6e1c,0.24210526315789474
50a02adf1bddf8,56e52cf81488ff,896bc3d21b0612,0.43902439024390244
6ff082f3fafdff,b866574374350d,c9468760153971,0.24489795918367346
0237a3ab75ded6,9be15495984c83,eedcdb69405645,0.08695652173913043
55dcb051366346,9901003ed41dd6,d945fbf58a8123,0.7777777777777778
3a21777a072f8a,b66d99568c3a25,bf290f8ea6d638,0.9615384615384616
a69b046fb84d28,8881f31bc09cf7,0d6171ba617286,0.5416666666666666
725e173af72d86,cc6463109c0993,4778dbeffeb832,0.2222222222222222
70a3188e9ac451,7c3c31168cac08,813358ea705d1d,0.1111111111111111
c424b34cf43763,4160d32c5df0de,42cfafa1cd9337,0.8979591836734694
a1ebf9a0e14d56,3fca642d78ea22,28b01e61eb53a6,0.5979381443298969
3b8c34ecabde46,d478f723883c37,b937828f2d4a88,0.1111111111111111
37440adb116a31,d47b98b21df438,51493ef26d161d,0.38461538461538464
738152d848f67f,19ba57ac9d97ea,d4d10a944a3edf,0.7857142857142857
d145bc7a944025,9d087f4f7a5512,c748fe40532a77,0.0
c27b2d235a3cdc,15906552d29084,bf9b52bb57b197,0.4583333333333333
e0cf9f6996842b,a989e95b80e3e8,774a674335f6cc,0.4583333333333333
74b4530c7d379e,7acdea3a5c44bb,75f7785147108c,0.25
d3d7f4a0422f35,bc24889a05bbb1,5ba4e9e4d26da7,0.375
10c4fd4b3dc7b6,e19b8c22298adc,ba24922049c887,0.5652173913043478
"8,56E+13",6e1422c866c26f,77a16b10647666,0.46808510638297873
45e63098470912,c646bcd5cfd814,5ea9310addaa42,0.35714285714285715
67511ac6125ee0,995278c29861d0,aa1646c1fab264,0.5319148936170213
ac27352195c9e8,403c79722ba8dc,84542235e01b40,0.32142857142857145
b21b3216b9ec4b,5ccc8cd444ddd8,89f749c9089b91,0.4642857142857143
356dee08616849,b645574dbc1410,a8a778dde05ed5,0.5185185185185185
a190096d31dea7,1a2619168b67cc,f701a2cc1562e4,0.5208333333333334
ba17abdae1448d,90967cec42c582,949dc3fb1255d9,0.12
8236ac77469d20,8f26b30a1f11ef,98fd014532fb01,0.8541666666666666
2fdd43a7f08b95,1f4519e841a254,569aabc554c25f,0.4230769230769231
d410b009cc27b5,d46edc3c5cb7db,d5183c0e6c191e,0.7857142857142857
bd42c5c443785d,7b3b975e83ac13,62e36c9d646671,0.6956521739130435
3277f8b097fda3,8cdafcb5e4988b,48f2e847f51019,0.2962962962962963
0fefd0e893099e,ff2186df3e9558,e57464db74d7d8,0.78125
2cb5c4d96f0fae,f768704b26a1ef,9430b917e5cc7a,0.4642857142857143
338f50c5e29afe,8a4186fbfa743d,58fde986a09220,0.75
8c613f4579e6be,6fd92ed47e7dba,718ac2ea38dd29,0.037037037037037035
e0fd564862fb8d,c1e28f8a2069c4,cf6e1547cc71db,0.5
4dd7f6eb9968ad,65e11c58a2bd76,99e8d4ead338bf,0.6875
f3f832fa3f3b95,25e4e02a0b43a3,b889aac927adbf,0.03571428571428571
250333cfba5fb7,e861b0706d12b1,48405d9ba1891d,0.8571428571428571
7f3b478e2df40f,7c687ab06c285b,37c1cef9cb0010,0.6129032258064516
d9b8c267e46fef,d5dc6702c659fc,8cd5c912782ea3,0.5257731958762887
4703acf3c93b65,02719f24d03dcb,2414d3f568aa4d,0.0
a8128455f9cec1,1016739cbba743,0d485ceb07c8a6,0.8297872340425532
f7ecfab9353146,210c482e08be1c,93f31e446ce219,0.06666666666666667
20d46ece84b3a6,3d2127d6be1d6c,9723c6fe3fad1c,0.1595744680851064
a72b36ff04a498,c9449f4a1afde1,bb655794d78b3b,0.8620689655172413
3079ebf1c8e7a2,bf5268e116e271,05860c7ac1f8b4,0.0
8b14d9f0aa3f80,4776f2f1c5d6b3,bbbfe0381a3f20,0.851063829787234
91cebf3df933b2,b679573920bc33,fb0e2dacc91f84,0.34782608695652173
743ca508441a30,262837bf32b97b,34abec7815e301,0.16326530612244897
3136a6d2696c5b,e26490dcc4e82c,2d5d1d9ec45da0,0.14285714285714285
b112706cff305a,fb6ac4436fec26,991584c1e57fbf,0.7777777777777778
9ff61c5a8560c3,44de81ea455c09,0360d5a1476184,0.28
c93c17aeeb4465,10f1c913f92497,8f1c9304707ea1,0.14432989690721648
830ada5755c148,9fe2a447028841,f8ad2198e3c638,0.6666666666666666
e77b41d505afbf,b4d9ba3161c64c,e2406a916615ae,0.2553191489361702
cae31f42957685,d099cc6b7a65e3,758c8068b03205,0.9230769230769231
6698760175a476,9136278ff26d8f,16a6b0d4e68e6e,0.3010752688172043
29fe454aba70b2,6908005ecbfc43,0cf7006fffa062,0.37037037037037035
4fd7056309892e,c4316f4368698d,7bf8c83ae87df3,0.08
6f90ff853a6e11,c9813b6d5b7e06,68aa4b515c17bd,0.8928571428571429
4607d9ca3968c2,4ab7b0abcf76bc,37522b2b328606,0.2222222222222222
2848e9eddf0183,ac936e81bd61e5,f813d347628ecc,1.0
155d3fbb803ecf,2b758a2c922b4c,a7213cb035eb5f,0.7857142857142857
16f338f2ddab96,5cdb1ab151f2ea,77420dd61d601f,0.7857142857142857
adb4712b7e517d,ca425c6cb977d8,acc4969530ad84,0.038461538461538464
772f918cda9b46,9f5fb6ad0a8ea0,32ce9b156330e4,0.020833333333333332
2c8785de8eac92,9c17db33b6116d,4bf0bd18719900,0.08163265306122448
fcc9c5106173cd,79b621b4d29c05,e7ce4c0d15784d,0.8518518518518519
eafdeddc1753f8,40895a30ba6cb5,5cab00b464de7c,0.75
e692421aa532a0,c5c090d7b9302b,5af90ecbb38e6b,0.40425531914893614
f642c99f7b38f5,a48ceddeddea97,443cc28292dde1,0.6785714285714286
5d673252631e1a,411a7f4969cbde,fe4a4bcc719505,0.449438202247191
ddb5a1213c5861,df36b62a35cd31,9e141f47d64ca6,0.32142857142857145
15a4d85c6c4473,7006ccb755b15c,4244589444f85b,0.5384615384615384
4dd7bb70690c71,3b2a400cbe857b,208c86af25452e,0.6
72e9ecfbbd5ce5,d73c22b79701de,0ac87bd7eaec37,0.3877551020408163
62619c6219e715,256a3a2f2ea3a4,d15c827d2ed40f,0.5
afd537215b783a,22e962883411e5,e2695d7dca5c8b,0.9247311827956989
754e6c5404c468,b6b5253333ebd5,7d219e9454edd2,0.15384615384615385
f584d4a9a66508,dc0ec654368fa4,bf00f40b821f37,0.8076923076923077
f20db7bae22723,8a0b4996236cf7,06ccb7465baf44,0.9148936170212766
022fbadbb755b0,83debb78c2e6fb,76913e99b9bcf0,0.40425531914893614
3a01e359f50ae1,2e8242c70306d2,6fcd626f08ff5f,0.75
90dd8e2d605013,bb520790c7172d,6d57d98665991a,0.2222222222222222
363934690441f1,91f3069d96bbdb,aac21505cc1938,0.7037037037037037
83128a39ef92aa,50633e16c74b20,aa32804484df52,0.8620689655172413
0fbea207649c4c,ff1c9211d6feff,f44646df1a0ca3,0.0
78a74eaa4906da,685ad5a426cd36,28389a4bed1007,0.7857142857142857
6ab55496c42159,51b4c228a9c016,e1af6f0f4dac2f,0.2857142857142857
54a009685b89d1,5a622b47cdcc9b,e6ab77e5703f2c,0.5111111111111111
870ec84512a25c,d7f7776cde5df8,e62a2238aab049,0.17857142857142858
78dd9b19457831,b4302c374176d2,7a2b54369344eb,0.9333333333333333
601a58520306e8,8a3e7ebf124bb4,7ff0481941a28c,0.8571428571428571
92213a794c3f21,99cddf1f32b87b,dcbedd1aa708ea,0.8913043478260869
60a11920cf1f57,dc828adbb22107,131358c85e6161,0.9285714285714286
34ab65a2211e37,e6a5a1fd97b5b3,5752d4cb86d380,0.2857142857142857
1050e388cce5a3,5d817838b170aa,c4f47b0bb4dc96,0.23333333333333334
a7f6a60ecb197b,0b9c3bf46c19a3,dee7403deac61e,0.14285714285714285
bf852a25232dfd,2311e8059900e2,e8cf646162f6b9,0.0
e3b6b41d8fc6ef,19eb8d4d216318,8e5b7f676a4874,0.125
c5163aff16eb79,e23f9f26eb8201,07255c9396c9af,0.4444444444444444
813c4833754cdc,1b0d4ec18dfb1c,03ff95cefa19d6,0.5578947368421052
1795721b8ccdbe,596c953ed43469,c311f6b3495992,0.5
7a5ac3e5be93df,7c3cf43b7667a5,53ab52b32e06a8,0.27586206896551724
e4a655eca81abd,4a4abbad426a5c,b9eba10f02e1dc,0.72
8dde579a5e42a2,8ea76dac04142a,6f4e9a23d889f2,0.96
1a5922c5c126a1,68452c934bcb38,3ea81404b7ee99,0.41304347826086957
bc5ac6ebe80e34,88539c9cd69d8d,67f6b33532567a,0.0
6aee06695d867d,bfd7fdd3fb628b,c9ded77489b5f5,0.32608695652173914
1c1c2f28c8ba0b,be57063c44af6b,c2b8df3bfe2944,0.24444444444444444
a1745f2c908dbb,ebc9a693754bb1,b9c8f5442f9989,0.9361702127659575
e18726d60d39e8,51db4e6f2f3260,0676c0af7b35fe,0.5773195876288659
2c94f211f5fdab,ebf5351b7d2fca,6c6e2e0edf112c,0.6296296296296297
7e19541ca3ea25,537cfa369bc51f,745df2a5a8345f,0.1111111111111111
878c5e5e5435f3,36a187ede74b03,3da99e1bb96e04,0.3333333333333333
1c3da5505c30d6,abdde8ec2f56c1,a91a5b6d4fb514,0.02127659574468085
6e9ba24daee75a,d3a0229c479b66,32dee13f2d1502,0.25925925925925924
09329b35116c11,d3b4deb774a81e,330b5420ef5dbb,0.5384615384615384
05dd177a593542,0c946e1c2bd0c1,2fba86973d1f2a,0.8928571428571429
0ea4dda6b053a7,98d5f80eb382e4,e0f223d50a8b90,0.8214285714285714
660c297fc75674,3a1d8ca5b4fe92,9a5559192b7d73,0.7777777777777778
ead8785233b823,25e4e02a0b43a3,b889aac927adbf,0.03571428571428571
ee78be22ebe318,deb677bb25bc06,7f8f86efa16036,0.7307692307692307
bab795dfcfff5a,b1b4a28a3e6d84,edd8bb9a0640c3,0.36
53e735a9893700,003882485c0281,ad6391e66bdcb7,0.043478260869565216
b79b0e40f2c0e2,5ac2982dbd3039,9f3e50ea0ea782,0.35714285714285715
9f0965fdb17629,69dd579b28c044,fe373619632e81,0.8928571428571429
7ffae5b27ac465,adff15d8697c48,162818e01f096f,0.72
70170184d1edb1,fad3e8cd07ee4d,892be845eba2fe,0.4
7044b7dce77fc1,15b176ae67d5de,c0eeb2ae415704,0.46938775510204084
9b05f9ce7ba043,159aed09eba251,22a82c3b6f1d8e,0.9438202247191011
97e7251b7a219f,fdf23e58ffcce8,c03767eeb2eede,0.7777777777777778
27d13940639086,d0da42ce1659d0,0188a726aacef2,0.7692307692307693
beba1f59b07bb8,36d281ab6ac23d,2a894ca1eeae4f,0.4583333333333333
a1419d01b0424f,3aa2677a2dd38b,6afd307c1c65b9,0.4
8710bf9fca00e0,524d5e8d4fde4c,5a953c492bbf23,0.42857142857142855
ac2591c716d61e,2a029bcca13fff,99f090cbad3275,0.19148936170212766
1d7993c33de267,e847aa313ab71e,1335f5a772f2aa,0.7777777777777778
dafb9cc6358957,590923b33409a4,ea098271ff4fff,0.23076923076923078
cc44c7f399cf8f,ef7c0115d93ce8,4eef35c6063a24,0.044444444444444446
9484c4a20b4184,6aac3895acadc2,66bf20fe0474ac,0.4827586206896552
fd3683f3179968,d9ed130089dfb0,988ae28539a4c7,0.37777777777777777
d431abc4c773f9,6b2448b1194379,d71157326a1ce9,0.6296296296296297
fbdd9fa3784713,9db43567ed658e,3d801c96b9e911,0.0
0783a80d143e09,0de7bd06ded508,c4b0aea14a25c2,0.8958333333333334
a13bf4902eaae4,a86d6e8107c9f5,49e7b113f8ee56,0.7934782608695652
727a5287c346b9,f9e8089dd4b331,e262f7cf09947e,0.5185185185185185
dce1170494c2b1,c390d1fd57cdc9,13c6e2c67afad3,0.39285714285714285
aeb38a16d3abbe,381c147f3f0c89,d339470beb9bfc,0.0
9e7e8c82f3704b,2822a2edbcb064,ee291cba84e8e8,0.96
eba4153111d975,60dd45c350720c,b5ef29912e8433,0.5957446808510638
7d9fb6083db4f1,0415e6ca576392,16cead8c3ba2b5,0.25
e152d870f07a3d,60f015c7ab04cb,530bb743918e9e,0.7446808510638298
d721dd408f542c,dca6c70c8af81d,b775637abdcd6e,0.723404255319149
ac3fd47842abfe,11f29c118d1273,81fda56c03faf6,0.7608695652173914
e71f5f5163ce53,2ff37037c192fd,90c14a59c85206,0.43956043956043955
cdbc79fdb2bab6,f33b9ba9890d0b,0ef7bd2dba9a3c,0.48148148148148145
4fbe85f165e8c5,c3d2d502d65251,f56f6e17a8debf,0.07407407407407407
31b55a09e5591a,6ded7a88ddcfce,7e3e41419d072e,0.8333333333333334
c1790c3a3f1cb2,fa2c55bf439638,bac5fc9890a81a,0.18518518518518517
7fd6cab46a57ff,cebe170e53cc36,4ccf552575a45d,0.32
4364b38680a860,45a27f8f027351,dd2a6dc3ca64f8,0.38461538461538464
d895583d18a483,844a8c4c53e07e,b97a35aa6b4a6f,0.25925925925925924
8381f83033b888,738b0f8e5666e2,9d5f0c4c8e2b8b,0.5384615384615384
957c8def9702e1,001d8300ba83a3,910ce5a27b2ce2,0.06382978723404255
b778aff85b9ed6,9db2a05bc3cc5b,b313f28058f5e0,0.9791666666666666
0d806ae2bb486e,40adfcdf2defb4,40b52db64f788a,0.3333333333333333
5ea4628a0be87e,5d2180acf8f071,fa3e324d06b634,0.5531914893617021
d1326886352792,bf43c9102ed002,8327a19a51cf72,0.08333333333333333
fd957953c507b7,ed568a0b96a5cc,38c72782fa0a7a,0.9791666666666666
0777b47ecf0713,7985b0254ed131,ab1d46ffef01d2,0.6071428571428571
077510154b1ba4,f694374547de25,3b68e32adef1f1,0.5769230769230769
659893fd11d8df,336765257e1b1b,a8b63df9e6cd73,0.0
641e88225cc9d1,3527575e6026b3,9b9adbe2c3e3e4,0.7204301075268817
e9d1b57abdb749,8ec0bec482a656,f7b22c5cbb68c9,0.0
210b27607fec94,aaca3ce586e196,627ea50857cfe4,0.4074074074074074
b4338b840213f2,10f3eebeeb38c9,c217e101b36bfd,0.8461538461538461
73f9a915ffd655,0b59fa9105770b,6af2a7925d3143,0.2765957446808511
"3,48E+13",9748ada492ec25,8ba711d710572c,0.10416666666666667
e38e88c34e0ab0,eb8e82f2a3da17,1ae4d0335c3bf8,0.47368421052631576
6aff2eec649035,7239e8ce0101ab,f82ae1b9342e32,0.3617021276595745
ce3aea42740664,09028a97fdc594,c534d01b569767,0.9574468085106383
d6816b962f7ceb,fdec85dba62932,d7f59157ed8715,0.8076923076923077
8e38f7bd58201e,82190e7b7ac40f,bcf0fc93aab488,0.9615384615384616
c8b70a88b360c1,45f506c10ea04c,d6bd5ce6f50bcc,0.15384615384615385
ec997ba437b850,5ed66a0dfcb7d2,4df9ab0c69c9dd,0.20833333333333334
f44a904444de7c,4ffc324a3dd826,0a9c82c274ecf8,0.7037037037037037
f407bf392221bb,261b551185dbf2,9f09fc73c5f380,0.1875
da2fcb044c88fb,3554eaa6e4ef9c,e24e427da2655f,0.1111111111111111
976f45ef9deced,3a7e3fd736f4ce,21170cb839b581,0.13793103448275862
72707f4d9eb912,187d4531cb5f91,0a7aa218346839,0.14285714285714285
9ad2455fa74c5c,ff547d1f1361f6,279d841a5d0291,0.8148148148148148
20f306eaf60b2d,5436d1e3eb99f3,84605dd283850c,0.7407407407407407
60f37881b16c0b,5f7432dcaabfa2,fae26caa523a5a,0.15555555555555556
e08442831e56ae,6aea35fed49181,6d895a13dc0fab,0.0
b576a30935af72,c96e0c6ec7b8f4,0c072ef7d37ff1,0.56
78163d72893a66,6fe6f282eb6070,b14f2b092c9c1a,0.4166666666666667
182ad842bb0ae9,63b3d093dbc2c8,3417c1ec271358,0.9139784946236559
284a572f7437b4,4d51c83d5b3753,846c4c27292413,0.22916666666666666
85f85e53a02f1c,73cc46b354d341,1bc3386df7f4d0,0.7959183673469388
5af5052458af0f,496a48145bc3e6,41b0538f58165a,0.6
4e07b8f5c95e2b,2c63471c9dd1f6,dd37678aa3aebe,0.03571428571428571
7496b590cdc14c,1bc155d400d3ee,adab942a67672c,0.2962962962962963
09a8c3329e797a,9d24a4026af3bb,a9ff2de929ea3e,0.8620689655172413
a298a07449b029,b37a8516b693a7,730eb287930b40,0.038461538461538464
a7f8965c0f0cb0,07278dd81fd70f,9832a006cbbaa6,0.0625
5ff50c4d8ddc84,1c5a7503b9f7c7,dad108769d35c3,0.9310344827586207
5378fddb9a2a0f,5542c55045e616,56f649dda7b993,0.8214285714285714
18dadf4da3c6f8,6616ba7e1c5ebb,85afcb0264f266,0.03125
a5bfc26d4c479f,abbd13563cb78c,40ccdde2f7c466,0.27586206896551724
c076d04985f43c,716e32ed82411c,9a0bed7de318f4,0.021739130434782608
35e83d94f3d516,d9ca61930bda24,fa11f9e330571d,0.24
46c052de7f2012,aea88fa4d26bd4,799e9fa7f85cc5,0.07692307692307693
60f8f38e80991d,ac35eb241acc77,ff0fe045d29119,0.5591397849462365
cb9b37090e2eec,73871be543f860,7b7e4120240955,0.9230769230769231
438e4abef45a6b,250f522cff077e,99b6e3bf86a209,0.15625
55b33f59f2db00,3bc9c59e443d29,f6788208f82d0d,0.8979591836734694
fa0acc898f7d11,18994da7246c72,32e97cd681df89,0.2857142857142857
bead1a16f58ba3,5dde76e056a091,58b2afe378b656,0.5
b3e1098a361cb1,968009a6defa8a,528e5652dc9d18,0.22448979591836735
c495b88d431fb7,1f6c749716b9a9,d1422cf53e5806,0.5555555555555556
6d9cd13dd8d596,45291fe68a77e3,8923c89df36bcb,1.0
21d1ea8c75b523,1fe1f88d2cd834,e688edeb4664c7,0.18518518518518517
f53cf87982e3f5,4012e992c6cf42,f98c31411e9dd5,0.6483516483516484
1f24d8ea9d6df4,6686b3e0347d6d,b62ca3c7e15915,0.32
beecd702a41934,f4843a754bb907,30801128ccdb28,0.034482758620689655
4c45eb5b846c5d,c6e6df403f2157,eefca3d14f42b4,0.46808510638297873
de4b837a8bb006,3f5590b31e0a53,16168eb03b3fba,0.4166666666666667
1fc7adb4473444,c0537a5b676a13,7acc65e17dde4a,0.14814814814814814
ae54388425819c,2854688364edc9,8adabb53ad2b3c,0.7142857142857143
f52a5676ec9d4a,7bd2fce0ede045,cbcd52974968a8,0.6363636363636364
9bbcbf2401f2a4,f214ada3051d28,7c289175e44b2e,0.11538461538461539
9b52108e2e90f5,42d824c80c29b6,b1061403682ccc,0.7777777777777778
620de27e3a6c57,fd9cf6df494fff,e4cda8a2c4c94b,1.0
80c6fd37146bfc,258eea50817f64,47e08dd3d1404e,0.8518518518518519
a749015841986c,39ac245f7abade,77420dd61d601f,0.25
5dfca5e7030fbe,474c0ff556bb68,0d8dcdfd6fec11,0.7857142857142857
da5a2ea457d19a,b6cafcfc1e5c95,93a94621a2477d,0.9259259259259259
52250b90d8aa58,9e70eea9a407f9,d6d8160d1d198a,0.08333333333333333
560f1426eea759,bd3a0a13a3ce7a,410484f7d37887,0.15625
58da95f7307483,2ff4ef5cd446f6,a3036debde176e,0.7954545454545454
ce67ceb85f073e,0857b870df87c1,c1b2569151cd24,0.19148936170212766
df93f5b8546da7,3b84563fe7ed3d,7984bd4de8cc5d,0.7659574468085106
433c47f5404074,33f42b89447bb0,7b792d8dfba966,0.25
c6052df22aaf25,86e8b5387f3c07,d6a8fe742e5088,0.6428571428571429
50c164b85a14b1,1344a12a4a1de3,9f809c778bab21,0.5108695652173914
12582ecbee203d,64b26f09da9f8b,d8ad2fb6aced56,0.8409090909090909
8c4e40db8bb7b6,52760454ff57a4,33e13a20f9d0e8,0.9166666666666666
e8c9c71ac3fa0e,73f394f8a370d0,322006f2314545,0.5217391304347826
f8bdc2495d63d4,0e3382877cbea0,c9c7403c6e38db,0.9032258064516129
9c7bba4b914180,8a454c808120e4,fd7ed095305b85,0.3473684210526316
2b1a3eaeeb6b4c,ef069600eaf994,5cab00b464de7c,0.4642857142857143
66fe3c8176fd09,3ef3ae816107d8,7604a9b0557f78,0.6428571428571429
4509989fdffd68,88b8263f15df2e,423d6e9d82fe1a,0.25925925925925924
3cee6124867ce2,442d51d9c8581e,3d0549cc513fc2,0.35714285714285715
479c3d82072201,a041d8dbfe9b09,399ad2c21a4902,0.15384615384615385
dc1b8508277c2f,83123ed25f3d2e,03420627ede82e,0.18518518518518517
6a74b76a4891b0,7af2d76877c141,b3ac286df6941e,0.7291666666666666
891d9fec4a2e92,c76d34c2b74e86,86cebc0932961b,0.88
02e388915b8fab,97b958142804e2,f16a4f8f7ce782,0.48
37b356854da8c9,91ce1d20c2b0c3,c9d8614eb8f4b2,0.19230769230769232
9a79e5a60dc93c,7e79875d30c91b,312b85b82dcb72,0.9333333333333333
94431af0457c6a,3b5ae06ec62228,00e0649bb9a6c6,0.37142857142857144
1db399a29ec8b5,859ce053ebc5ab,2446a2b088869a,0.6086956521739131
2b1a1ba09f5bf0,eb59657b9f9b6b,f7c81a233d805c,0.38461538461538464
c692a0fd4cf5e7,ba10e63cebe278,dfb1467bf6415c,0.7391304347826086
e243bb95c322df,5ff7bb457c3df1,495d9dc416aa64,0.3103448275862069
3a0ce939b524b2,0996629036245a,361b7a42b6a0b2,0.6170212765957447
b65518f30e22ac,fc6f972dfa8623,959f7ce36e5a22,0.0
9d20b3cef68d61,3e399b6671a6f6,13e8aa0845354a,0.3076923076923077
35da412b96b770,8534b28d2c6062,5b472fb32be8f8,0.2692307692307692
d99e1283d91e97,371e0f9fcdf185,24c478ec485afc,0.24444444444444444
bc8576b3b553f4,bcae63d3cf4549,fe8e143e4af300,0.3076923076923077
9dc997985532d1,6fd0f7c496de6c,52a1af208e567c,0.21649484536082475
4bdb03ef6437a2,ac5615165a9a00,b7bb9267e293a7,0.8367346938775511
5615d091da4862,33f50f5491969a,834e0c960b9355,0.5
4571daa721318b,9f48a847cae3da,d9bb650fb44045,0.5769230769230769
e2c8e49384767b,1a667abaee498d,1b750fecdc32df,0.26666666666666666
eafc9055abed33,fe552a64286d40,d20c1c439bb82e,0.9347826086956522
05efe8ba28fdf0,6d585ad17acbd2,519c0514fcdcff,0.8333333333333334
ada09a6516e4ec,4523cd20a41545,32d39deb38d4d4,0.4318181818181818
22a7e72b27e7f1,f499bfeeae293b,64f9a7e2686a0d,0.6382978723404256
6e5d43a5438474,3f938da6551fd9,c00aa4d2833074,0.84
19fd647899e3a2,2f4bf535b21a22,53e098c30b0bb0,0.6086956521739131
530765bf6683a9,1b7825a3fa82dc,fa14c5a48eb39d,0.7777777777777778
44dbb4dcc92b96,9027448d7e08a6,b1f99a12dd4f35,0.7446808510638298
10ac30c94c40ce,0e0716f5339f23,818b6109da21d3,0.4065934065934066
d47ea513669692,834d8131965aff,ee45e30ad69aba,0.12903225806451613
7bd170857827cd,49c41863253871,4e4b39b6ee4880,0.7692307692307693
4d644d1a6738f9,cb68f06dfaef57,9716d24426ce8c,0.9285714285714286
3d8910989809ee,0e76967d025548,6932d07cf84cba,0.2
b284cb5edc08f8,5f63efc2ad25a4,df221c84795770,0.8461538461538461
440c35e32173ab,8ce2b49e8a8bfc,10c0666977bf7e,0.9130434782608695
ccd80fd87c3a85,87f15934175161,87495893d31adf,0.07407407407407407
9c787cfe6eabef,b0fbfa71f3307a,15acfa55fb1d39,0.46153846153846156
87bc77e4b429fd,8315cd8d862412,ab78a0be8d43ff,0.24444444444444444
65462c5bfca2da,4625a372b5fcc3,1a1bfecd20c3eb,0.23404255319148937
962ed14425e808,0661da1ccdaa16,2f161b3885cc9b,0.5116279069767442
d7321bb58d35f7,0b940d7bd3a57f,fe5c61971b81ce,0.5384615384615384
8aa7ea7a3a1d17,df04731306d4c8,f32438dcafcb12,0.04
6d34f7b34a3acc,fde11f90e779ef,8bb33d71867b1c,0.6595744680851063
c10e973e816536,d3fb64cced3c54,9e68d551f5d763,0.8804347826086957
1f9171bf36c9a8,928f6213d9b56a,7bcc9592abd2f4,1.0
6cf08dbc119512,d9c1b35c4efe33,fec767cd5fbb86,0.39285714285714285
b72c2ddefbd365,4fb85ee6f5ec2d,caa18b9a033c89,0.5
bcaaec5d113492,e7eb288286af06,dfb609c5224d8d,0.1724137931034483
c86b83d6e46f89,20e4405eb0f8ef,db5226b114522e,0.7346938775510204
7a0be3743c72f0,a727b703268a71,7a804eb540cc20,0.6666666666666666
cd73c2e19f915b,28e0f3f04a58eb,b9770a69de6a59,0.3723404255319149
63be17f607e7a2,60324c19ed28a1,3226c9df6cc259,0.2127659574468085
f40f1c54056699,f2e1c09779d879,a8dec418f3bfca,0.7872340425531915
f3ac697a36f059,d58c45dae9d9b4,ae0a59cd528dd6,0.5510204081632653
7872527381f4d4,650d7b768f869e,09422e5367e88f,0.9387755102040817
ca9688c867e191,a04f839875ecee,0ffa8cee7aa069,0.11538461538461539
2f9ee4eb81d28a,d5a7e67e66b9ff,6d1ca12e7a6466,0.15384615384615385
a6138b91d45456,af076ba2230723,b29a30167808be,0.5
5fddbe5a379a17,ef110260156e3e,e7df7ebc15d12a,0.8842105263157894
3e6fcef6530997,9a7ae1ec2d647f,07b170715f3dd7,0.7659574468085106
bd3cb72cb047c7,ae8b39cf891a7f,f5404070caff45,0.625
c63c4ffd43b734,77ca259013e2a5,89848afbf55ce5,0.968421052631579
e7170fe5c3ae11,ffea904c2ae955,8b0fe92b71f4d3,0.8541666666666666
1e63a7c8daa980,ac1c3673c328fa,4960865206ccff,0.3191489361702128
c1e57004b176f7,9fed89eb398459,730d1f0735706c,0.8571428571428571
43334e7b6e1bdb,7f923d776cf9f0,a08611b586e59e,0.03571428571428571
e982df870846dd,8b702f44818d24,2cf1ea7b8539c6,0.6140350877192983
14775d1810416c,f54d99c3b51b0c,2e2dd0974d552a,0.2692307692307692
a403a92b90b64a,7aed62ce4f87cd,97e4f950c237ca,0.14814814814814814
628fd05d3d0ba2,cb746a95f313e2,797b5e1bbc4914,0.5894736842105263
be910792969c4e,9d5f6ef390e8b6,57b8e24d062d74,0.5319148936170213
1ef3c5f49ca49d,ace4ac58ad0fdf,882f52cd09735b,0.28888888888888886
9bceca80c9826c,534f98bbc5834f,45cff52a4fcaf6,0.4166666666666667
e5c65fcafd974e,00584e27b43376,501af68ba1f075,0.2857142857142857
bf5ae44ded9ebc,2cc15478fcf933,1ef92d54142980,0.6781609195402298
f2d5db0bec7d7b,6b9add497a3d1d,afbe005c55858f,0.896551724137931
c80d879fc433c1,a4ee5fd41e9d46,f0e91e2c0d8d3d,0.2413793103448276
a0c49947a6f08d,3fdd304bcacfad,10a3fd78f0304d,0.7659574468085106
78db0ef4021e05,fe0b3819868205,4307b7ef4a8d5c,0.48148148148148145
ef04324f1800f6,316640a1d583ca,ca5671c6a8cda4,0.782608695652174
1af50ab6a8498e,5e26d5a0e734ab,7f7b2b438c2de8,0.17894736842105263
727f5e81561075,aa6fa10dce8fc2,8ed056deaf251f,0.052083333333333336
5032cb183223f4,959935a766a548,a728c2ee293965,0.8666666666666667
878ee543319221,39ab497e66dec2,a625c471f0e35d,0.0
845443cd876388,d932fce4696246,7eebea8401ca54,0.5217391304347826
150a95d1bfc17d,adc9d2d60e8ba6,54456ec0a4b898,0.5319148936170213
fcadb01443ef5f,f9244721919f5f,fe8f685db290f4,0.4489795918367347
248e8cf06305d7,676220c1b8696f,3e5ffe35478788,0.64
8ac01d6307af5a,633c49922b4dae,09aa77824cda65,0.9130434782608695
49a9e242f738c9,c4429d3944365f,b728900235d27b,0.8163265306122449
ec2fc0e412d1c3,7883ecec759f11,e2eee0a70ddaa1,0.9347826086956522
470f2f759147d8,b6b5b692df5b71,c43bcec0159357,0.4074074074074074
2436f1b61d6ed2,3367876a52215b,85b244c0dd98cb,0.8297872340425532
b0f2d79ffed77d,6bbc4505b8759c,7010a5d10dbc53,0.8076923076923077
5f2701bc7f3e93,87fa3e70203174,09e28cfdf68077,0.053763440860215055
4d97ddaff12c26,fdcfa93c77dd80,a7c09ae60e02b7,0.03333333333333333
e960ba644b6312,24130c6c53c462,04ccc9266a2af8,0.25
d93c8abedb9188,556070b7952679,fc4dd835c4d994,0.44
98da2f91bd06cc,6a647210ac2baf,fd9f469fdec536,0.4375
ce9ae4a9edcd78,022ec0635f4c19,e71495869ec6e2,0.12
751c68722c12ce,68804e79fa7e72,1b52164bfa8ef5,0.6170212765957447
13323bb5462455,8d8e2e6392d764,632709b9b6d6db,0.7777777777777778
1e344fb799cc9a,ff468a5edb0714,e52ca6324ac866,0.6071428571428571
b220eaa94f4d05,6505267c53b4a9,cb781821aac6f3,0.21739130434782608
e10a5a33cb3e89,5e53d3842d1330,9dbae87381c93b,0.0
7ab9433ca00361,14e45314c1ff96,b6540d2537ccc9,0.5833333333333334
4469b073fc0916,01065e1e73fe49,423d6e9d82fe1a,0.3333333333333333
1ddc0d25b44e22,376e756e33f1b6,60bf9c04b9244a,0.5473684210526316
946a6ba8033485,808a9981120472,e60a93468ebbc3,0.9148936170212766
c263c8b9ccc5ca,ad1867fbe6b744,f104f6056c6d44,0.13333333333333333
a3f5a545395e0b,7549c7fdd2183d,1e3e27770f58d5,0.03125
10114ee8ecdcac,fddfdf50afa89d,91cf209df22a9b,0.07142857142857142
ac2009be060b9c,849d0faa4db1f5,53751d94968dc1,0.5555555555555556
c70a55c5c2e4c7,d66fcabc957dab,2cf018b46c1ecc,0.1
8dc4cb339a3388,0e44fe0d4b6d3e,83aeaec18a61be,0.4666666666666667
30c685cd9f1500,eedcc042c2c5c4,62bd815b6f4190,0.4482758620689655
677a3c75928fc8,68b5b29e515d51,a073da74852c47,0.5714285714285714
3a3324c4d3e56a,4a9981afe1a711,92381e3456313c,0.84
df87e61fa7d261,15b10928918c2a,709266416ae3c7,0.19148936170212766
79dd78da0ede40,1dc1cea468c28b,829befacc07eac,0.5473684210526316
eb28e220c95a77,330fded022ec5e,2ca53f1f980ba3,0.4666666666666667
85a440134e398a,a1dec546b440de,f12f5028df3dad,0.7021276595744681
a9e0b9c10d37d6,a0eb6b1c1d9115,c70a52a3054f80,0.6
c554e4fa0bf047,e8d4643236a1ce,0380a10958ed05,0.673469387755102
f377a8d3c00ea7,8141768561095c,7f0eb942acae82,0.5517241379310345
a632ecb3f7dc05,11d343f987b2ab,e4c91d48265cfc,0.8645833333333334
23061a82a1daee,af58bc55b1b164,a58bff7c3e9798,0.42857142857142855
3fba59f092c31c,bc768376978a43,b4d709fb604f11,0.2826086956521739
e98708c013e26c,accd37f697588c,81037805e11444,0.9032258064516129
5b668856c2fa21,7b1fcb71f43bd6,9708b1f6310d7b,0.673469387755102
c78f3931f1b220,3de1a2d0868ad6,b0051d28cd4eca,0.34782608695652173
64858d7b257549,b5f0a74372e5c4,edd28e38910906,0.9148936170212766
99a37c644526a3,503ff929cd3f9f,a1a17e7bfa9b54,0.7692307692307693
bfe0a5c509ae77,427bc88a52e073,c8aca5fa6723af,0.3076923076923077
9010fee06ac9a6,50bd9bc020b6b3,dc3c1a9b071c0c,0.0
dcb958901fe86a,35c7a5a80321ca,d818abc020686b,0.0
49ca6bf33bcec8,04ea5cabd08a2e,ab64a32cb96af5,0.23655913978494625
540fe7ab57b267,931268c0f2eb59,5412d55370676f,0.7157894736842105
49e1dfea4b3db4,daa84f69930867,50a5fc7fb30729,0.8518518518518519
b1a56f1622f56a,a302a3acc66206,34a78f026c3d48,0.6666666666666666
8d737dc8da2a5f,9300f6a55d1569,1904291ba799ab,0.9782608695652174
dc11dff64264fe,09a831a84fd0d9,a4efc719452ad6,0.11538461538461539
b45fe2c6b5da5b,c141603d9116a8,bab644ea74d54b,0.3793103448275862
c6e11c72717f6e,c6dca409abcda4,b7995326126ff6,0.9166666666666666
8a5b69c9aa0f85,371673431bed01,599dca9c21d169,0.9090909090909091
286dcf76701af9,e38b3c584296b0,6d86e215c37001,0.03225806451612903
9dd1fa5505afdd,692e2325bedb66,12e2dbb216b673,0.32142857142857145
a9e713186c5ff3,b7f649652d6330,cb8412f2ba19e1,0.6875
e2a2e3266465b9,1aed699ee96d1a,0b34cdbd5e155e,0.6413043478260869
e99e28b3ed9acb,8c969c032c896d,94fd416e2732fb,0.6428571428571429
d1e25b90739aec,aa78e207c64d32,8587743e86ce52,0.34615384615384615
557d9313cc23b3,76dbad92efe779,0bbc23e52c00a7,0.24742268041237114
285c3d7c4f1bec,18bcdb29b65d1e,e0c4f901fc5463,0.8148148148148148
6f0f4194ce7faa,75f0b4212765c4,13f1713215c2af,0.5172413793103449
6cf3ac024f6c61,fbcfc91aee16dc,fd42e59b6ca73f,0.1111111111111111
c9cf0bbaa8a1be,c66ffe334dd862,8725210270b7e4,0.8846153846153846
66cbef9623a978,1fb588eeae446b,4e8e85369e6e7e,0.967741935483871
83193a0ca45327,a50ecb667aa433,fbb23a0c8f23a8,0.0
5ccf8801326ba0,9944e2dbd0a83b,2990fac90b54a3,0.037037037037037035
f1ebcd1cfbd6c7,ec1a96ac4bf618,08acfcd374bd9b,0.125
58e5d3e508a8cd,8a61166d63ad3f,34fa1a89430ad1,0.15217391304347827
34fcf3a92db758,8c27fba430712f,ac30d1297ea33b,0.5208333333333334
45f9bada507051,99712bb0b3afe7,78ad90d45ff11b,0.24742268041237114
9d70c5717afa91,636a0524e911fe,dc9962b6133b26,0.5714285714285714
8abe4afa383e8c,7c25dad58f58d0,c07eb541abe4d4,0.3157894736842105
ab0d217cacfd4a,026ba6127f7d5d,8cbebb5da8259c,0.40425531914893614
52c1063f399895,9b9b3087a38b64,259ea193ac02ba,0.11578947368421053
db67b5ff8e2972,27a8bf5b7b7326,2f1436bc47554b,0.84
2306fa04e1a028,ef7f6c64b07a50,d15dab655aeffa,1.0
c79a8bef349402,61ea8bb9da5c2d,978d7df3060841,0.8214285714285714
0f7e26acbd922f,9e9b98b19a5cf4,b87bf85afc6130,0.43157894736842106
4aa2fe64989f50,63fe8918c1c57d,d2414106e83d9a,0.6071428571428571
e4582b89bdafb1,be1d6535c63102,9f837ad777a982,0.8076923076923077
fae019db29662e,9c4d1f21823cec,bcb812039ffcec,0.2692307692307692
d429e2f8f50540,0f90abeb44d14c,f9f05c5967a67c,0.34615384615384615
ceffa06381fc82,9bfc958c0ef845,f1925b5b9aa3f1,0.8125
650717f1a6a0d1,2a8340610dde67,3c12d9b2d8f7f3,0.0
e7549ff7c7f94b,219ca85eec7548,55c8d0275e9b0a,0.4375
74b5b687bf4bbe,867b4923f71e1d,d770e4a98bf528,0.21739130434782608
6366e7385cbc72,52b2bacd7b1def,86d7dc330ad4dc,0.8333333333333334
16a2198f862a60,27b4ae8f081260,29ccc69edea455,0.6785714285714286
00ad37b811e3b8,657f817f03e0d9,a3f6a39740109b,0.038461538461538464
caa2e2e2b59a17,9d3a9ad2e06801,947e39dea6cdcf,0.7586206896551724
73cb539b7bf631,78377c5ee48b2c,03817f334e0e90,0.8367346938775511
c95cd9a3fb8823,31b0b004db90d2,a0f4c77a4c80a2,0.13043478260869565
46d17485ec3cf1,02af9e25746582,22fb4fe68cee2a,0.13333333333333333
5db2e80fd65399,42f0f294fa33fe,1bc74cc1a0f625,0.2765957446808511
60c46a0c952c20,a8a48dfe0577ca,8c1a3def06e4b6,0.03571428571428571
ea5c28d5afc6ed,e5973d4361dd58,7e3e41419d072e,0.4791666666666667
2841d9191659cb,9fe123ea46ba9c,33246955b68607,0.23076923076923078
6534843bb3e298,292b185ecccf14,0b26a164f25c5f,0.8367346938775511
5855e046763c4a,d69ae5339e90de,054ac30b2be68e,0.8214285714285714
d38b47579e0c5f,197eb1349b8f9c,c01ac7137f5a6a,0.8571428571428571
5a6c0d4bdaf9ea,71375e8f634b01,6d895a13dc0fab,0.038461538461538464
ce7bf7d054e923,93f026f9893696,2456d14caa38dc,0.5368421052631579
afbc492ab35320,"5,84E+13",374ede9288c3f7,0.9259259259259259
cd0503d40fe709,85808025637bff,79050d455a90ef,0.34375
e16257361810c7,75ea0b446e958a,474c1e175e944a,0.7307692307692307
90ae1b061f62fb,849f63db35a69a,d86e4282efc905,0.25925925925925924
d50a9b8abeb5e1,9bc82b6a04327f,1d869a315918ed,0.1702127659574468
8b3895688fc19c,063b24c2903cdc,9bfb46b38bf8a5,0.0
76240c8d9d2660,b467926eb454d5,56b29ed29a13a8,0.4
8a1fef70515ef2,e58673b5665e75,d80ec08ae34dd6,0.96
ccc129401f348d,dd43b34854b8a4,9bea84983362e1,0.7333333333333333
8f3d7fe524b089,07ed410c71e67c,31e64412347777,0.0851063829787234
4fe056dd98cce8,5cae8f0643ea07,fceb7e777a185e,0.052083333333333336
1e503a0a4cb609,2914b6816366a8,561f8aa7502bf5,0.0
ec90d5a7488bba,88690a847258dc,fc59285809e0a4,0.8125
05062b3e9f0a62,5652ac7a0686b9,a0e51733cc9ca1,0.6739130434782609
a773f7e82c35b9,148d6a79553c92,34534a307fa940,0.8076923076923077
c0cb7ce5261e1a,bb34e4a8ff1cb4,f1f41159940438,0.2962962962962963
3842c8896bbe5c,a122d01b4165ab,fe63235550a28c,0.6041666666666666
767c798b639cf1,8c2b79f03fbdfc,1f5ed2b06527e5,0.17708333333333334
0d1cdb28f1ed57,4567fc223d16d5,c196286b221aa1,0.07692307692307693
49552ca4ab060e,cba9251bd330b8,d3deb6a3102754,0.6808510638297872
44d9db175c3d58,d6d8cf775326e0,8c357362c9aca9,0.11538461538461539
46ba5594f81793,2520d2672646d0,75ba12393a51ce,0.34615384615384615
7a40bd0cb47f66,70f71cc6921ab2,b0eb566d846d18,0.8888888888888888
1a85f0fc09abf5,eb8eeefad3e812,03d5d7600750ae,0.5957446808510638
07c6e5a63d1010,79c9f4336c5506,ebc0a3e3c3ad59,0.10869565217391304
48985bd4fddc18,cffa265c44da15,ecb7105cbd84e1,0.4074074074074074
d0b308a8851c44,8a3108de6bfbc0,c01ac7137f5a6a,0.39285714285714285
0ae3202eaa07c0,aefdaea9edd44d,3f3b125c55c19b,0.4
21c4619fb6613a,d54b8d241549c2,e80b8eb06b2f43,0.8478260869565217
199ef522f4eabc,b3ec3807ab93f9,3369333a24b66d,0.7407407407407407
91d9d7cd0d5b70,fa572550b56d1b,ea8f8316276ffb,0.1
a4b1f6f592f1c4,c64f4bd4767f37,91632b1feb8618,0.5555555555555556
37b591d935742d,faec3c6ccf4fad,8a0491154c6419,0.16666666666666666
70c6872a4259f8,ebc61e20cffa86,56f0ac9969572a,0.68
9ecd9855c4fb1d,0dce97ea6a7eb4,bb3faf32e43c46,0.0
43e8ceff8d40e5,268cc5159c263d,dd5a5956d8ff3e,0.8333333333333334
14be58e9eee27f,03fe07877f1521,378ae3c8a7dab6,0.7083333333333334
54fe6bca03b8d2,4a4d2886e28125,08fccd49025947,0.5
7385c1c9491fc3,c3d9a5bcffe5fb,b38e36b81cc33e,0.24489795918367346
0dc8e810f9f879,077ef8c80e6c89,c581f24c67145b,0.9629629629629629
eee13292a8c82a,57a32b01a4cbb6,a102f11830915f,0.8888888888888888
9e92e8c60b8c4c,989c7c5763f7e4,c2a363f9c11cd9,0.13793103448275862
72de4783859baf,191d21bea48359,dfeaa515273a80,0.8620689655172413
c2d4ec6bb9c0ba,a082591138dbf4,b99b1ff4f42e20,0.29896907216494845
070f3f38ef2361,4da7f5d98608d4,edd8bb9a0640c3,0.96
b7f7d7942653d6,9ce0d2d01e0650,02b323734a5d15,0.038461538461538464
4b67b3caa76858,f120556ef71cdf,3b50be038cec95,0.3402061855670103
5f2c7314a47529,eea164bb33fb03,ba169e495fcb18,0.32142857142857145
42fdd9e658dc31,cc74cb0c4a3f33,eb020a3ecb5a49,0.9555555555555556
dfa0435d4aec02,2631eea4f68906,f3d0bd5f83c71e,0.0
2a7b54ac5b7c0b,c342feb5f0acda,316af15a98c3fb,0.6770833333333334
583ce6d4ba4ad3,dab592aba30089,2a483a931efbb6,0.08
e2cc0ce3a5af50,49afe6314c12a1,4de3183e98a426,0.3191489361702128
e24d24963611a0,ae14ac529b4254,e8ce36d0984bcc,0.9081632653061225
26fbcbb458e453,05cbeb0da44387,bf293a6dd0db9e,0.2978723404255319
8dd929ba46f033,2270cdf427211d,6311fdf8366f31,0.06451612903225806
346557a2dcfe89,65881d61bf0170,64b9dd114530e2,0.6071428571428571
65496d6a5f3bc2,6e5b66532865fe,c5f3043acb4968,0.2222222222222222
793417aef2df45,23bc939683e6e0,42a868530483ea,0.5638297872340425
93b181425ae754,263e90cf913e98,6984f262b97112,0.5384615384615384
63ea12fbfc6128,aa0e8ba9d193fc,5c1df8af6636f2,0.6382978723404256
305b1c38ddef0e,8789ff8d903e01,4924167e2046f5,0.4583333333333333
eb54314bf2da2c,423a034d22b223,2405310fa9df81,0.8571428571428571
738a96e6505bba,d4e17d49887f33,07c2f7cfe3bce8,0.7916666666666666
24f8dd858f00fb,d0f63d205a6118,2b1539c1515709,0.5833333333333334
b1aa2b5eb3c287,088e938c1f00b3,0208eccb6203c8,0.9166666666666666
a1cfd1db6dd9ed,0e9e85d68f9344,30e911882bbc69,0.53125
3576bfdce9f634,b6f3085919435e,bb6ddb118d5fe0,0.14285714285714285
7455b5c16c772b,c8cbb5e7bd1389,b88754241e1307,0.9090909090909091
d632a08041b179,14d318747448e5,74fc9348c531a3,0.5185185185185185
9d2020d01eee41,10dc03aa37f375,05221de8caf2d4,0.2717391304347826
dd7a20530fb893,33265f57438539,09b21332833181,0.5185185185185185
52879d42063c0e,d2f203c45db231,b3131c720f002e,0.25925925925925924
c6862254d0ae5e,4032e0e4963dbf,9a0bed7de318f4,0.5652173913043478
0242c4d1e6b001,5ce7520ad15d38,c1c40ada4fad97,0.08
ccd9ea6a919e8c,a0d7382c051ee9,4478d4d40adf4f,0.6071428571428571
7f4d2cc83865e9,44b60175cdac8a,e7ffd935b1eaa4,0.9
e193a1255829b5,d48e7cd12c2c1f,bcf6ae1e1205fc,0.17857142857142858
4c6ab02d46b4b3,cad775f924ba3a,e889fc19bddff0,0.9042553191489362
df9e185ce223c6,f99b38ae7adae5,1a4d6f217056fb,0.08163265306122448
7b03a41b19c299,8bce214500850e,68397a3a94cfe5,0.06666666666666667
82a3eb1603230d,8510b8d35b7662,87452283f95846,0.8478260869565217
f6832c73add07a,5d80336e1dfe2a,372d81d6ec64b4,0.02127659574468085
6003cd1ff191c6,b88beb004b583a,430976fa5cff4f,0.723404255319149
5d549d853a5c14,23f5f6f92347fb,a4d900fa352139,0.42857142857142855
01d2d9e7095689,b562cd7317f0b9,7d377686212dac,0.6785714285714286
78819babd2fc2f,8cd7e5aaf07b7c,6ab00221ec277a,0.5555555555555556
feda1963843822,84bc4340f0fab3,a0e2caf18b0ea1,0.5833333333333334
c4ebfa8672ee6e,ef632baefb44e8,2145886646ffcb,0.041666666666666664
6a7a5ac6dfeadb,c2dc6f8c981ca4,0f20249f94430e,0.6206896551724138
5f03942c5a1eff,2fbc85a62e8531,8050f6994304cf,0.2978723404255319
19c99ca4006aec,e3012d273d95e9,7453878bc85703,0.7692307692307693
0e012f85eb1c45,7a9801315ff7a2,3949a3da97b17c,0.48936170212765956
74c15cf380429c,2d604410b2a8aa,49915f5d327e42,0.7555555555555555
6d4786bf66df08,da7cdcb7721dc2,9fccad1a1ea19c,0.7777777777777778
3b4cd42c2f5f53,1e71ebd8bc532e,5b93d1c1f3bfc0,0.35789473684210527
bc253dcccce6c5,1fedc51e068dd7,5bf7b61ae3d05c,0.07692307692307693
090498c539ee2c,d8d19ee1d62fc0,c7816f815b2aca,0.7906976744186046
95bd0769bc114e,2a94fb14344105,ec80a7d4a2b264,0.17857142857142858
7fa3349c3a811e,4576df987d32b0,00fdfafa18c055,0.26
ea6c393b460f98,161b1e036d717c,1e5e74f2ba9b6c,0.19230769230769232
caaffd860b75e9,9360cc70d706a1,efe425328cf162,0.8163265306122449
79eee1937b162f,75fedddc1b623f,18caa04065de06,0.07142857142857142
6a8281ef83c4b4,3a9cdd28790378,2d176611d9957e,0.35714285714285715
9dae63b3598c8d,1f7efa6fd2681f,c9e9e45c645415,0.9368421052631579
1e2727a56435ce,c2816913fe62de,e7e0772f629da2,0.4270833333333333
490a83de880623,c1a650d22e5eb1,6f242e7bd16a23,0.1724137931034483
dbff5d2b430a52,bca6d050a3b23c,b19629b89184e8,0.0
609908993e5db5,bcb5c5257c5d07,263f06e3827e1e,0.7346938775510204
86b7e6ad2fd6b9,8eaff686e351b4,9f61ace02a9442,0.25925925925925924
2c6698cfd558ae,9ccc1ebb1e68c7,f4d658e24a4339,0.7386363636363636
0c347e2c1471b6,79cf0090e2c6c9,51f0470cd4b8f3,0.7916666666666666
1ed51c35fda2ac,18810dca3d96b5,81b410de4c543d,0.1875
cf8a983afa6412,4a5a4b08a1f7ff,8c4ac662ed5280,0.12903225806451613
787fa0bb63ffff,0d99e724c2a9f3,736d942ed65d7c,0.9285714285714286
b9ca8b90f525fe,a865f6b5afc666,7c6ee58b256721,0.10344827586206896
4f994892a166d3,53821d03873be0,e3945df58a03f3,0.23076923076923078
dace782e247d9f,7ae5cbda11f1b6,5bc99f07e7d012,0.7956989247311828
f880883f9efcf5,8cb27e3e14bc3f,4bd9ad7ef11d84,0.68
823304c944fa69,92d51a8f96cdae,c58fb91d34ab50,0.3448275862068966
6d68fd1a780038,5fc3bd42dcba01,038bc769700767,0.7142857142857143
6bbabc9ddc98e0,fb9415b9fbb005,786fa2dcd7220f,0.8723404255319149
48089ed0042d81,adc2a70b5a8ff1,76c9a56f9e87d2,0.3404255319148936
d9b7af1eef7caf,2ccbeed479dd08,542172cbfb690d,0.20930232558139536
c38acba3e42ac5,2ad1a8bab25d8e,6f89e02c0767a3,0.25925925925925924
0c864ef4836a17,732f1d3e9741a8,ba21943717371c,0.4230769230769231
dff7d00dde9c76,519eaeb27cbfbb,5b28e2bf8d9e8c,0.6666666666666666
b04836f4fb9924,fe48a81815e742,4908c859f4b8a6,0.10344827586206896
a7df11b0fe3590,09fc472ed09cd8,38dfde2f9ce5d3,0.0
3495c4a3b2ee63,fbcf8bf5bc7e43,09aad2fa4dde9c,0.061224489795918366
92691c888f7a3d,45aab7cbb5b7b0,5c0286a571d6cd,0.8846153846153846
6e1366b2382cc8,e452be3fa7c95c,5eecb3996d2cda,0.5185185185185185
a8425f096a5396,982508a90722a2,c5bc844905cf9a,0.5555555555555556
6599d316971bdc,877f437d6d2a6f,b7b75f79e2c53d,0.5051546391752577
c51c8e90216bde,139c3ac62b2899,8e52c762ced370,0.9285714285714286
d16262059b17db,5346f34fe82a5c,7674bbdf3a7854,0.75
ca6cea1d3de21a,f8ff11d1c09a95,7aefd6ab8a84f3,0.39285714285714285
438bd1f30beaf4,5e32ba0bcd3ae4,06c0cb44b020f8,0.5208333333333334
87fee48e714c84,bf996d85a1b78c,20d907bb1d7664,0.4583333333333333
0002b97c1c8f8a,6cfb14cb7d1a23,07abd9e94d5597,0.0
1096caf9dfad1d,60b732ecbf5d86,4703d3a2917a60,0.797979797979798
1e37be8d697196,2330d0bcecaa61,"4,46E+13",0.6785714285714286
59b2e13252e18a,f6c704965eab4b,abba0849a9e5c1,0.5925925925925926
619b9075c63778,88229814ef1ce3,03b764ce38ee44,0.5102040816326531
9a7a8a0c9554af,ab9322f097a20a,2842c5f498e698,0.7906976744186046
4943a857341da9,64631dff8cac4e,83211ad818bb3f,0.15384615384615385
af9b1062aac796,cf3b0533a19e35,9866b37592a394,0.75
c63f3d45c79bfe,b7b61fc3957034,42eb204e9efa2c,0.5681818181818182
07709d84b00d2f,3bffb2932a19f6,8049006d41e0f6,0.1111111111111111
233bfdba1df7ef,ddd2c736d9a4eb,e45f28e60c3a56,0.15384615384615385
e9965d45029722,3772b15974eb95,c58ab3129a4c20,0.3333333333333333
e000db1741663c,86cd7a5d9fcd88,078b3ab9455d96,0.1111111111111111
277ac72c51e758,ded69008136363,617044ccc7e9a9,0.037037037037037035
2a68bc0fedb189,74bda3bd08715f,987b22cc171730,0.0
b0dfe950a1a006,6cd43d26c3156f,3d302cb854f93a,0.7291666666666666
569d7206ba6494,f07e3887c9e9e1,00af414523d982,0.851063829787234
f3c378717fc640,d00a37e76b44f4,ce5921031d3eb7,0.5111111111111111
21ed56ca4ac6b6,35d427c8e01477,1b721589109f8a,0.7142857142857143
89fd9f6ca766ec,858a59419d54c8,b2aade50581b0e,0.5833333333333334
2d6e18e12a8db0,d5d54c2e93ed0c,8c1a3def06e4b6,0.8928571428571429
d30e998e2b014e,b9f04b74079572,a694e8cec86691,0.19230769230769232
97e2599a3f2e2c,15fca52e0dd524,c745e8839d994e,0.5
ef36b6a03de0ee,8721b4054f62ec,dd9d345bd0471f,0.8461538461538461
037b881ad18fdc,33c374bb219a0e,9adb7a5035e5b8,0.6785714285714286
10bfd856ae0e91,879844cb0081cd,75e59154cf1fc5,0.8333333333333334
ee1fd10ac844e1,f2b902fcef6669,2c6c21a6aae125,0.5306122448979592
b0d2c0c9dcbe82,6e556bd7a786fa,ea051e3f6ad9ff,0.30612244897959184
21690d1969063f,f59d4efca99f16,170075871624b9,0.5357142857142857
de36b342604105,de709249124edb,72a35d68c7a0f3,0.19230769230769232
48a2ca9c9721cc,6a5670d434c477,2b50d2d1ae91ee,0.43333333333333335
4f4d0d21f51515,ea3752a4018280,a3a60c937a94b4,0.4444444444444444
6bded4d4135b14,e25900d6f656b7,848bff33edf7b5,0.7659574468085106
a979d4542351db,3ff1de44f4825a,ac1b9e88b47df0,0.061224489795918366
779e626dbc0ffc,2366d80e3f2801,1a672d94317485,0.07142857142857142
1cedd8589fa904,216fe47d0e280a,375fe44b0bdf68,0.11363636363636363
7b1c3dca6f38c7,aeecf6de397477,9ac949ecf680db,0.07407407407407407
266aa7bcd9ffba,3f1e38edda1d74,957448090ad453,0.038461538461538464
f5e0afb19964d7,6088065ae46ae3,af769d2531580d,0.04395604395604396
507f61cf2580fa,6e777c5d82cc99,ee25dc6a64c9a9,0.8723404255319149
bb8e04c09b61c9,e88261d716480e,a3615369d20239,0.2553191489361702
675a714ca4853e,6dfeb73f7eaea6,cac342a34f7c8c,0.2826086956521739
2fdc957b630d40,585603ba23a09b,b408c11beb3a4f,0.9789473684210527
986af42e172c2d,87888a43202fdf,8bb277e23e9e9f,0.06451612903225806
e6c2b832edbb45,15f741d9433d62,bfaf12afada4ed,0.28125
b42bd75b0df872,e49ef666870f9d,cb7220fe8e95ae,0.03333333333333333
c5abee36757205,53448d0e079c4e,9fad02c3cb127c,0.46153846153846156
2129ed32ba30f5,007f8754438352,dfae2ce18e7231,0.1111111111111111
3559a06d57a523,6a7ed166638de5,8c3f1d8d9a1d2f,0.11538461538461539
a2cac3172f02ac,b781a02e3ca4b2,2e9a1dce71e37b,0.5769230769230769
f53ba7988cca45,15faca896c79b8,971291fcf8a966,0.625
ff9a58288635a3,0e9b253a53c31e,7f0bfdd226f48c,0.7142857142857143
09b0955bc1f522,ffe81181712bef,3e14b9c37b30f9,0.7083333333333334
3466cd0c99650f,7727963d86005c,d985fd23240b2f,0.8043478260869565
c341a7a9eb5f40,f7382491e15e24,5f1bc9ec485742,0.37777777777777777
69e5b6c288d1e4,277fee2ca5180a,e673eb27078dab,0.2
7dce8ffba534c2,09e33a1043d0ff,7cf4c92ea22687,0.2553191489361702
c09886e563a304,5d8dd62b600a2c,d5582e4489d5fe,0.2222222222222222
dc331862395d1d,eeba12dc005d0f,0b73acc64dea6c,0.44680851063829785
c8999f0baa07e5,3ffd24efeb4a86,356aa23451e206,0.12
1ca7142c5effff,904a8e9284179c,8525ed29f28b84,0.1111111111111111
65da0785257f09,ab0a29c031cf2c,dcbedd1aa708ea,0.0
43efc0c55929cd,775c6cf1574544,8baeaf51c6a335,0.125
5a9cf84b8b396d,157e9f141339b7,813358ea705d1d,0.3333333333333333
e08f4424dde7c4,b75bdf1dadfc7c,a355c429d7165d,0.39285714285714285
9f5642a5126903,57140ed5ce3de6,f80f020ef0d44f,0.14814814814814814
0b152b5fdc437e,03083166335ba4,7136d688bde10e,0.20408163265306123
f95d08f3e351ff,d51bc9739dc974,3178c80bb0c0d2,0.41935483870967744
5e955c0007684f,4f55d3ca655bc1,7a2458aaa38601,0.8928571428571429
db7a68c07e7e89,7a24a6ae8c3b86,f7d8eade8ff2f8,0.15384615384615385
66f97983e5402b,61e0aae06bc7b6,6b99e5c323d24c,0.27586206896551724
b30e8fc86ab9e2,5330030f323e6f,1c0bdebcabd412,0.08
6de5b5c5b87844,e51997b142c199,cb6474de2f4c88,0.2553191489361702
2bbebf17ce961c,249a5700b7c22f,9b7eb95e4b6e82,0.46938775510204084
1dcde005717bf8,19a786149f3ec3,1d2ead21f28751,0.10638297872340426
5928c447c56a38,856c5b42256e48,6a825a47a0b8e2,0.0
842f350140aa30,1871bc26c8b94c,ce46e02e5bd741,0.27586206896551724
1c321f3fa79e56,d308ce4fc02f7c,f1e4fec3a51b3c,0.09278350515463918
8da79764472441,9f896c99b0927b,7f2d007734534f,0.125
8b52dda496bc1f,c6011cce12cdc7,16f4ecacd132eb,0.896551724137931
6f54d0462dd151,52e704b4f8bf30,4c34ffb2bc5b33,0.3333333333333333
5312eadb56e6a8,8d34b3cb717616,c9e27693b0c04a,0.8229166666666666
4ded9ee9b7567d,b85d0117a17035,31f99c7911b592,0.782608695652174
83775e914d665c,59bcdbd4401f33,b964bc233924b5,0.9270833333333334
ab32df5281c503,b018b654e9b3a9,316af15a98c3fb,0.6666666666666666
4c56335d429bdf,c33f2ab4bc38c4,44c20fc3afd625,0.8125
32d188e14bb7d5,0339a43eb65f55,580c54d13cad5d,0.875
05966d0ceb67cb,88edcd241de493,9090461ac78bc3,0.25
2066c8cd43cbb5,87a0ad05391b44,d2d7782a6deb13,0.2127659574468085
4de2356631f928,8fa5272c044ac9,4f07e48001d8a3,0.19230769230769232
029864cc7a959c,6bb97e84d8dc31,bf38600411eefc,0.2978723404255319
29dff328a14de3,15d7084a6d35a4,c4f47b0bb4dc96,0.5333333333333333
ef45b03cd2f821,9302c6168b3ea4,36f6ec2be6c0d2,0.06896551724137931
56818c36509baf,84ce528d293a78,ec6f57406c7ea5,0.5833333333333334
dea9a582e9158a,12115330386d05,53fa98a1af9523,0.08333333333333333
a47ce3c47d2a24,fa5532fbfb7d1b,fedf9250fcc0c4,0.375
0f69566181f590,a25584f71e06b7,11b412118c5cf3,0.17857142857142858
bda66b77e9fce1,e3f76738b5378a,df722ed565835d,0.3548387096774194
cd6ac63a6ccf76,b3abaf3024384a,391fb5ff344ad2,0.7142857142857143
52e685c0c75e83,9e49082e01e4d2,4dd8efa3d48244,0.5357142857142857
30b55c8f90cd78,b3edabce55b72d,ce532024166123,0.6538461538461539
ab5cd5ae91e45f,fbb9ccb4385ccb,504cec11ffb5b9,0.3333333333333333
346e88292cc2b1,147d2836cec481,892a0381005ffb,0.03571428571428571
17d11ed31952d0,bb6400395b1517,8a367517b39948,0.7582417582417582
6fee8a78bcd641,777c275d3cf95b,ab022b1f07d9e3,0.9655172413793104
28448163125ad4,8b225faaf1e0b4,689ce804678a81,0.037037037037037035
b163e8ed33fd4c,22533f469fb0bd,a16a00ec1e3c7d,0.35714285714285715
1699bc56c1cd3b,82aa6e6537ee4b,fb353a247bceae,0.14893617021276595
49569e3a0d038e,6abec38a701d47,bf73c38c9e9c0b,0.9666666666666667
bd2d90227bb305,d83dabf79052e9,b0d429870bfec8,0.8148148148148148
cb3225e27fb056,906eadd3ebcf6e,c17d1a345cf243,0.5862068965517241
53b162c500fe96,b25e3a7a0ecb09,663d3ad2911e37,0.37037037037037035
c2eebd5df028b1,6eec1ca3a8e257,2d033e8af04bfa,0.3111111111111111
ba41481d054b30,f23713d6eb41da,cbe19b96a64b48,0.6296296296296297
40425ea770aa79,3046b56dac425a,96023c99daf38f,0.6888888888888889
f5ce98f65eca67,191393bac9aa71,5bfd367b49b652,0.6521739130434783
80e333764babc9,74d967321421a2,914d9cd6f7299f,0.6666666666666666
f0cc2c19b40773,b464b3810d4782,ea3bcf2ecbf548,0.14285714285714285
030a4340304ce4,238e62f8785906,13e6790eb7ab0b,0.9130434782608695
301be2b4e056da,05328f93a08a93,fa408eb97d427d,0.7857142857142857
aa83b5ed0b7b1c,10423cebea3d30,d0bc175885362c,0.037037037037037035
79dc2bcee8ed72,d1b8b54d0cc43f,7d545cc13f71cc,0.8085106382978723
0f07f552781cc9,cbe63dde86e738,e0dbc096a93367,0.48148148148148145
86d447a611f319,f07e5ac3fe302a,a8738fddddb67f,0.24731182795698925
e74c979cc0cbe0,ec42d79102bd63,b9ba0e25e0aff8,0.6296296296296297
f92d0e41392239,4050dc6f18d8cc,9ecc5e14bb227a,0.15384615384615385
19f752636f343b,ce0c8ee84864a7,54c8e6bc4dd92d,0.6770833333333334
2973c391bd5052,340643219d2400,3e550ec9711136,0.011111111111111112
9bdae0cae2048d,11e8b865952d84,790f5dcae5baed,0.06666666666666667
e0e6b7be01a6e9,8bbb0e804f7fab,a957927918a80f,0.23076923076923078
d417b43ac6473a,8745e49d8bc950,92d7eecb9bd1e0,0.7692307692307693
1d13e091823923,32d2920fbf7fe9,3c410d714e15fc,0.5217391304347826
53ea46a6844389,2ebefb19ffcc6e,02b1a92a3c7cac,0.8571428571428571
8524f995b32fa7,fad0085da8939b,7eb5baefb72701,0.6875
"6,48E+13",0089a8a50473e3,d6a8fe742e5088,0.07142857142857142
6f75ae19655c6a,3028d08e28ffb8,e7df7ebc15d12a,0.7578947368421053
760a16aad1d2fa,8e05c7f656a038,b7aaccca2c7bff,0.7391304347826086
6de13f16a575bb,11a368774471ab,f4ce63fb814816,0.0
e7fe4877208e69,6b573f619493f6,34bf7fc860a3dd,0.1875
4bbcd0b98815b0,ec669a619dc7e3,7f7b2b438c2de8,0.9894736842105263
e72b5b806ee4e6,b9f422b6f3885a,06be863189bfc6,0.9148936170212766
1692ffe5845bf7,110853bb7b0df8,4418e588f3eb27,0.6
3bac08acdbf324,a57f2bce34e7a5,c254d803c84453,0.391304347826087
dd11dfa2d1d3c3,c526bd017391fe,ceb296677df1c2,0.896551724137931
d968cb1dfede83,198c2e7d2c6c3d,0394ca80979dc3,0.9387755102040817
1d1319073a6b42,35bd3224a7c96d,ed26e943a4a2fc,0.8936170212765957
701cad7b5c4da7,38659f1d70e29a,66f31c0dd1addf,0.42857142857142855
a8565945edfe23,ff0dc8e5bedcd9,b92c3799cd2e09,0.0
8a2e9a895e4a91,a8ae441d34b1fb,cb665e40710651,0.5357142857142857
59ba956c1408d7,c62942b2cbda5d,2267b690d6a031,0.8571428571428571
afc9fbe3815ef4,38a46964ce62e1,3013315b44f3f7,0.39285714285714285
6dce42e90fceab,659e58db15aaea,082127b4c41057,0.24742268041237114
969fdb7354fb9a,eb75f52f8e5128,ea10fe934776d3,0.8666666666666667
4e28b83f3fc142,85b3cb92374181,9567e1699a4098,0.5833333333333334
7258b015d844f1,1a92441f1ba0fa,5efec019292fe4,0.9578947368421052
19bd2ec428fb65,2793ebbc1b8020,1cd694c1da2a55,0.42857142857142855
71d71e458ff0f7,e9b519106cbe50,f2b3119302bd8d,0.4642857142857143
3dc4326aa3f804,eafc38f6e07109,8a932ab1f94d80,0.2857142857142857
84c06c6e150b16,bbc9e38fc81b1c,6689634510e419,0.3617021276595745
096c5bad6d96c9,4c2f7bf51451d5,3b989b6f776134,0.8214285714285714
40fd2beead7165,fa172f33a8c3c3,c1d46e3730883c,0.19148936170212766
466f397b07fa35,"9,11E+13",b04b2cd4cbb5e0,0.92
88a477b190e39f,5fbc747b41efde,89835b4f6fffdb,0.8076923076923077
d524b6c1e2118c,f3b1006226808c,f9506204c4e377,0.2765957446808511
"1,69E+33",0ecb72e8af7203,ccdd2596cddcb6,0.8214285714285714
d034231b94fc7a,b3b766fc736a31,0a6b3f3dbaa188,0.5555555555555556
d0acf793a37410,3b62abaae3cf09,8cbdc0f9ce14b9,0.0
5a2a3fcc222eff,b417e48bcfc22b,9a5559192b7d73,0.6296296296296297
f95bd39fcbc2b4,ce5382ca75533c,3b358f4c328bba,0.5520833333333334
aef455c7c10565,8473e981df5de8,de2d8243b81c6d,0.4
5d2d9eff4e34d4,c434acadbaa2e5,2add3e5af30a20,0.8333333333333334
80dcc56d30a4cc,cb5c2b2d67f13c,66b8fed8207e97,0.2
1bdc7d3200e814,8fa2d59c6e752b,a7da0d1de18902,0.8461538461538461
"1,70E+260",dfe2de3f6b0f19,042bce66c512d6,0.3333333333333333
9349b38894a73a,5ba67e6366012d,c1fecf154dec81,0.5555555555555556
8ee04b1de09bfc,50cb7439789df4,4a5281d7e95351,0.3333333333333333
447d735ce909fd,9a42d07fdedb9c,f4d0578a3e1e33,0.16
3f4ad4856bc5e8,e9ae8578d44cdc,6a00560310c747,0.6785714285714286
9234eeafb10066,4630fa718d7801,37e015125440b6,0.5555555555555556
85cf890db3ec1a,0073fd93d6e44e,66bf20fe0474ac,0.7586206896551724
370b18dc3e4452,8a363fff7c0b02,0090822e59962c,0.21428571428571427
42aa710dd6a492,a54d470de2c92f,d6fe242b28e766,0.22727272727272727
287bfbce219721,d04dbe55e88a79,b0a9a9a55b7019,0.5862068965517241
ca065963626b4c,9e9934b977f00f,6322911da23d1e,0.1134020618556701
4c5f77d062d581,a6eab8c1a4df65,e4b6892c746eb0,0.9615384615384616
89c9f37118a566,66c92904dcf18b,e9e371f30f6b6e,0.5925925925925926
cc09064494a655,e0505ca435b8ed,0f33789da0b417,0.052083333333333336
5a63157fc38e24,9fd1660453d3f0,c652353575743d,0.5319148936170213
4e5b7f12a218eb,1590e458e02c47,df215daa4dbb45,0.48148148148148145
359257ebaad162,5c4d5d0e58276d,dd7eccee7c804c,0.8602150537634409
803a9822ee8f47,9fbde1b318a6b6,2dd61bc600d110,0.5555555555555556
7d280fa501602d,7446faadb1be62,eec1fbdb4baae2,0.5531914893617021
054bd210b543f6,0b090c16e297a6,9d346479227d6b,0.391304347826087
031766e77b7ba5,923012598fe542,2db89b5db196bd,0.7674418604651163
82bfb4d975f48d,f035e88797fdae,330fcdf5fa995b,0.6764705882352942
9dd8bb6f40ae05,8e5c4f03dfa1f3,86698acb18a062,0.6206896551724138
b20a32e8935b04,a6c1a739d70837,2bb3773a7fe2ad,0.5227272727272727
98c48910bfd37f,370a259e054bb0,879e43cbbff27d,0.23076923076923078
9cc8b6e720a836,b4954c62325bf5,3b4e5f7fe5798b,0.12244897959183673
5bc2c1cddadf0f,1bfafadf8a32ac,60d77762fd8861,0.25806451612903225
3d5c24c501bc8f,7ee0787904e279,20d5ab02c2325d,0.9574468085106383
3daf080d26ac0c,8628456cbf01e6,337ab5f5140cea,0.20212765957446807
5aa5f3f4e2f3b3,0d1ea62211bef2,d68d6fc00abe11,0.1724137931034483
21ce28e1f1ca4c,f6dce60d33cfac,be1e62487ce8be,0.16
0a8c10aadf9c6a,e1a3948f03b4a6,93135e6537a5a4,0.27956989247311825
a9ec2a4ecab4a6,fe7ddabe2e5d4a,e7c26c7fd6200c,0.6923076923076923
2259654734973a,9927d0ebf050ec,27e49f20f51528,0.36363636363636365
013dbe999b6436,f9848690a2d9b4,23086906f7eb7a,0.21428571428571427
747d98e7ea0485,d39d9b9e8373fc,0839b8d47398c8,0.9375
aa92a4cfc6ec43,782db9779a1a2e,0ed452fb88cc58,0.47368421052631576
4b9950f674786c,4e70ee64d73113,00287258ca91fe,0.5
e9c3f0532032b1,bdf463f1d09bdf,0624b86e8ef84f,0.9130434782608695
266864ff4770fc,8b20182c822e8a,34bbd7bd94e4cd,0.8863636363636364
929756e03b4071,d9e6528cadb27f,df6a9dac5440b7,0.8958333333333334
66c090a305ea7a,36123d072aca72,b5445675165756,0.3076923076923077
02aca7f064b363,67cc869ce40dce,f10a178e5544d4,0.84
3464bfc97f151c,eb94ea56943154,65f7c1242213b1,0.9574468085106383
2d7dadf99c6903,9cb2750bc027de,f1c2bd349c6112,0.21428571428571427
8704a802a3e992,6e8324750d3583,8170e4ae968591,0.4479166666666667
3b993e0b8d638c,0a759f1d999dc3,c84024a15b05e7,0.0425531914893617
e1f261e6ba4381,3a05d3d7f83bfd,c82f7e73334953,0.20930232558139536
6d819f6f9e26d2,8c6dba02adc28d,9c5f6d8af3f298,0.9583333333333334
72e2ca5ae83bcc,f2748615158b73,86aa3e84e474e2,0.8571428571428571
c0be7f1e269663,38852e43824d28,f0a06eec65ccf9,0.4444444444444444
4d7ed0024abcfa,d2d35bea2f3a17,90cbdafb3f1e6f,0.42857142857142855
2b6a8f0120b796,0f0cd0e00812da,e35280fcbcd163,0.7586206896551724
750eb8fc56b3f7,54e0d254763fa5,d2d7782a6deb13,0.2127659574468085
520eed79177750,ece10d47f04562,4f51ada1deb509,0.5531914893617021
0f129966ca812c,d1e64131f70743,052ac337232178,0.038461538461538464
72ab2e64fc32d7,ba15901745a4bf,4eaa06757275e2,0.3333333333333333
bc86fce1d52c9a,51342be9b4050f,dc1e905a0a8f83,0.10714285714285714
90a0e293ef6b59,0bef51b9a95b53,fbe01515fcb9e6,0.8076923076923077
61dd88f2dd7982,e7acbef53a2506,32514f39a7ed3a,0.061224489795918366
ce0a55442551a0,0afcb09a6b8bcb,013c9d128147a3,0.65625
d795fc752f5d86,4618315a62fced,556a9f37239f04,0.8148148148148148
0ae49bab119660,bd58fe89c5285f,6df5584908bd98,0.125
808fd1a4c316cf,f061fded0b1bf0,5ce79bfb50c4e8,0.5531914893617021
4cd57aca2485e9,4a72e27a70d0d0,2f974347562021,0.4883720930232558
e11671209a248a,93b27cd378b38b,58bfa702e7d555,0.5652173913043478
374a4ace199488,0ad9b6ca5c2199,891ab1c4156cd8,0.4536082474226804
3d671d1595b4f0,35d40be52247ba,0dbcecf8084a0d,0.7407407407407407
58570d012a4995,4219cd852ca463,0fe285fac7d226,0.7708333333333334
95785714030f67,dde37c86a4b9ec,d3deb6a3102754,0.7872340425531915
9272f86cb044c0,c458d8c472c1ac,88081919c7bbe5,0.6153846153846154
1a77d505e7a9f2,a6af02b48a55ec,f6e342d22e44cf,0.0
593079b4029c3e,23ab3d2f96398f,728dd7fefe0ff4,0.72
413bab6d32a605,9844c372de02e4,c081037983bf3f,0.40816326530612246
0946fafc601e73,51fc386f22ba57,0186f50175a9ba,0.574468085106383
01aafff2a79e26,2218917953aaf5,4c382a603532c2,0.1276595744680851
5b31d10ac092b7,3caf49c210809d,639dba864960f6,0.9347826086956522
b16aeec14381ab,9fc810df7ebfdb,914fa6b005274c,0.14814814814814814
0794cdcb63db7d,ae25d7d5c3ab07,273cf4dd80e347,0.375
0d4d789fc154c6,014a4f6630e666,9cc6f626d508a9,0.7380952380952381
b693253e6cfc48,485c16199820e8,0a3fed56c260ef,0.34615384615384615
67f6fcf067fabb,95230b321aaa1e,2a11c4e14a75d2,0.5
b27efe5299368e,9e9c9313a21c5c,dc2460f7bfc876,0.8620689655172413
f460b1647c9f06,161b32c52acfec,88b16880e9d19a,0.7241379310344828
1113631b2bb47f,a47a61a79d68ee,0eecd9fb869d73,0.5208333333333334
c216e15283e150,3d8abf80273391,d0c8c5575ec460,0.8148148148148148
165780a272e7e2,ad7fe7cb7b8903,c9a1226ea0e13c,0.3829787234042553
3b83a5f840619f,8ae33db9229087,aa58f6e5dc4b76,0.10638297872340426
90a06203d25b81,4c460d3f47fd96,a824603b183656,0.10714285714285714
95a25a5924f7c2,35fc5eb7af9b47,08fccd49025947,0.15384615384615385
0737d293f45a09,97a4e7311bfa44,cf70c84b4b261c,0.7708333333333334
da29fa9200feaf,a0a3a59498c821,228db777fce4e4,0.8958333333333334
4499a9e10906f9,eda9c06d20515b,9ed0b34e185b5f,0.7446808510638298
01e71f3c6d5e97,919dd578ee7257,7aa667e5bf9d08,0.30434782608695654
6a6f4770c6a2be,338101f703b5b1,3c12751310346f,0.0
2714ae3f5abc18,906a4773cdf7bd,cad91da06f4177,0.3076923076923077
44b6ce4c2115b6,35f81dc30b6d70,d1361305bec596,0.6296296296296297
b1685e5700b9cd,79abcf1a344cbf,e5041422dc94ef,0.4666666666666667
93e76f737ce8d6,41a9bf2c494f0f,84aaf63af7d063,0.5714285714285714
b82f426fa5d778,e8b0aabb42b3fd,3d83fdad7e2cc6,0.15384615384615385
781e7efbddddf0,35cc18a1fa408f,6401ceeaec0ab1,0.72
6fa65afc23ee3b,4442d3d0781de5,fdfa78f375f2da,0.038461538461538464
7b3b519d632eec,2fc3274a4a6122,6505fcf1b863e3,0.03571428571428571
1424f36fe91a02,40090a22e63aca,ec3a5a1518c342,0.14285714285714285
2f4a821cd69788,014b8af5d4a79e,b21722a3c35d1f,0.574468085106383
3b0ec8b3190dbd,14f4cd55d7f5c5,549bdf213be97e,0.4444444444444444
5c2a7c8327174b,024ad394dd9c06,0b3f794280cc78,0.25
ef207260aadfdc,fb0ab3e29a8792,a5213e05b5e1f0,0.7931034482758621
e1e2ee6f35922c,4f9726c0dc788f,4481087f284217,0.3333333333333333
ebca79f1c007f4,b049db4a862c76,8125287b6e8545,0.045454545454545456
a09d2cf2467e75,0e01271113330c,3278e5c83a9d64,0.9310344827586207
757417e9b46204,3c8c0d7e7cbdc6,d9cdfd418c964c,0.07692307692307693
7f3657a89adea2,53152440d14503,ba5a54b04de687,0.9263157894736842
4416baaaa5c9aa,3da69b7e613cc0,cf4270a5761625,0.7272727272727273
82fa3e7778a278,a79349a211db80,6ab00221ec277a,0.7037037037037037
321aab91ae275b,c566eb5ef3a055,a1a408f47ef8b7,0.1111111111111111
5d0bccbb97e0b5,8ae5dfb5222293,159d848956a031,0.02040816326530612
6c3894f6b4769c,3f89f9d60552f7,f68121e7bf5cd7,0.7659574468085106
fa262bdb572ceb,bf40a4730dcb11,caaa34fd1bce3a,0.5348837209302325
b10a1fd16c68d5,5c16ce9d06b25a,07e8f0ce657190,0.2903225806451613
2872fe94e399fa,8732711595214f,41069857154dcd,0.6
f062be033836df,7217c9f542c9e2,b75c59481a0530,0.07407407407407407
292caadc38cb49,a64d49953c53c9,fab9790e4bd3c3,0.2857142857142857
a4725aa25ba0de,33ba032b7e953a,5b6e26195659cc,0.10714285714285714
a226c627dd2570,38f39878cc49ac,9f1975621bff59,0.24
2300b8a847c124,32b1aa943bd726,74ee0f4dff6e99,0.16279069767441862
bece1f5e3847c3,dffc0df7a6dee7,01d13861201651,0.9278350515463918
21ad5f668dbe72,64a49dbc6d5c36,3053ac87cc6c24,0.041666666666666664
9a232b62135cfb,1b9c3e40a28eb3,2e978539b40cfc,0.6538461538461539
5a91a1dba763c4,fa7614f0e617f5,"9,28E+13",0.15384615384615385
f51a4eb8957307,aab6361e212222,d1ce36b0303810,0.59375
fa565b1f4706f9,be2bec42db3f19,cfe45781107399,0.37037037037037035
47eaceedd18cdf,f228d0ad2d4b31,bb9ba5d2ba4f2d,0.4175824175824176
3fd53ded4f793c,ae8ace56202697,3b52a52972cd13,0.15384615384615385
939eb5c31d6d0c,7a367929e877ec,a1e1fcb7b8a828,0.2
c6e0605fc352bf,f697f95c7013a6,5589b7d4b0c861,0.2413793103448276
89d901185430f5,5ebcb05140e10a,d09f2918901ef7,0.5555555555555556
0b0572c05cf860,26f78c088a6d37,de1d6c81af39cd,0.8762886597938144
378488e023b71f,0605887a8eaefc,f380ec5d8df426,0.7692307692307693
7ce00cd582b2b4,8b155a96f86695,47cb1d649f76f6,0.38461538461538464
c756509474ab6c,222f7a8fecab72,bcee59ff9fbf22,0.14814814814814814
4ed7783a82704f,9736829279de7e,883880225048f4,0.7083333333333334
f9c4d9353f8013,51da224a66d749,af716be588e477,0.12631578947368421
2d020c1a8fda05,00a2f1487222c1,f3fc42431028ae,0.42857142857142855
78bd4c7ba73be4,f1737afd3b97ab,642f83d83aad3b,0.6785714285714286
f0d6cc7cc58a6e,6dc1cb77112131,9236aeabd7016a,0.11538461538461539
370be7a64d6c7f,b0a73839c5742b,8725210270b7e4,0.5
d6ff066a2d2981,9427a8058fb33a,400d1ed7d5d4e2,0.25
965997c6b6ca31,a4b6c461266492,13195c65b203bc,0.4020618556701031
b7f6b9bbddf9e0,185e65f3d28abc,956e92dcd381bb,0.3894736842105263
cbaba6175fe15b,a69fb0c3e6e06e,fa14b6eb8f1b98,0.9285714285714286
8368a98dfe03db,97bfce0df6665d,31425003299da3,0.14814814814814814
c004185838c846,95df358c2c0655,bf0f97b7ce2bc9,0.0
757986c38af9a9,1f6eb4b5fa4e3a,063f4ad2063667,0.39285714285714285
4a40f1464e3dbf,b7790f7184e155,5ee17cf3728ffd,0.8229166666666666
8b0cfe854dd9a5,b66eb74e8bb41b,404848ce68f511,0.48936170212765956
a6827bd7bd4938,f33e22a721f2ea,9a5559192b7d73,0.2222222222222222
3ada9ef664ea62,4cc230921b4e9e,2e4ccf340cb6f0,0.18947368421052632
ccf5afb6343436,a51e738e40d5e1,288bed0296bb57,0.8541666666666666
74d49f29ac4113,3b93365363332b,aeb7309142a77e,0.8709677419354839
6bd77bdc98f2f3,424c5b0dd38c71,731711c6b27cff,0.14583333333333334
f537b4ae4907e4,9c9ce48bcdfc21,61feec32803c99,0.6767676767676768
05f5dbbb922584,f6a88c94e70e0f,63ec28e73a6e1c,0.9473684210526315
fae657bc20b69a,0bc23d52815ab5,59960a84bedfcc,0.15217391304347827
b6a6faf41248a1,f74481006118e5,d5cc3aea77f16f,0.32142857142857145
c29ac82c631787,be345c1fe0680b,5b15c6a64cdb20,0.26666666666666666
33efc968de92db,79e4e29535bb4e,37bbec90737544,0.1111111111111111
89897360866a82,46e07a1ceaf8cc,0d5ce6a4dbbb50,0.5957446808510638
00382b27258af7,5f88e73d2f720b,f11268ccc96005,0.41379310344827586
19fd613ab58b46,19a39da2ae1c38,18d537c77965bf,0.875
a3551fff2859fa,35fbca86deb870,7cdcf0f4bc8a51,0.46153846153846156
56b9030c6e3804,45b0050824bf24,727fe94a5815e8,0.5172413793103449
5c25091e1d5cb3,3537777f5fa77a,ab4105f30a2f97,0.8148148148148148
aa93d7a9297888,ce920b698e6176,3f97ba47de60f3,0.021739130434782608
8ae4b1962c1590,e0eb63199ced53,09b21332833181,0.0
cede2b64f74f72,acc36566f46343,6ae64d47e9d87e,0.6428571428571429
414d24a7745913,3c752e0e2a67a6,f7b13f780ec20c,0.25925925925925924
8e2546bad7b58a,5f1e26f850c3ad,750c5f707f5b67,0.010638297872340425
18d55374934ba5,76b5aedb0612aa,21d631e1f19aa2,0.0425531914893617
de81c691cd886b,399d2c2417e1d8,5e6e3afd0df443,0.125
cdacf56adb8eff,07f4fecb24a11c,9d1357d7498036,0.9230769230769231
fcba2be0b7b7b6,9d20534fab4377,d3a809d5b773ed,0.28
6aaa262c6cc95c,c3519f253faa7c,885a2d8058cea7,0.0
8d71b03d3a749f,190b3994c42f5c,ac0df2701d9931,0.3894736842105263
736321ec7b62d8,f506369b9e2fea,99169043a05f7d,0.896551724137931
4e576e76a2b21e,fbb9af378ce2cc,c194a8e60262eb,0.6785714285714286
8bb5325562b934,af7b914a9f226b,ce9bde78fcdd69,0.30434782608695654
dffa7a87802192,244fc6c11153b0,52e6baa17272f4,0.16666666666666666
a058c970f99772,72b6ce3c7f17a1,5213877d7a5d3b,0.0425531914893617
defdeff1821093,63a36681f8d322,f561b12abec048,0.35714285714285715
a2151dc7d1a7c9,ee5c2d41723b4f,873e6bad9a0602,0.6666666666666666
f8ac9c1b811641,1a11d4d11f218a,9348bc36ad7a46,0.84
201aad2386b590,6558e79cdc558b,0458156b11aec6,0.4666666666666667
335cad1352b483,8c681310b14bbc,e7df7ebc15d12a,0.08421052631578947
2d20ab7da60508,6fb4a46aa49ad7,283c1491781980,0.24
cfe75c8de5fdd9,1971ad3b4b52f5,638a51b913e8a9,0.8
8da51f58994ed8,66ba99330f77f9,d4b8ed1967efae,0.08695652173913043
7c0c65c4c1b07a,15a7fbe3ef381c,11a7d4a2e5e4f1,0.48148148148148145
5cd3a639b1a733,6158870fff7451,a51d80ef2a474a,0.10714285714285714
219cd3b5f1a666,8fdde38aafd8e5,a1e315d3cc09e8,0.07692307692307693
ab5b5f0ff37a1f,b95f8a47aae2a2,1bf3aa7027ade5,0.037037037037037035
3e5fccf6107714,6cb1f9f56423e3,7bcc9592abd2f4,0.5714285714285714
c08ffd87f25317,8a68b83f32d6ad,5a9c368d9949fa,0.32142857142857145
407b8903e65222,890960c78853fd,41ae95a19d248e,0.5217391304347826
4095f72276164c,23b42fc42cb2c6,9bac9ce7acabbb,0.75
c0e22b8311b057,1fc828af833c2f,f2458affbb4ff7,0.16
aff6275387c216,bf41fbf3aa2620,2d0fd704894563,0.2222222222222222
f76cfd9274e042,a8db3266223b4d,feddd71c737370,0.6896551724137931
77861fe6abd801,1a4cc90aaf09e4,12aea10b6e5b5c,0.6538461538461539
127226bae66b3b,8a17f4bb755112,155382c7ee1455,0.3103448275862069
e4f8ce4f86a2cc,d2ff451daba61f,1e6cb90db32827,0.020833333333333332
621446ae301714,1c2cc8ebaa356a,38c72782fa0a7a,0.25
efc9705fa6cd78,e6dc17a8b3ab34,01eccbaed69e30,0.2413793103448276
8d0497ce338aa1,1095547db95e46,078b3ab9455d96,0.0
9db2fe2f0224ca,7859727ad3b479,16496d24967d5f,0.11363636363636363
3788589b7c02b2,ea9d616f6d8e94,b0b218d5afcd5b,0.06451612903225806
bed7d58f6594da,8549735d7aa70b,2b10c688d4fbea,0.7142857142857143
1caa8d0a0ba284,21042474a335e4,69a1046df01573,0.0
c8f25239caba87,750fa4bf590f83,03a24364bb49d3,0.2967032967032967
909ba691b9751a,53a42ebacbb019,bc000808e5de7c,0.5652173913043478
4632be67243064,b747b785dd6604,868224b00ac1b3,0.9375
61c0985d24678c,e9cb90a0ce80e3,4f7e8a29c9bec8,0.15384615384615385
b42b706f2a164c,4a971133b37f0a,803b072369d429,0.7142857142857143
a39e0fb0a1a33f,1c9f9417e4fe23,bd1d442d17e3b0,0.28421052631578947
b1d30e67ea4521,b359979d62e097,013c6d4ac9ebac,0.18518518518518517
7a2bbb6308dc58,08204661ac296d,d563e487db599d,0.7692307692307693
3f3e8f01a4eda8,f130736f5f3ad1,e8431bc8ae1d6a,0.5957446808510638
a6dc0cf25ab8fc,24c26c5658e2f7,62ddcf16057802,0.0
4828fb7b02ea14,35c435ea2c8995,d192f3a7ac6fa5,0.13793103448275862
61ee59b2a017a8,cd636aa42cd18f,63fa24ed4f0326,0.4897959183673469
f000331071f8e6,ec772f5f091b7e,c575d97471dffb,0.46153846153846156
6eb977cf8706ef,30de36df893e8c,ab0552f2fa6957,0.01020408163265306
39fbb08e7e7037,f22a7956257f10,f37aab187a7b33,0.5625
d218669d621b5c,af8d8a675a4cf1,56bb8724968744,0.5909090909090909
6a129a244697fa,4b8189cb22e1c2,3048860da3846f,0.6071428571428571
a30a80c3cd544f,ba657a60853e07,07d3388e3c881a,0.37037037037037035
c62dea835a95d3,6006b971d36726,2731dcdab81fa0,0.8
a8d79a1ed5db6e,d3bd05770ccd42,0667f696e125c3,0.8367346938775511
bae0cc1dd79b83,c843595f588903,fd735bbb24f4c1,0.22916666666666666
c12798ae443692,84d5988f0e5426,290d705b351d0d,0.36
02c0cff5fa9523,52709c8342f370,3bdaee87df3207,0.35051546391752575
27023c056156ed,175a13a7a9966b,7dd948f65d731b,0.8620689655172413
ba4cd0f14d1870,7a77e53cd7c057,7cd04b61f708dc,0.038461538461538464
f005d61a32d30b,4cd5c12121aba3,e8502c4353ccee,0.25925925925925924
afe266b303f015,d39a4dff91a740,ad7f008ab9dc62,0.9896907216494846
23b984fed37dfc,70475807c0a993,fa74b74f0a928c,0.7021276595744681
2273ca80125880,9007a7226006fb,f20b1a8bd953ad,0.037037037037037035
e4f91c49af6b88,a2f1391145f5bc,adef66ba65f87b,0.9787234042553191
faedb75eda2a72,e9b43f80fe1dca,460b7b65cbf93c,0.4
4786a193de292d,fbbc85ab25dbb7,0cad4dc46bf15f,0.8620689655172413
65bda03e414319,2efc7c2ebe94eb,c0eb729566b428,0.02127659574468085
951c30903dd7b1,f276b7c8fa1a8d,7aaaac0d945061,0.03571428571428571
208e4a2c8a61bf,a9db53b7d71958,ad5e7907159808,0.625
ccdc48b65f7fbb,1d28c0065c6a9a,fb8e8815594616,0.07407407407407407
35a0f7b8bebab8,b8aeacb50bb4a1,db9bca63e5e0ba,0.9387755102040817
3f82838aa8a342,a0e04b61a4ec8a,2947b20b50853c,0.8214285714285714
adf5ab7523aa44,e8e6333be6f34c,e8da1c1ea9d0b3,0.3829787234042553
ffba63a60fdeb1,acabfb184113c2,e56c38ebd40264,0.6666666666666666
6fb24d671622ec,e060a4ff491084,7602d5236926d7,0.4146341463414634
1bb9d81e193a31,87983230e11002,9904c68865789d,0.32
467c7c5dfc9e01,1c055d97f30a17,6aefe6ecf51177,0.6122448979591837
3a80f5e25f2ba3,ac122bc2c5af1b,79fcf561f6dd03,0.68
f8aebbcc1ac470,c6bcb7cfb10d7d,87db9b9852fc5d,0.034482758620689655
7d42f16a36f81e,f4e6b8bf508b93,2748551f92b65c,0.8936170212765957
d89dac1c87431e,1ff3a34c82daee,2e1e87d7fcbd36,0.851063829787234
32c6c0d6a31a47,d3a0c004dd13d6,a90fe445417ada,0.5510204081632653
4cae26aebbd394,e4ca1b8a05eae2,b94c739b685cc0,0.5222222222222223
8b9ca5a08bd0ba,34115c24eec966,dd952bb25c41a5,0.6086956521739131
29b4f520f09a3c,e010bb2dcda5f3,fd6cfccb7a98f4,0.45454545454545453
a8cb04541be1b3,24fbca75d98886,153fb7ed524b44,0.20833333333333334
038d707499a250,4569fc823fb954,b2e1a40fa9614d,0.6666666666666666
50441a2de8d18e,b3cc97258caf0f,df877ec7ed69df,0.32608695652173914
c7766ebf94697a,5e21985ea602e9,5f79817dddc852,0.5319148936170213
0b0625ea0d7fba,a60422d714af67,e6154fd01be825,0.48936170212765956
0a2c41f3438b7e,fec2219d2b5f6b,5303c2dfcba26d,0.56
11e485f9ca99ca,252d79a183c20e,8a3cae29339730,0.0
bc61e75ca50343,40373f811d9ec0,2dea10b16597da,0.1702127659574468
d1588a3e3eacd6,4adce6f16567c9,1a08e8a0a9876e,0.3695652173913043
bffcb98891ef4a,505b90a0dae7da,9730e35c684b56,0.41237113402061853
305b5c081f268e,732d4375ffaf8d,ae0a6232e12f68,0.26666666666666666
007fd8ef243212,f088358f5c03de,c663ae95527a58,0.3191489361702128
7db1cae023bcae,3c623b731e7a10,cb9c65318d85a3,0.22340425531914893
b5091eb41e702f,b632d1330290ee,58bf6aa159a8cc,0.3333333333333333
e9dcf83f1754a4,89d9af2d715c35,86a673386b1a78,0.7857142857142857
bd1f23831e56f2,4f5a673a4e72a7,730ef43b9b731c,0.16129032258064516
b70b53e457423f,6f6b3eaaf1fa0a,57379454a41078,0.5
e875972164e661,c838013c1daf49,a5dfb562c975d8,0.8846153846153846
c73c0e302cbc06,60061aef36a19a,eda3e525add01a,0.15384615384615385
4d4bfb5205a08a,1595147d71d15f,cc64a2aa6ab317,0.46808510638297873
7a5e761dcef2be,e5d39a44804d0a,a5c4820bafef37,0.7916666666666666
f0eb25e6c9fb06,bdc60395175de2,cf00d2e214a5c3,0.9666666666666667
7a4c042019d830,83309b795d718c,5622750269410b,0.8105263157894737
1082dfdab15ca7,abaef051a6f965,4d080211a41ac0,0.6
050354ee065282,0b9c8f0f934a18,ca3d53f5dcdcee,0.875
b595c9dd6c4ea8,5cb80907673567,05860c7ac1f8b4,0.19230769230769232
cb2339443028cb,2e51185072e430,912043609ad123,0.8076923076923077
f291b0b22fe451,1b41404131fdb2,73dcb6141b6fee,0.5729166666666666
b1aec76d7b3a9e,24d40c8e4c682b,36608d60f5aacd,0.896551724137931
4c733ff729a8db,49ce189468ba37,afc87bf96c3449,0.34375
0607bd641f598f,f7519da529fcc0,b4681c09b5d7cc,0.8333333333333334
349939ef6322b5,67a46569bd77c3,b2013bf845ea30,0.1702127659574468
d3aaeebd18aefe,606ca800b18836,1c638d761d7642,0.0851063829787234
d363e03a586eb1,bd82c5c9beec7b,05fa611e037082,0.3076923076923077
5e6706a866c707,442d4f7c4c8290,79050d455a90ef,0.07291666666666667
35165e034870b1,60ea299c5c6b71,758d7401bcf1dd,0.9042553191489362
5bee78f594dc76,b688b861be9c83,c30e3427b9ed60,0.9347826086956522
5f7a942f9d9db6,b4680ed831211a,7e904a971219a1,0.3076923076923077
24f544cd52657a,9db6a7bd74ff6f,26575d22f717af,0.851063829787234
d0b5293456a3bb,6e95031442ee61,5e853c75a001c8,0.6105263157894737
e7d001e9df00a7,f86f3dd0b716aa,502a06b563edf8,0.25
9f1eee2aaf3345,b9c6eca96a5ae8,38a2de5377234e,0.6666666666666666
3111c69377e711,f8de6e248b1282,f5123b0e4b19ad,0.7333333333333333
c9cf479c89949e,468ee6a8c8a423,de74b895417ebc,0.15384615384615385
275509a49e081a,09a717621617cf,689db23351c9ae,0.845360824742268
b093fba3a3d9a3,59e92131940adc,3012ed072821ec,0.9259259259259259
b66ba87552c2cb,140a97333edcea,67750c5e132b16,0.12
286918c94d661d,68602772b3ccbe,93599991f91182,0.43333333333333335
a2381ba987a616,a25f432ed510a4,7d91f27ae2cb99,0.3617021276595745
2e775e76a5794c,43b32cfb02b401,98809e0cd26062,0.5357142857142857
9d67bda86e20c2,469aea7829584f,0caeaab87794a6,0.4888888888888889
bf3bd42faaf204,343fa55bc415c7,6dc0d6455b7349,0.75
8b10856d2017d7,b2bb742dfe6a21,5874723e6fae78,0.4230769230769231
5d3fed6bbe7949,10e684af977d27,653e9e748a5db2,0.16
58bd77cae9a879,7551439070f4ae,cad84ef738bbe4,0.6666666666666666
7f115cbb38ec7f,a39bfa88556a34,83a0ddb62172b6,0.2692307692307692
675859be3f12fd,4dcb45d1b2b151,62d89edac1dba0,0.8461538461538461
c23f6c31049a12,5310a81ae2f83a,2932809e497b02,0.19230769230769232
d1a407886c505f,f84b3bdd2d2d69,8172de68c665ea,0.22105263157894736
59fefe4ca96526,761a15f2f53f5c,a217879a1604b3,0.5208333333333334
fedd341a9a4148,ec6268cb717a0f,2b76079f20e9a2,0.9259259259259259
521c5c03d09853,af1f3836098e02,540293f9800537,0.4444444444444444
2493cf772097ed,2be19251e4d684,2638eab0bad2af,0.24
c03245ce7d3900,b1937e5216d184,ea0064bb367a6b,0.723404255319149
531343b9244da7,8a8649da0c6fb0,d176955c7fe021,0.8571428571428571
b2233844341519,5bbb2488b04a0b,84da8a0b10f1aa,0.4444444444444444
9c20e5a117bbe7,ef9d703ef7cda7,9dc9c9672298fc,0.6153846153846154
694bcbaf9c6b22,b14668fa910bc1,3c7e87ba71c1f0,0.8404255319148937
520c8aee092e82,5edf5ee742bfb1,b77143df446fe7,0.10416666666666667
ccfc6306eeb5c1,1db3fbc55d6edc,c27e60d0c90749,0.7307692307692307
cceb9b5178627f,0f786fe861b26c,215bf889c9a55b,0.75
a6e13532dd8f22,ede2e646f7db35,1732e45833681f,0.16
b39b91ae9e4470,f99377b4d5bb05,aebb66ed71d91c,0.16666666666666666
413d9db96f1455,b7f5f54ac393f0,38ad0da7c4b993,0.42857142857142855
998a58e049161c,1eb45df1262529,f323ab11b973d4,0.3829787234042553
609ced9d117f8d,dfae3dd53eb4c6,5c4c2b440d8bcc,0.2826086956521739
439b7e12b9a3f9,b60157f213acc3,5a45423dec5dd5,0.0425531914893617
096072a279b8b1,a68d62ed4eee1d,d5cc3aea77f16f,0.6071428571428571
9e97be30575baa,3073a4a0d45e22,53ab52b32e06a8,0.8275862068965517
b5403e584eb23a,f235382327e551,c7212457595eac,0.6666666666666666
39183854417bb7,9817d38c0145ed,0878bfc3b98392,0.11538461538461539
89861850e7bf9d,61094b33b0773b,7aa7797f4bacec,0.21428571428571427
c52942ec063868,1399459b4198f1,b5516e3c4263cb,0.8372093023255814
dde1d002543dd6,b4476e58e830b4,e2ff8bee03b30a,0.5185185185185185
ebd8c3f993c857,17be12652ce275,505c30905ebcd1,0.9375
82f60235767d0c,96f916bf9a865f,1ad1ca21c472a2,0.4731182795698925
2dace132e4b48a,c3160c73c4d00b,c63bb547955bf0,0.08888888888888889
7ff4c107320b65,63f662f7ee6224,18ce2c5ed0d516,0.5172413793103449
09a23942d6d9e7,7622dc51b7b4dc,adebb1b4eefd8d,0.956989247311828
ce866fac613b44,51685c27ea7535,0a6e7eb4371fc5,0.8620689655172413
c7ab77a5715f2a,500e1a48f80416,196ea187e6734b,0.3076923076923077
d4a95a845f685e,7d618dcd45a892,6566022a55e41c,0.6071428571428571
9883a4d3b2474f,d24a1e823c7539,b10c630bef0644,0.41379310344827586
36ca5e653f32df,a9d5162035702f,13961ed223b43b,0.8936170212765957
a66204a4f31633,6bc711b3b3925f,1882ae3638e49a,0.9285714285714286
fa6c7bf022995e,4684ae0981a917,87495893d31adf,0.7407407407407407
a3f41629390db3,db767a0e716fc4,ea23ca4122a37a,0.5918367346938775
4feb24644ca744,8ad2c1771fc4e5,e58f926846726a,0.8076923076923077
8f91e24457b22a,ec2ac037c04449,ca46da0f95127d,0.6666666666666666
a8b828b59712ec,595b759da45c4d,8106cdb2d54d3c,0.25
795319d609e233,4b9f187c82ce80,80a884eecf19e9,0.9565217391304348
98d3bd48f4fb15,5cb4559b5252ae,9e4c9808aefc59,0.125
efe4b3cbe29b23,a58779b044072a,f18b685ca00329,0.15625
3644614e068fac,cdb254cf26da38,aa20badc79b714,0.5806451612903226
fe366b9075ee1f,f3599699f2c045,c8882d3188ebba,0.8888888888888888
3ce0a6d6c70d85,888962282c2bae,bdbc3d3369931f,0.5384615384615384
59ea26cd3ea047,5686544de7b747,5c5e398942ab35,0.5714285714285714
675e5fa3e42da1,7692d97dda33d2,7e61b7a1465fdb,0.037037037037037035
66ee1a30c57a9e,816208b6ff1442,8fd99373814461,0.9361702127659575
7f097ba942778b,6ad53ad0e2595e,4f3c107935d063,0.11538461538461539
14a355277d5124,a31f8c1ae949a4,c6efd0debcc731,0.0
c1ee90f476c298,4d8f22917711ac,30496bb63e23bf,0.14814814814814814
928db8a75d89f0,767286a080892b,705187d0816942,0.8076923076923077
ed46912c384b83,6117358b07201e,3c54f03675c8a9,0.38461538461538464
6e91f318f203c4,1bf90d010ce261,d0b538a0c586c3,0.7419354838709677
c31ea7db83cc78,df4db1791d1a6e,117203aa8de3a3,0.53125
f3f241a508886c,a3c547ec7d435b,a8738fddddb67f,0.06451612903225806
51ebfc92716b6c,d60157f27889f2,98ebcc37ef4a47,0.44680851063829785
03870bdc33b2d6,f09c2a533909c3,352cab35607d8e,0.6
ca11b5b6bb4ed3,bac30bf9ee2108,0d22813dbdf700,0.7407407407407407
62130c45a56839,8dcc88b88e78d1,716769d50afe20,0.4666666666666667
3c6730b6a5b65d,c94249bc80c202,bd91bd3dff5ecf,0.5714285714285714
36ab94f772bccf,a3b4221d5928a8,333f88e170a4e3,0.7473684210526316
cd28ee97f8f65f,5663dc7fe0e712,520accf6029610,0.32142857142857145
3657a69f9e5314,bc4268a398e1bf,b1c3c411e9196b,0.2413793103448276
dc09e8368bcaec,fcdf0d7b4cd3f1,ae7102739ace4f,0.045454545454545456
acf9e2cc76e95b,729d38c69cde37,df59cbe14863d9,0.6666666666666666
ca558adc71ea6c,3936a00e562d3a,f589f7535f571d,0.1724137931034483
5e2bafd073b0e1,f7bb53e823180a,d043bd9b58294d,0.9310344827586207
a67ea9c241f34e,f4258fc4c4356b,3f9ecfa2b05826,0.875
45daad432955fa,09a0bfb2f70ffe,e0a265362d4204,0.8571428571428571
c0c7dd32c9ea19,723943a2c6be02,65eb94f85bc6f5,0.2
a2b1b60831cf75,d189b85ee9d4c0,43cb265d60266a,0.5652173913043478
e67c9724e8f1d4,56a0be716593c4,0dcb836d4639cd,0.16666666666666666
1ca71a41d84383,dedeac6092172e,592ad6a17ed389,0.37777777777777777
a30e9ee0399717,eb18f37d8fdb20,9fe125004a9951,0.6666666666666666
4baf830b23a094,a020d7e650ab29,9481882d216b5e,0.11538461538461539
3ffe5c89f9dd6c,13e714cd39702b,292882b6906031,0.37037037037037035
85039794f78763,6e83082feedd40,3362ad86e3527f,0.3076923076923077
f357eae5eb3efa,bcb57c326d6b2e,75d9953a71d5f6,0.4583333333333333
5fb554ab25982a,10339cfd3036cc,3114b521eca583,0.5172413793103449
d262837e7a71c7,85ff9741748dfe,22930c8124705d,0.1111111111111111
39723e4d0d5d2b,0b2cf47065bb49,5583477ebbc15d,1.0
f64956a72a434d,439e9fe2e97305,cb1d1f5161d882,0.038461538461538464
2712d8622d4304,845a7167fe3f7e,3728da057a9ae7,0.8297872340425532
520b38527818e5,7bdcae7529fc1b,2636faf0c34c7e,0.030927835051546393
27573a83e201e6,c89f5a012fefb8,2683e7f7831221,0.07142857142857142
0c5b467974d70e,4eee3883c3a246,bd79949a1f8e20,0.4444444444444444
3f937834cc70e9,b326e20d9719db,f6a97c1143e6d0,0.9042553191489362
084fb3d357c014,3f8a8666381ff4,ea7ffd26d529e0,0.32653061224489793
701521ad13f714,4d1651801f1769,3b557f848ab110,0.4
70902a0b18afa3,74dd635e20b678,69aa0b3a4e6b43,0.3333333333333333
fdaee1ad3043ee,00c813585e1022,72a51c3e40c85a,0.776595744680851
7acbbeb52d8bbb,5a2edc7adfbe0b,7af35433a31517,0.2962962962962963
3c04b3686d6b96,4f450194676e81,d54b2a442fd11e,0.9629629629629629
0b0af7c840dc96,0798aee028cadf,b48f1bb58cb1ae,0.03571428571428571
e8bcf0e604c91f,544dc54cfcfbce,36a6e42effe998,0.21739130434782608
774ee358281514,9d841a76ee4d15,f18d11a5743670,0.32142857142857145
4db77e76c0e166,88ed3e838e453e,dc3c1a9b071c0c,0.8076923076923077
be53ed08a20f17,cde696d68bd81c,24bb58d3dcb292,0.07142857142857142
6b79e36c6fa80a,be4da5942a770d,c1ee6198cbe25d,0.1724137931034483
e95df8b7b398e6,7da3e0ed26a711,ff4ef444efa8fb,0.2
631711b0326724,347c5e40500f50,5a7a12636d1742,0.6041666666666666
05b1de6abcbcea,908ba373c099a1,c98bbd59fb9db6,0.14583333333333334
9e9df188d082e2,835328e30a0405,4699eff0d7af05,0.9361702127659575
5dd3adb1daf977,38d22ad36c5ae0,aa373430da4bf5,0.5306122448979592
804201f299969a,e672183ff66262,6e2a4e4e21b403,0.0
34c81be8fd48b2,cdb69f0202bcf6,dfea127e249559,0.5833333333333334
290de5672a0e92,9078bcfb6583d3,d2244e9f65892c,0.2
24b166c28b5fe5,921c59a3187529,ff767b9629dec0,0.425531914893617
4e3a3a23ab1063,7d523eb18830d9,85714fab703f70,0.5862068965517241
735f16be1421d6,c6e73a170f90d8,1749fd38a530e1,0.3076923076923077
47bc8deb9698c3,263d1021fe8ba7,57a651d800f8bd,0.3333333333333333
cd8f41c6d5a288,d828cb8b1c0088,6b82c9a706778c,0.673469387755102
c7e20b35ad1087,79422e1411090b,a93ffdb8e692bd,0.52
373c0030cfaf08,acb45eb5149795,b828d784652411,0.02127659574468085
8ec6d3d8b37807,bdae1a4190eddf,13e6790eb7ab0b,0.043478260869565216
cb06066a0043b1,4530d7ded12a47,710573d1cd74df,0.5172413793103449
1ec5344e1f401c,564b8cf1d294b1,9330fd06437b80,0.0425531914893617
d78e1cf3f5355b,65be43ab161739,908f6892a44b25,0.43478260869565216
01a3f64c65db39,e153f4a5aab5da,a1201b5fd10680,0.14285714285714285
5c27058075c41a,b041b6e48df61c,6cbf4537776d2c,0.8695652173913043
aadc69e330439d,85bbecc2361876,8b8785f21ae004,0.08333333333333333
687ded7a6887fc,97910f9885931a,11abe8f4a5b53a,0.1111111111111111
fdd13a74ba7e42,259d2a890d05fb,fb78e6d9d986f7,0.35714285714285715
7bf4124ba80c29,e4e39214d58488,0189cc723ae6ea,0.6511627906976745
fb8ebc254a3eaf,432a02ba09019b,dbf4edc4d70fe2,0.061224489795918366
7c0d1867f6fb78,fc261380d797db,0fc1b50bd204a0,0.1111111111111111
346ea59c916805,438d00e883ae78,7bcf616f2d2732,0.07692307692307693
b72516f13b36a4,0cee15fb07eead,9b8bab6f982665,0.2962962962962963
46376e6cf74118,7f25fba8cbdb53,731f7c4d361b32,0.23076923076923078
9c996bc98ad6ce,3c17879ef33460,0bfa3792b50871,0.48148148148148145
6daefceda3869a,94756542679aae,43a4b4479dcd0c,0.46938775510204084
7416cf7d1ad1e9,df4aa3048fa9e4,d3c2078c6f438e,0.041666666666666664
f35be57872d378,a23ca507844807,09394ebf16a5ce,0.0
d0b119cf0cd454,f09f15afd0bf8a,7c906766994ab1,0.7419354838709677
dd65432816983e,948d12eb6dfcae,602fe76e49b996,0.44
32741d7617ec49,f14dcee0aef4ad,f4f392aa8130cf,0.16
4057c0e4b65487,8c9b75899ba25a,37c1cef9cb0010,0.7526881720430108
d0d54ca5262d9a,185ba46c26c0b7,f056715bebea6d,0.8846153846153846
744e1236946984,011ada780ddb34,1cdfa3936e7853,0.4375
990d5cd0a94ba8,dede211b541e56,d556eabe55238c,0.46153846153846156
7410c6e550c7df,87f1c771c6a4a8,1d254d77f34a1b,0.42857142857142855
13fef045be9de1,33446d54f520d3,a1ca48538c0775,0.0
d1acb32d81c41d,b361bb3ca30195,f16ea36860e77e,0.02040816326530612
a96c0c6965ca86,76b3495d6b2a29,021c76f11fcb5e,0.07142857142857142
3b6d83bfa31960,ecebb5e8400a4b,2f53d7deec0188,0.19148936170212766
c452aaf09daa5b,e81b675026d0c7,18f8fc7c81cc9e,0.06521739130434782
cffb256955ca4c,8bdcb2b8ff9030,827a975ef8abc1,0.0
44b783014996f5,528eda51ace6ee,3b64c1e0332bd1,0.30927835051546393
68c41d009ff5b9,afe62cb98dc475,45f7ce53001d39,0.7307692307692307
5121b4b480c795,cf01ff5f017541,0efb364b82e74d,0.38461538461538464
ab1a26e27d492a,ae9b05c4de655c,c18de3bca424ea,0.011111111111111112
81c94792628a6a,b5b9838d9502c4,6a7954e5a13d8f,0.6666666666666666
951a0cbe0ab71f,01bb4988e0f333,0c05f80b0493f1,0.9565217391304348
fa5a9cd2cdbdfa,664910743f87fe,a7213cb035eb5f,0.14285714285714285
1cb63058b178f3,de43453bdb1a38,7f414458d29ab8,0.0625
31ddfa34a9f46a,e28490daf519f5,5d480f8869af8d,0.8846153846153846
3d154a9b44fcb7,45db9189d1931d,f8ebd5e85f9f03,0.06382978723404255
a2851be2f34345,1c2ae8801fafd3,61d4b14db2e28b,0.6071428571428571
438d830dc9f3c2,60a48e2ccc561e,0e05ad759900c3,0.30526315789473685
0e671beaca4acb,e3e7dc010a8e53,abf8396bdf433b,0.5578947368421052
4d820588430b19,ae7713b84fdf35,ec04458a315e1e,0.967741935483871
60922efb007610,3346c809b168f6,333ca01645cad7,0.3695652173913043
44f5a30455acb2,bfa3a539ffdfa2,dba88e8b80c454,0.6923076923076923
79c44f8345b0bc,606f37edada11f,74bd608a527fcf,0.2962962962962963
0b8ed1e65e300f,ddb6c2ec5059aa,f12bbdc48464fe,0.5
abb90d05435337,79112c9387d872,d099f83842e701,0.7291666666666666
f30d6afacb8f6e,c84814ad65f8c8,00a69fb97e3ea1,0.3684210526315789
6bcc3055790565,196f2fff113a51,36539af8b69525,0.5185185185185185
12ec20683ae5d4,7f1c141e2d47ec,38dfde2f9ce5d3,0.10416666666666667
6f111573c96a6a,fc7915697b5d5e,5eed5fe595a31a,0.07142857142857142
8eb7b04ffc35ba,bfd220bfbb907b,9966e3d9e053ea,0.6
436e15d199102b,c66a568aba0c69,706d234a4f3588,0.8181818181818182
83a73e36d177ff,56c68a26d98f4a,94e42a5729fec1,0.42857142857142855
2c26821d7b2bbb,a753656bea8c22,735670b984715a,0.2127659574468085
53004a7533ffd5,6d8d3eb619202d,14b202e03ec9c4,0.22448979591836735
3f8db525639ada,c4658a7d548971,a886c060e6de90,0.10714285714285714
c8a40f3e728dfc,ee8583849a2831,b7d40658397957,0.6296296296296297
128d6426b9c9bb,fea517ebf63560,074f1690bf1e15,0.38461538461538464
bd328536937f07,5b90ad6e7874fb,6a38257e1fbd50,0.41379310344827586
4973b6a4a5e473,221527843acc1f,56a715d6104d01,0.24210526315789474
197c658ba0cda6,e4161314fb7f9e,d69e82e81e1c08,0.21428571428571427
9c440d6f9f1b33,cb6ef6729121c4,accd52bdfe459e,0.7142857142857143
9dfb348c832349,b7cdcf7fd8ef62,2d5527f857d38a,0.10416666666666667
78d22168f8c5ad,7f3dcf30ebaf89,6b9d4d8f895439,0.8541666666666666
827922b96af8f9,4061e791974b77,e54607fdf8914b,0.0
911f436fb933bf,d44c3d1937258b,52259fd3581af0,0.8333333333333334
e63dd5b68b3493,012f8e68699354,8f9ebddd8f6383,0.39285714285714285
5839c7b6fa9d02,24669e65db9a23,84c37c496ab0ae,0.6071428571428571
90ca8705dbb98c,a5458ecd0fd2e5,81a285a85022f1,0.06896551724137931
7595b5d6a94c3e,e2468fa547af33,6cde0fa768b1e0,0.9787234042553191
162cdf03cf7250,e5e8f9acf51de0,6c655e69ab5ab3,0.8518518518518519
101a1a5ad9e2a6,9f8d2e4beccef7,72296c93ac53d5,0.4
7002290ef931ad,69ffd4754bce00,59d9a385743059,0.425531914893617
3e592ddb7141c0,d73713c00d677f,72ddc63e7d5f4c,0.3076923076923077
8b02f229842d5b,a0cfd7f6fd9bf7,ee9c31025b11a9,0.4791666666666667
9ff79fa14aa718,e7d2f5a7e17303,00c7b5f0f1a212,0.5517241379310345
865fd35bf2539d,bd18ed574faefc,a8061b6d00eaa6,0.10869565217391304
7c0df084dfe7e4,730a97bc5e5dd8,a8ebfc5abbe3ad,0.4222222222222222
cc15376dcc92f4,d8cff2b708229b,34c633de3c542e,0.6
9d73f1d1b77470,474d8f3c04e970,dac2e59e604f8f,0.44680851063829785
1b5a3cbee86026,b8c2a51dc2ea26,21d631e1f19aa2,0.8723404255319149
08027531355cf8,5f9aab946d84dc,cf526b98aaffc5,0.16666666666666666
7d9924492bf64f,05f0f2184cd289,01ba92ce8a54bc,0.4642857142857143
de9a799d49eb41,828e6d680ad829,ec427e875b9d85,0.14814814814814814
4f263f0359381d,e134f1655c47e6,66b8fed8207e97,0.5333333333333333
ad2c8ef0c158da,1c81b11649b750,458a282e2cf06c,0.2765957446808511
02ec7e2622b09b,f70d786b9d5316,b42c8bafdbaae6,0.4444444444444444
51a6673883a005,ce79f245ce126f,db4f260104d139,0.3191489361702128
80793897910d31,a6d0bb2f1873f0,5303b63e07ab4c,0.25
27a3ce8c013824,635e0cc380578a,94407d9dfb357a,0.7931034482758621
564e03364dbe2f,4e2d3b69e42bb7,9870979ab35d5f,0.6888888888888889
fb3ef6183916e1,ef2b2b43097edf,fc29b880f2ee37,0.6595744680851063
b9b08c3b4bb19a,bdfddc4b90ec4e,5ca15217f1d58f,0.8865979381443299
f14a2ce3a269ce,7670be883489d0,efedc34eddf441,0.10638297872340426
069f0253d60e82,89eea73b46d106,aec2a2edeff366,0.41379310344827586
c76ac87cfd65a4,cfe16267a61d0e,fc7d0ef8cf39f4,0.07692307692307693
01a1779df69f51,8836ef294eb937,50225d48ba9e75,0.46808510638297873
1bcb690cfdb8ff,5def66a7b76a12,c39b3ddef15055,0.896551724137931
cea39b5a83b559,91a98d945ecf9b,7ae4755ed58ec2,0.4482758620689655
86e9800b5cab32,8aab4b45813180,442fb6aeac42bc,0.9642857142857143
ab9b4c659074b1,24cee4412606df,c4dc175c6d063a,0.0851063829787234
5f4a4f79121d06,ceccafc4fd209b,d6867077cbb3c6,0.9795918367346939
77ea0d2ba3e1b4,925ae223cd7a85,bd1d442d17e3b0,0.3894736842105263
184b015a1c1071,8b7054f7d8f95b,635b308f1a7830,0.043478260869565216
823543e57125f7,6ea1a8b9f7d20e,e8210608b43bce,0.5617977528089888
6a770d4302cf92,804d6210d576b3,e4cda8a2c4c94b,0.19148936170212766
c24885a058b62e,a0f43c63791eb2,381c8d8b053e52,0.8191489361702128
b024b1a79f4a7f,b9a2eeab123971,bed04cb1ac9140,0.9166666666666666
c1220f719b8c70,bfd2a5b3dccd74,e716e65d029948,0.0
a880407778e1ed,3ef55616d301c9,13cc1d7f8f2d6b,0.8085106382978723
ba591853166324,5a723298c12ecd,d0dbda28945483,0.43333333333333335
7ff953f962642a,0c7a5a4e053e18,435434acf1ad89,0.56
f310351ba9a3de,9cebb695162448,f5fd12d0c899f6,0.2962962962962963
b2202cf642cd09,adf4c0f5ef9eb5,b9d39be19a9b60,0.034482758620689655
57e96b42276463,5361193cf82bc9,e5c0902b70db27,0.5869565217391305
2dd79341731660,56bd1f58689dd2,3b9fb7d109e9e4,0.10344827586206896
51597fc06ec578,dde4a519c7eba9,d722b998045752,0.7142857142857143
7f85803dffaa17,df489a6e4eab8f,485d5ce233546f,0.8478260869565217
55635ad4a94c91,96bf4a88270b0f,25bb8048f2c7aa,0.15625
67e90fd09abcc6,888c880612b29b,56838d99b7ab30,0.875
a2e132a7fb5f66,11744f0f3798da,29d4433d6e9e3d,0.037037037037037035
47e39886e58642,45e4fc0f6a280e,6c30d633556344,0.7777777777777778
123b1811bb98cc,5df088e58c2d7d,644106ce93cf23,0.8833333333333333
af05fa712faa0f,876fd72bf8df1d,e5765bdc858632,0.8709677419354839
1aefe2bf5340a6,e1e7cafea52a7a,9e58e184011983,0.5769230769230769
aac9efe5725552,c714aba0029291,3ffc8f1d395e9a,0.1111111111111111
599aac58a590bb,b1c392e6f15261,2798998d45ef14,0.0
72385a66af57d3,9e5c4e92cf9dd6,4133b5970f6aa6,0.07142857142857142
984be72aaa5308,cdcca764f7ada9,d8eb1c4b7fb4af,0.13043478260869565
4fd212ccc93d61,9cf00016ea1d87,72888048c796ff,0.038461538461538464
e5e70d4bda624a,86b2c56606d38c,005085e6018b6a,0.9285714285714286
b6d278c3ee578b,eca7056d00998e,5bdd9e7ab1f676,0.6666666666666666
475c041745ec8d,6e9b2296e989e9,c32e9a42b6485c,0.84
214f231fe23801,dde01e03097906,8cf5fdfaf14519,0.0851063829787234
80cfd69fe46a92,31f001bb8a2d5f,891751047fed75,0.7368421052631579
2ec17dd7d19403,83ad3731d01008,be8fe68060232b,0.2962962962962963
c0269b62e6b566,3f69993d26d7a8,fbf4f00913ca17,0.8723404255319149
0d48cf3707146e,ac16ca03210c64,5929d3b32d6f86,0.5357142857142857
dc86ecd2b3f553,ad4f70ce599693,1eff8eec421f23,0.7755102040816326
e462f5c6a1661a,010bb33215adbd,3154ac161a57fc,0.16
13a9056753a348,652851ef577b8a,88356028b959d7,0.4878048780487805
ed444e79e64fa4,c4db73396bbb09,80db686299e411,0.14814814814814814
31a895c3b24c8c,683eed203df7ab,d2244e9f65892c,0.32
70f43e433b1578,e755595ecde9cc,c2e4fae559ab1e,0.1111111111111111
9991da9e4a0d04,e83935a8a0209c,ff52c29e7e9658,0.5333333333333333
5325b805f34f2c,3db2be834f19fb,df2e3d4f53e911,0.391304347826087
bb0bd06c5b3220,2ea0a926a68303,f7df7bc0078708,0.2
93dd28519b9fb2,6f63f0c1819609,0a096f63323935,0.5833333333333334
2a1d478a769f3e,3ea09aef6ce9c9,e49d46770792b2,0.06315789473684211
89b654b64cf249,70dcdd4688a672,dc9962b6133b26,0.9489795918367347
8e38ecbbb26d3c,050e52e30c7f6a,372184e8ba5df8,0.12
1f71130ca38b5a,c9dba0fd92cf52,95457ba267abd9,0.13333333333333333
58b9ffdf1d4549,984b7862f7ee94,022f0d29ae6ca3,0.7021276595744681
8c8415b93a64f4,cf87b7bb862a21,26fdff1f84d3c3,0.7586206896551724
df3398ab5dc31b,8f9f6eae984e60,1edca0601f41e2,0.2857142857142857
d32a6b9b4adb58,98cb881d8a9e07,c97fb52a94d9e8,0.5567010309278351
c5d62507c567d2,89e3f706d48c41,6bc26a493937e8,0.07407407407407407
96c42a67de2984,bad840a53cc08c,e9e0e27aa8f066,0.75
26002df2a35cde,bcf1802ee1f2fb,e15ff5f44fc2f0,0.04
303e10626aca04,3fa7839583c428,d8ad2fb6aced56,0.9318181818181818
99b05f34f2ac9e,3f2da245b6d150,e5862b2e620313,0.9285714285714286
015b4e3ed7200e,e6d51c8a76498d,695faa75f15f6f,0.723404255319149
052c97fbcae977,78b541c4e8041c,5f989052fe5b50,0.41836734693877553
56fa4a82fb78d6,4fa87134e0cc62,c61cd8c92e7e3d,0.8928571428571429
3bc0afa9275bc7,a26a32eaf5b3b4,27cb09d2c2fb6e,0.76
fa13413570a79a,e35b0c74c657ad,b1889a04069f5b,0.9375
dc6d671dfb37ab,3b697f10057963,2f9678a88e7838,0.34615384615384615
b3a8ccf6580ce5,2b98982edfcff7,d1d194e91ecbf6,0.42857142857142855
743e7a35cf6ea0,25d31fe1f1f84c,2455c913b9dd2e,0.0
0866024dca2051,fe30c88627e98d,01311eec4c6d3e,0.9642857142857143
63d1b6f036efd2,096fc9ca32f06a,421b91ca053603,0.7142857142857143
05034fb8234c28,cbcaff596c00a2,c26f4775ec6966,0.6923076923076923
bcfc3aaedbd697,e80b7c52d77e99,c822a19f1e61f9,0.3958333333333333
9a863246335bed,488b95d6152ff8,7804a397262892,0.6326530612244898
59dd1ac96231ad,4b7eb1b88a3ff2,e1ab439755f9f5,0.6086956521739131
58e901db8c4cce,9a5e566532e389,a7e957ba3cdc68,0.09302325581395349
3974e4bc72b051,f615cebc73e743,a44c01cf043241,0.6428571428571429
474c4caff97e34,b319548d33ca44,f4b8917d414f9e,0.1956521739130435
714c56809ba11f,da759ac2308057,802fa01c374497,0.7419354838709677
01ed3983fb1293,1f4b4e0c7ec23e,112b3b39a6957e,0.8571428571428571
db7c2192012fa5,597ff47fa1a851,0a0cd66b16cbf4,0.25925925925925924
61dafed807ef9e,80982c1f03d07d,0ea41e1cdcb4fb,0.14736842105263157
6a16457764183e,058768976b8046,ca76958310ae8a,0.0425531914893617
c6f8567bc8f42d,5080f76d8a1cd7,8bb33d71867b1c,0.44680851063829785
bc0bc2a20c55e2,131a5a8a60afc1,658d43a5cb2a82,0.2857142857142857
ca52a3ba3cdcff,689dbcfe6a4482,50e2444a968e01,0.26666666666666666
25b437822f65cd,3d93352d379af9,207fac87247fae,0.07407407407407407
8f092b22fba284,d53b9560bd39e8,130b7c7f759652,0.2222222222222222
5290f174f71388,e2fad293e4dd1c,ae2c997b000136,0.5106382978723404
d9a6d0beb02709,52be5a126391b1,0fea81fa035a1a,0.21428571428571427
60d59ca237b139,09b278f77780e9,9e64f1a3c3a2b3,0.15217391304347827
80c4722104ad6d,eb64e7a982f4e2,ac81ae80418e04,0.9484536082474226
d70cd39b256fd7,1cfcf7554d4143,a702f6b7e200fe,0.16304347826086957
b29d263e1480ee,737669410cfe37,1296a261f42235,0.2857142857142857
34eda329d06240,453abfaede9ceb,c3186c2a6d0b92,0.9263157894736842
4bd078f5803cb5,b96c603d22e2b8,a4c6fe306b7f16,0.8888888888888888
cc07cf7af87611,50187e91e79932,f16cfe79d6e206,0.34375
ab73e0ff6d217a,f9dade882943e8,b97f638e948b96,0.7307692307692307
43d11d0fda8322,f82758184ffde9,00fcfde7a6b8e8,0.10416666666666667
f574cb016771a4,08a55da12a057d,3e7a5a40eaee30,0.9259259259259259
a041f7a2da4a17,240e3d18e4f1dd,1e57da944436c2,0.07692307692307693
08732dc33ee635,dbc7a23e8fdd91,64c05dd5e425f7,0.5979381443298969
d3c56ae0feac95,d6080610c0f55a,0737bc9fa18715,0.18518518518518517
a7c9493d78cdd2,d868db1ee2e2d1,e69a0f98c19523,0.88
33f801a6493840,03c4271cb4249f,7c24d65596e4ed,0.11538461538461539
b6f20dce0040c5,f4c6513b035b25,cb6816a90dbde0,0.5473684210526316
dae3d3614dd28d,6304bc53a0bb70,99499307ea14da,0.625
09987cd653993d,6326501dbfe6cf,07d3388e3c881a,0.2222222222222222
c952052c37e50d,cfec9fd7a05587,f456f3260b1fbf,0.46808510638297873
ed007157cfbd02,8764333506e1b6,5f02d410ac4f37,0.8061224489795918
1bebadb185c5fc,000022937e1c55,f8821ae0e3d262,0.2
a543182c03d893,3ee388255a397d,1bd804800b06be,0.8709677419354839
7bdce4574a6fa9,c5df1c922a8c12,609ab45fff3843,0.7931034482758621
8b97368ebe3ba8,f8764d3f25c499,5eed5fe595a31a,0.6785714285714286
aead16f8e28615,79ab1cfff0a330,7dc5cac8167771,0.37037037037037035
db78dd69f5216b,e18d6108648587,95100db9be7290,0.44
9c049de103ccb1,7e414af983d6cb,61477b55d3c193,0.6296296296296297
715a38d9ae351e,761990d4381cfd,719af03f492172,0.29896907216494845
5a5c6fc3f3f017,8e807ef32e114a,a6a35b306eca41,0.5517241379310345
c0df6e4b0472ba,2b4b4a74ad6690,9b39430c23a328,0.4230769230769231
39ec848acaf69b,832631220156de,d4b98c74f16bd3,0.21428571428571427
0700e593d34469,90400562db43a8,e4ea992ca74c0d,0.8518518518518519
d41a371cbbf351,b4e9ba4de2185b,e27d1e26260f9d,0.7674418604651163
7180f51140e097,71c206897021d2,8aba3eca8785e2,0.9361702127659575
7e05c6686e1aba,ba2a184a03e306,aeff46814d860c,0.8723404255319149
121e5a2368afd4,44de81ea455c09,0360d5a1476184,0.36
5e37dcf06f3dbe,eee3c0188d777a,f59790fd705c5c,0.6382978723404256
a5836ade723b7f,c18fa442ab25ea,57b3074a501cc3,0.0
a80b2416f6ca4a,700f4d247045f7,c98121d9eba0f8,0.3191489361702128
17c6f4959f12c2,e5f39b4689b51f,50d41bf2ddc3a6,0.18181818181818182
4c6d5ee8c661c1,14e807b5f54301,ccf11c43f5d147,0.7037037037037037
2977dd08de7142,215ee6c887448f,6992a2c7041948,0.14814814814814814
d407123f77fe24,08c53f5d630572,f1cf9c1571daf3,0.6526315789473685
9d069affea5f4a,ffab2548e802af,3ae7c0c52aeeac,0.15384615384615385
fdd6c223c89d7d,3e1b74907eee2a,0a9f6a636d4e62,0.8846153846153846
57325155c2521b,b0b4cf81ae7b9c,bb9139bc07fb03,0.5
6ecc9ffe18ba84,62c309c8aef10c,1e4870ab195ab5,0.06896551724137931
a8856ea5657b4e,8d42d0ae10db9b,1a6ed3c6b69bc6,0.037037037037037035
c42714782cf239,ba10a42873fb12,bad7c11af59e64,0.5172413793103449
65776b29e4ba9d,2464d2d98206d2,d83ed6fcbd95bc,0.08695652173913043
fad650456a4c0c,3869428c69a6e6,38127371ef63bb,0.36
80704229b3cff0,e7b0329467e2b1,ecdc89d2a02c8e,0.9318181818181818
2e15ec04e4d660,929c6fc90bca47,9e1d884b56f45b,0.25
0c8f52875d5d4a,039fd475beb9b7,0b1b8b582b544d,0.23333333333333334
3fdd820cd78b25,b1b895d158bf7e,1a47e9406a94f8,0.2962962962962963
40c3c834940ea7,c0996524fb1ef0,394d2dca86dd67,0.3793103448275862
8b023f26c5bc67,b6986ed39d0cf4,d684422fcbeaca,0.32653061224489793
3c3ea4a3907075,e15cc4fbe062d5,ccd3d1baba139d,0.8085106382978723
5e1a3b5c01d90f,4b75073b3a0163,c6b4c2583b10cf,0.21428571428571427
4d6bcd2bd6a99f,07956a4032d880,eb9287326bac7d,0.125
314c0429cf344e,d6867347466b2e,3f8a898a83de33,0.4074074074074074
3927b58be2d440,40fd87298f7b22,ca1526661cb971,0.17857142857142858
0745a8b0eafccd,60fee683a79ac0,2a11c4e14a75d2,0.5
5e4189a4e1ff3d,8b8dae3b8d0bf7,e4ad10ed00db4a,0.125
ae531e2cff3dd5,119fdf637630bf,eac580e35642ff,0.5106382978723404
41f03dc389a7f5,8c61a9fc703524,6ca67001968b69,0.4186046511627907
2dcda3da47c854,4839a4a682282c,7ba40fb463e921,0.6530612244897959
d4e82a742bbba1,30044ef8333eb1,d7233b09f1d4e0,0.6304347826086957
64156812b92347,733ad1e5ed04c1,6dfa2cfa181ccd,0.5714285714285714
56e708475270a3,207abe9bce438c,033e0369121cbb,0.8518518518518519
09a7a124c630bf,6ec2d7e1a53561,c2e0717ca16636,0.7608695652173914
46fafa500ae9d8,c0da3003ac92d0,f0b1deb3405e96,0.6086956521739131
b4100749d2486c,7549acef308518,03d382ca1bc664,0.20833333333333334
d20a69a97ea126,17ba7c40a54731,a241ecad65083a,0.9148936170212766
f17d0f29bb8561,8799f262e39d56,a7916148a006ff,0.35714285714285715
0bc5a847e90b98,1c44720de29037,b37649dff8cb60,0.38461538461538464
46ac1100693bd7,64c1dd1f704ef1,784d55c54e56cc,0.8928571428571429
6802651758f2f7,f957589cec82b1,97e4f950c237ca,0.25925925925925924
34c8e13177069c,f7fe53f946283c,c44847b57d335f,0.1956521739130435
20dc9bb1ae1100,952498c320a040,ba256491dcc955,0.030303030303030304
d832c5a8edfa86,d9542a511735a9,5a2ca55ec03255,0.92
"1,17E+13",51827d29fc497a,57008a0d6ffc4b,0.44680851063829785
2ad14626f8c7a8,fc6268520eaf47,cca5dc250043e3,0.5
fcf9c2fcef1b38,26916cc3bb20be,67ed5d60cc1da2,0.2692307692307692
1dcf8022496f6b,9959a79bc640f3,1b11c9f242e1e6,0.4387755102040816
a3af58a6d7b6a8,6d06390b64f501,bedfdd3c65fe5b,0.44565217391304346
0392105012d39a,86e4d6942b7c27,d29837e7da8885,0.8461538461538461
65296381df5cb0,fe76a5ebec0b3d,08fccd49025947,0.8846153846153846
83076add7a9c8e,ee8ca43f1e176c,b9fa900cc00a88,0.03125
de6e879e3e9dbc,9ea5c042754744,602c47e7ae9423,0.4166666666666667
bb836260b1384d,0a7e509af89764,ed2e173a68498f,0.42857142857142855
8ccf4fb1d7167c,06a310ab25e762,ea5739dd616bc9,0.6896551724137931
c00369eb2a2fbe,c2c641ca01d2c8,d192f3a7ac6fa5,0.9655172413793104
a2bd0e30bc2d8c,2485bad62834fa,1184ace138f630,0.44565217391304346
c2fd6ec52be5f8,b6c1b791865e32,c06ba0a0c48dca,0.0625
b1c2116c036a73,c8e68eb6ae5fc0,59093810432a81,0.34782608695652173
72207602b9c968,bb717655291bac,ad84942867f717,0.16666666666666666
11e0e91e068eef,9b8118aaed5751,67300a9208658e,0.2222222222222222
e98ffc4149b399,6c1c75ece9e871,7e80da984ba28b,0.7241379310344828
4af24fe6baed89,df76c76b17717f,5f3a5e28ee438b,0.7659574468085106
a45d8f0f99495b,e164320e923258,5bc7d533eac281,0.07407407407407407
a2e516d9d95b8b,e52da60790d5a2,4ba5568821a7b4,0.6153846153846154
9c16ffa274d245,c124ba43832fff,f038ddb78e1be7,0.8645833333333334
e1ac8d22c76dba,c8fe61b919327b,b17e1f4e02e93e,0.8333333333333334
301d31a3493ce9,90a70b2d32b221,01f6ec909657a2,0.8148148148148148
9f98b4256ed675,09e30d307a3efe,7dacfad076ed0c,0.30434782608695654
20a589106284d4,51dc322df221f6,c59cb191e6ce30,0.13043478260869565
a8abc103e4fe4d,4fba390552f2b8,f00d15f64924df,0.2727272727272727
2ebf47f4aeb916,a628d6a64f179a,87f69103fb1428,0.2962962962962963
d8f3f1cda5374a,c3a3cde55d2f0d,103a9808b9b814,0.20689655172413793
f21473a0823d0a,5b6d9957eec9c0,18eb2860a78533,0.07142857142857142
a9f151b4c3e913,960bfb5e94c6f8,b9955ea861c6f4,0.2962962962962963
bbaf4215815414,089957064398ba,d4d1b5019ed4d3,0.25
65774a219969fc,b4046a81242dc0,5d68095f2a3394,0.03571428571428571
0d85d5ca519c53,29a181a6f85aee,2ba9d7531a623e,0.0
b51405e6203784,1cb4092891d42f,7be1c7e1eaa301,0.8958333333333334
c6f5dfc7855fd3,b737df40c1a6bf,27f648a71f53d0,0.48148148148148145
0f9bb2d8bf8bc4,67f807cbeb3d08,7aa95a883230d5,0.4074074074074074
b0346796538c2d,c613165925439b,a90fe445417ada,0.22448979591836735
a9b92c43885814,18e5eaeae8c7a0,730cd7e5ed197a,0.5578947368421052
a3f790e1acc53d,67d903ad02839b,a347fcf33ba5e4,0.17857142857142858
3f1bf6b847ebf2,fda8d12530a605,9cd252a46e9292,0.391304347826087
7e70b34a897209,134255369e9680,995d31e318f1b7,0.5384615384615384
2bb44051ad14cd,f56457f4dab2f0,f0c0a8ec373344,0.2916666666666667
0a0189d68f63df,1da964bc283183,f21148e0615ee7,0.12244897959183673
13e9491088328d,995f48d282ef73,e51f62b81e5428,0.8666666666666667
c88377b788d97e,2798fe86a12d71,0d6aecc8910964,0.24
b4f823c96bfb35,c59f4100cdd0ab,fec767cd5fbb86,0.2857142857142857
4f2e74eef18b54,1c6b9b5a03f1fb,2aac17983d6789,0.8214285714285714
f7ed5e03510d59,cb5ed889486313,ddc53fb8bfed5f,0.6458333333333334
64d927bfb3b000,671b706e7ec3e3,afd48485fb6f8a,0.35714285714285715
b26b82bf0b8c1b,2e6ec743e4c36d,1e5c14ee37a5cb,0.21428571428571427
cc7bf330bfe3e1,e45fc816ca39d1,2dc87656f9e8f8,0.3103448275862069
2d4403feb3488b,4b48ae1de75f7a,1903d306897157,0.4166666666666667
273842fa19317a,d68144d1aa610a,372184e8ba5df8,0.56
366448091850fa,5c0afbb2b593e2,94e16798dd88a1,0.7446808510638298
c028947f9ef3a9,15c261d1d0e426,f13eea5615d012,0.17857142857142858
7431891a505721,6e7574986dd2ee,d2e15a3b72c300,0.5714285714285714
74a3f91915e1d8,4800590ae737d1,d19bde885693a8,0.6304347826086957
a5cdcad2ce853a,d6f68731db1e60,001a75ec743bc7,0.7333333333333333
9f6420c2d3aaf3,dc9e49dedf5bdd,684d534ac121dd,0.3191489361702128
48c33de757c5b0,16b3bfd0691e59,6adde894c3d4fb,0.8888888888888888
3edf5809e65b1c,1f47c0062c7968,b57ddf963fffb4,0.0
652fa40159a278,6c6b3a0a13e8cf,2db559b3a28c21,0.11538461538461539
d9edac9644459c,ba5ab6b5693269,378ae85cd1b52a,0.25
be1b14db4555a8,9e348eb6f2430a,6653c8860ac418,0.11538461538461539
d5c9f87f42f74a,e0ca410f5544b5,873100a62287fd,0.7291666666666666
6ddb8f2a8e22f6,8460953f9e36db,ac1b40b4c2977a,0.7263157894736842
bb45ff8b01a7c8,af00b311d068cb,9f393405497cdf,0.07692307692307693
bece7f3368e4fe,c673bdc7a577c1,723e9c4cfc4ccb,0.8846153846153846
74cdd82a597971,eb12efa7699b13,bd51cc8617d5d1,0.125
d3cd0a59fa382b,3bd1281e93e6bf,d18af2b6a15891,0.9629629629629629
220c915f9a5a57,2e3c67cc6bf6e5,60dc0142437311,0.3076923076923077
61c7fc75890556,ef8fdcc9073940,aebb66ed71d91c,0.9791666666666666
24f4ff780d6e56,841fb57f211a61,a9349032d4b314,0.5555555555555556
d1fa1475a5f3de,24acc2c58976b5,24c23e761508c3,0.425531914893617
8e8dd1a79a6fca,ce3181d4553761,ce7d0d12060d36,0.16666666666666666
879912f7f73507,f3478205663f9a,afd48485fb6f8a,0.4642857142857143
30f139f5d03284,31395d315e27aa,c3fca8234fbff5,0.9148936170212766
de9b822db83118,d0a0a3ee5b1058,57598e075241cc,0.717391304347826
882cabf11717f9,d989828970d454,68353c6c12f86a,0.13043478260869565
a20828853b5180,74c07da60b8eb6,7659613b157eda,0.3793103448275862
e7227ae653dac0,86a24a4cbf952f,afb913ddc54dd3,0.9285714285714286
04261cf9876113,5cca38deb0eef3,634a69923ad414,0.4583333333333333
a6780ff1b11403,8d072a7efeab3a,c68adf97dd488c,0.0
226e5c90d510ed,ea7078a15ea17a,47752ee27fbf40,0.4
14f239bbb8c734,1f2f887c0051bc,6998520242ce84,0.3076923076923077
95223fdb9e71fd,7acf7ca9971eb7,b3131c720f002e,0.7777777777777778
64935d0f9cb68e,b37c1da6e64dc6,0fbb781ead56a8,0.5833333333333334
210bc58fd77257,588b41599eaef8,8425448bd6eacb,0.19148936170212766
5622c9e39dc114,6617a6d2deb003,6ae64d47e9d87e,0.21428571428571427
6bad146850be85,4f9050b30fe6f4,03f2e9c46fd8e5,0.5925925925925926
396ddfa28f9b27,2d02e0cfda1a2e,e931e28db62975,0.06896551724137931
76d67c7e91afe4,7778ad197758b8,0af318cd333317,0.7659574468085106
bca55374ae75c9,577405d1d22d4e,22435177b2d79d,0.8333333333333334
7cecd340c113fa,316c7a92b0de0c,763ba84c9ddd71,0.4791666666666667
5138403693c83b,82d28adb31c008,099b10fa099d93,0.04
33b73ce450ba19,8c147778b01987,2b58d2f50db852,0.8210526315789474
700312ba70b547,dd3a487a095abe,758e9f2eab842c,0.7
6d26727f311358,305ee5215ce8e4,a7168467f99144,0.23076923076923078
15239118c88bcc,cd3d665c70ea90,a49b60503af2b2,0.8275862068965517
138d60c9873100,85b0772080b4ea,2924af2251ecb0,0.10416666666666667
a7cdfac1cde9a7,fc766a05211262,b3a30588d3ac59,0.0
1580d3afbcf20b,15fc9414c7d79d,8690ddf91200eb,0.6046511627906976
e30e7e95214345,36f3e6969693f9,f1742150674d87,0.6923076923076923
f01e491dbe7b90,67d264ba3b0b7c,69a87dd73f4c52,0.4642857142857143
f7ac958a2ec9b1,87dace6736f08b,e6e7de10c15866,0.8085106382978723
c6685ba9fdc4c2,73bbf5420fa21c,2186576059d82a,0.8333333333333334
755fb50340169a,598ee49c31666c,2c6c21a6aae125,0.23469387755102042
6984b399fcd632,bbbac79dff637d,5ca1804dfd454c,0.8333333333333334
0fa6259de8a3c5,e2a8e7ec210427,92d17c1b04f3e8,0.8928571428571429
66aae3697b6c54,c628c432e2ee94,8ededbdbbaa3f6,0.5348837209302325
2d2b3a729bd649,4712b17932fb45,902da6b5846c74,0.7872340425531915
235b77df3ddd12,8a98fad69d570c,5f8c0b22e595a0,0.23076923076923078
13c77c39014558,950d60ad524f0c,1d67cb93851e01,0.47368421052631576
99b03561319552,a04fe38f7ebbc8,a11b3ed9b61d52,0.2413793103448276
d44c89fcdf2040,388053242b7ab0,300b5729c71433,0.5
7966c7397b4f28,1ca3455ada5f04,cabb802bbfb9de,0.2222222222222222
76e3c9fcc1e8fc,349254c8bef4b3,d8037bd50c7b56,0.8928571428571429
28f987d683f7c2,0ce5d2aaadd1a4,5f7d13f7f77238,0.038461538461538464
55887d9decc96f,060f95dcdc74b1,fdd57c308763a5,0.4
d3ce286f4332db,9b9044389b352f,943597acb47d8f,0.4421052631578947
ce30fc6c06934f,d3ce2a9085de6a,9f140782f023e7,0.0
6eb4c98469bfb4,4cff6000f227d9,34cf095b6a9f18,0.6923076923076923
8e5e1612acf2c6,a2cecd95078567,90d4e16492dba2,0.4270833333333333
1af65cd6c0a85e,aa766e4e9e693f,ebb21e41d8d3f9,0.5531914893617021
76580d09223505,3a9a96b4d2fdb4,52f989eef164f6,0.04081632653061224
5abcf9c3d64077,88d2ff0cf1355b,6618161253f473,0.6785714285714286
31bd7e1cbe6771,7791482f903c11,54ded5f7a62bf0,0.8148148148148148
7d942b15f8fbb1,f15f4c82a62a28,0486971f6c4b31,0.96
45b610e0776686,f0f23a4d184d91,9094732df8661d,0.2916666666666667
25fb0cc64d8de7,e8763387f37e7f,4981c756d83ff1,0.2916666666666667
ca975bc67ce08c,71bd9bfae5e240,b4c1e10a61294b,0.375
d754c2edfcbfcc,e0c945776488d3,bda73749140498,0.375
8807421965cca5,e1b77dac17ac66,c2db6aff0e6945,0.9285714285714286
9987f170a296f0,486843b716434f,d465e6125c571c,0.14893617021276595
2b36faacfb9653,c1842c8066dcb2,276cc5e9afc366,0.1111111111111111
26488260d4f0ce,50633e16c74b20,aa32804484df52,0.896551724137931
2a7d53fbd1e843,eb981568bd97b8,3ca14b56c37566,0.4270833333333333
27286a9ce2376e,a6ad0bbb9de8dc,48bd6137ba3fd0,0.7083333333333334
1387467163ce4f,144ba5d168adda,a8ab08c06cbd63,0.2391304347826087
1f57375864dd53,f393e791211ff7,16d9de51c2e0db,0.0
7fc318fd9e75c0,9e03beac1b3bc5,8948901e2c8c4e,0.25
ef94326d0122a8,812fdba57f3d93,7cf4c92ea22687,0.574468085106383
c47635137a0b30,9e7d4c7d918282,96ad81b7854187,0.5208333333333334
9304d698e7a62d,31a6aa896968e5,8ddc71d19c8ba6,0.17857142857142858
5b1adac2e3b907,96574fc2a925e3,de94fada341421,0.15384615384615385
aca389e0828f93,1421171190525f,f3ebc170f00981,0.3020833333333333
532f42474ab986,83bbbc2c5042bc,4258ba04ebf276,0.2413793103448276
1b5b9c97b759ec,855135fdbae813,9a8d2fbbc87f38,0.9166666666666666
dbc0ade8fb85ad,e215272a929c7d,70f89480788691,0.04081632653061224
22cf902ecdfeac,668c13c7ffbc04,f60a9ff27e3d9b,0.2962962962962963
1022a4876ebb17,c55cbeac0c663f,4de7717e6b97df,0.06382978723404255
41c3d98cd322a7,e7cfa6db7244ad,c912a74458f288,0.6170212765957447
b9b39e14bd3d2d,8e7c5d8dc5ee3d,ce2cf516f0d4c9,0.04
03bf944688fff7,0926954aee3f8c,e5bbc48c089764,0.34615384615384615
950d57d0404749,f2c9ba19d77758,76a35e54f6934a,0.16666666666666666
37635e06f8f86d,d13365f88dcdf1,4ff5b349b32f4e,0.07692307692307693
c1f31aa3964b87,6054a3b4a2ff8a,30b20e25971a8f,0.7307692307692307
df5aca8a31616e,e57cf2419e5fe4,17926dd600f5be,0.0967741935483871
d7fa8f2ae04cc2,79ac6480705382,eeb0b9c2be1496,0.14285714285714285
38d99b87e36bf7,921f979cd05f2f,8c1732fbbba954,0.06451612903225806
c9b32b193ad9ff,82cdca532c6e62,4c98025f943e36,0.9375
a63054b87c5165,e10ae493a56c46,335cde5bc887f1,0.48148148148148145
1b8b40d2bb5812,d5528f9392fb08,be651d9bd0d83d,0.7755102040816326
3e5fe8502e541f,6a6ef91ca95272,b62f4c60cfceba,0.038461538461538464
954b81cf71c9aa,fd9a57b608d1e3,ce01cea7c9b3be,0.8617021276595744
a55d2ead2e5d06,df1889540dd410,458c9d15d1bcdc,0.5517241379310345
45335c13e36b7a,cb453c2c5b9eee,8a2e976e88713d,0.3448275862068966
3d5edda298017f,326b3cbf8f3b86,6e9096ed4c9b8a,0.5416666666666666
dae1b462af6f01,16c8b51bad36f7,3299c4f59f5144,0.8148148148148148
082f8ae839c412,6cb692883fe1b6,8cd1e47b428c40,0.1348314606741573
112de6dd12488b,c51273efb58387,807119b059437a,0.75
57d6460f459004,78879f7bb28731,f5cd2b79afa4d9,0.0425531914893617
d513b9d34ae609,303faf7f07e4d9,595d8585fa49a7,0.5652173913043478
8a0c2077e79cea,23d8f57f12933d,3418c9cca9e6fb,0.8518518518518519
1233e0bebfb454,52556ce020daf3,982ec15b5487ef,0.6296296296296297
582773fdaaa3c2,b5154a16b54b91,2435a897664a75,0.07407407407407407
f9fe43cc499080,3ee5a49d0457cb,786fa2dcd7220f,0.9148936170212766
0d843b5d531e62,8d959ad430d312,f603c98abab71b,0.65
04ba590386a1e8,a5198702d14f4b,15d998bcbc28d5,0.6947368421052632
086635713051a2,24ffad98233d50,a4c6fe306b7f16,0.0
1d0a4f472d3b4c,022229dd9554bd,872b7d7aa4e276,0.8723404255319149
78d60acbab36bd,4938f62515e087,ee84928c0bbe69,0.5925925925925926
eafff968e2f68a,2ca6ab11a0ff4e,076e6fb2bd6d14,0.2222222222222222
4e1ea4c52c722f,9d268d7755eea6,43645d6869839b,0.10714285714285714
01179989b3c37f,92823c539a3ca4,ca46da0f95127d,0.1111111111111111
7cd999eb53397d,5159c1901b626d,a87d73a888489e,0.0
ddd86daafbc40e,2e58b436d44e20,6ccb5fc749d16f,0.2222222222222222
720a75344e6caf,a0eba823cb835e,7454ba178cf6bd,0.5925925925925926
0464cea61c308b,dec025033b780d,eb0897ed59230d,0.48
601f483043685c,5334e5297399b7,09b0ac225c002e,0.8260869565217391
e81ca800050627,50b570cbf3be8a,e49f52b1d3677d,0.07142857142857142
bd70df86c9b5eb,a965237b65634d,b3f9dad2480291,0.13793103448275862
ad8c4fe25636ed,729cf6acf28eef,df8adecbe23bf1,0.6458333333333334
edec178835a792,81fb5a50b2bbc9,0a8b142ca4caf7,0.75
5fb1de3cd9c148,98d9b82e1cfdf6,3493528a8afd79,0.021739130434782608
6b6627273abd48,9280e4f21e7e8a,931428da2d82d6,0.8076923076923077
e0b221ad868e31,3c016b803a765a,16987e0da72daf,0.07407407407407407
5536bf9f144112,e204bd281e6ad4,a38336031c9e62,0.14814814814814814
61756986f35b0c,cc1dbf33552079,22b0201c9ebe98,0.7037037037037037
34377829f4b675,d4b7360e1660bc,b0f55936bf80d4,0.6923076923076923
d6cde3429b4e25,516c0cfe786634,979e136894ab55,0.5384615384615384
1ee95ee65f946e,691f56184219e3,838c1b79b50c2d,0.13131313131313133
e82d04ebadae4d,55e2dfe1de44d1,b4e0c2464b11b3,0.037037037037037035
896362c4034aad,5e81c61f989849,c9e0b79be81661,0.034482758620689655
c87d95f57a535b,cc6b81bbc566c9,493a91505d2c8a,0.5185185185185185
f1ca02764c253e,34f6d77fcc358d,9840be2aa9e840,0.20689655172413793
1ce651658ecd24,b4c78a9c9325cc,49b3c4527bbf21,0.2872340425531915
9d0b8b58b30ede,cc1f23b3f55512,e9c145250e2949,0.6973684210526315
54555c7a89f15d,e3c6c87b75b6a4,4282b98b015346,0.11538461538461539
2a443b15d7e8fa,8839d375bc310e,38bd1fd151a1fb,0.8333333333333334
ddaf78d6651fec,c6bdf088f4fca2,4e6d890e0e769f,0.2826086956521739
b54d275cf82504,c4b7894642d373,bd51cc8617d5d1,0.25
a2b5321489bc12,b8c800ec7e0d1c,dc9ddcfff172ba,0.5416666666666666
47f87617706c93,27c9af10b26937,7de836a94fa582,0.9642857142857143
0b49c113f5d06e,f1d75bef5dd802,cc157ec82f8f2e,0.72
6411fd1c98d7fd,9dedd8da2c9d79,2398b58e177a86,0.7407407407407407
fb6eb477c1cd25,de92545f48054e,c745e8839d994e,0.8958333333333334
32d08cff851f89,e49a42fa08010d,7cf5f222dec52e,0.0
26366e0ac763c2,b02b48d422e781,5fcfa199083145,0.07142857142857142
9f6f87a14e03bd,f3885a823b1989,76bce9ed6a161b,0.7037037037037037
e1e53196885697,dd26b66820db49,c0f850cbd46a3a,0.11538461538461539
106532d02f9baa,03482de1e18097,84cdc4ea08ec7a,0.8148148148148148
58eebda5edd4c2,f6410c05bfb73b,cbd6edda7fdae7,0.1
6c123d5aaed0ce,66b6c56fe266ab,903ce91fdb2549,0.10638297872340426
e87b2b2c8e0deb,08857ce31c6523,9ba042cb80a82b,0.8518518518518519
3783bcca01d037,eeb721d7e98444,180c1849d42f4a,0.0851063829787234
5af53cc90386cf,5e85765f468fa9,fc02778f331586,0.75
cb967699bc2ef1,fd7285b7ad8126,c329ad9d0f9c56,0.1111111111111111
819fb2d7f742a1,f596f787bf7240,3971be5a31c9a3,0.8229166666666666
1c262ec16389e4,c37241f9c52400,7e81eeb97f4da1,0.7021276595744681
80c8d927543154,f500a9388daf01,405af97450ace8,0.8888888888888888
9ef3256bdfcee2,9ba63ae9445cbb,69d3a306a1ca49,0.6170212765957447
f3d4808ed71520,4626b089ce9a12,536fba1977b278,0.7142857142857143
ed7f9c5408f4ca,6067e23960e73f,90b9586d4c0ad3,0.06382978723404255
f93ec869164a85,c3dbaabbbccdd8,41982359f685d0,0.8409090909090909
f1e2ee71898737,b85cf97733f7cd,1b3a631d2d2131,0.3854166666666667
0b0b8d90575138,0b2d20b5659580,0943d02597e6e6,0.9387755102040817
f2191344692758,acc12d52f26690,24b0a94b6670ba,0.3076923076923077
7ad6c4b381cc9f,f554b36f1d0479,9e53c48a9a688e,0.4
58813cc76b8bf6,dec46545edb082,fbfae18f0c50cf,0.14285714285714285
46bf7f75844080,54d872d6fefa20,"7,51E+13",0.21428571428571427
76b02de97063d1,8291a1642de63f,faf7f8067a2e0d,0.9361702127659575
1fe008d5a4ff58,c41089a6df0592,88a177f3d23447,0.2857142857142857
c0299a5a532ffb,94f12a7fb8d3d5,ffd26bea6897ce,0.03571428571428571
e3ad991f12cd1e,64ff34dd5ffc07,115b6146028c08,0.08
03339fbf653395,81a23b94eb6efd,95fbb0401a345d,0.8076923076923077
eeaf8a003f89f1,6b7a3c2d128402,5e853c75a001c8,0.42105263157894735
63e8d2cbe10a6f,31c854ef3dd045,5f5602bc1ac52c,0.24444444444444444
287aa772d47763,0c436166b7eb10,e7ce4c0d15784d,0.8148148148148148
86b7877d0c2db3,327d837f1afbdf,ec397fc1801558,0.2857142857142857
263209cdaa1d27,5d38ee80ba3b90,ed2b9dea658b3e,0.2222222222222222
d70a1c56d2fbd6,a9eb4d4f640b6b,decf94e79e700c,0.6363636363636364
ec3eb98191482f,ff843d50f8ae02,210eff5dcadf75,0.1875
2fee8e6d3ae5d9,5776a360d4ed4a,4a3057b3f188a3,0.40816326530612246
56d292b8bfb5a5,a70dbb8646c532,a530c757b0df9b,0.7777777777777778
d2d276ed409fb7,2f7aac8dc2d1c4,0420096f339604,0.1111111111111111
7879e1ff856329,61fb63e7e06324,287d0018e8c9ab,0.11363636363636363
cd8df569307bfb,6f4816ae992e38,7b4c69b4908f38,0.6595744680851063
968081d8384013,797d54d6cc4e27,4a8588fc80673b,0.46808510638297873
7c530bb12df728,26a687c215df1c,080b42a12bec28,0.35714285714285715
fa3912e164be5c,7f45597c1f04e8,edd586ab0076af,0.7692307692307693
e965c118fb1d2a,b7113177a2ba3c,aeadfd8910171b,0.8888888888888888
c6154295887808,0df1ecfb83054b,ce093afda6cbcf,0.8928571428571429
a9e1beb94e030f,991bcb30a06332,aee604e5e0bc45,0.5714285714285714
6398e74eb9714f,267adcab628649,2a9e1fb8eee7a1,0.16666666666666666
c2b5e8966f881b,fcd69d0dde5d14,ec30fb0d06ff39,0.44
0fbeae1256ce26,8fbf8134cc90a3,a7ca6bdd1cca2b,0.02127659574468085
c28e08c4677317,a5e7553f253e35,f93232bf46945f,0.68
3c890da1d7de5b,60d6bd6a64ddea,dbee427a4a0879,0.30612244897959184
4aa2540762777d,59af29a6730d53,65fa61a127f4bf,0.2903225806451613
92cfcfbe7bd736,b79ef116c72678,6910d7bc1e4655,0.0
9ca8623aa6007c,4e9c6d5d4ba362,c4fb1dec4053d6,0.5333333333333333
da332f686ba772,ba2bc6ac3597fa,240ef7993ea0ba,0.8571428571428571
c44bf5bc286805,a1973304ce9566,90c29eca3d10f0,0.0
d6e2b011f2f5a5,5ab550abb251d7,005624947d7fc6,0.4074074074074074
1f5fbf50f203e9,75b50939bc0dd3,63b0d33b103157,0.4387755102040816
ed629822e356b7,22a5d6c1b04d0e,fae17e298fd970,0.4090909090909091
b54ffb76c2f950,f60edc48a61294,cd2dcfb747e5dc,0.0
c5e7e41e9d1906,8752d07efe758a,ab35e561e8ba1b,0.13333333333333333
1e3300214edd09,d2de45bfe9e8f4,7062d51542654c,0.30303030303030304
de68c7aeffe395,a11c14b08db46c,dd3469e6010e51,0.07291666666666667
c2e248d80aec59,f224e477dcd325,86bc5489c4b4e3,0.2765957446808511
66e9b67a9f4533,fe0395a54277dc,f1cbb29da55425,0.896551724137931
eca58708387136,f164212451ee1a,c62d2e851071b0,0.10344827586206896
e0f00401faaed9,71da8da4c57cf8,f5fd12d0c899f6,0.3333333333333333
a75bfb8d2e34c0,db740fdd053e6a,3e2ed1e3199120,0.6666666666666666
29169c0e74a7d8,5e57f745b87891,13e8f19089efbc,0.038461538461538464
8bbe65ec297325,65a64a3912feb8,a02391fc5a7c80,0.02040816326530612
e2c01c79cb874c,6e54d6e73b6831,c571073475afde,0.0
b559867d929886,28b0095c42cf86,f920cd664dad21,0.10714285714285714
a20d6f852ecd54,1a29164dd692d9,c9ded77489b5f5,0.0
e23c3eedc42528,0fa7e5e0e1da35,e24e92dc6dbe9e,0.1111111111111111
e457a809c837b9,ed0fcc0a5bae5b,580bf5ee22b788,0.6086956521739131
de0e2e53ede3e0,3ce45c3de3b56f,133cd9a42e1ea2,0.6296296296296297
ea6965ef930fb4,27bd20ab0bca9f,a0dd06a258e2a5,0.6538461538461539
1788b92d6bcab0,e9d747164e7adb,1b7717d3343a60,0.8148148148148148
32ac44ddfdf910,2ebdfe46e1b6d7,d51f23c8821bd0,0.1956521739130435
917053f6582d61,9f0e998de1c155,5762926e9cf242,0.8541666666666666
18a5a7f8ee0f3f,83658069df863a,086f8a744a9eab,0.7586206896551724
4392cbb4f46ef5,29984a94fb7856,8c766f2569b08b,0.12
1e87afb798ff7f,7b1be499ba27de,69a87dd73f4c52,0.14285714285714285
665a56dbb06a0e,ed9e389714c20a,e135132466c5fc,0.14583333333333334
2467c564dddaa3,c00d0be5289ff0,d8b3f6e57104cf,0.3617021276595745
8b725577725a1f,d2535d65786a1d,5f790691a6cc9c,0.4
c1895654881ba8,2234d4578cbd52,a0880efef004ff,0.39285714285714285
1066d0ac441183,9f74eb022e66b2,fe3e754032565d,0.0
a5d5198107c751,9d0d657d334d97,fe8566d572e200,0.4444444444444444
d8024f231cda70,ad1164c67eec95,1088d406bc0884,0.6551724137931034
6e2448fa559967,69c50aec8776c2,4f2cd8bdc28bdb,0.8571428571428571
f78895c1b46bfe,d439455c3dd105,77c2f281a6b2ca,0.5434782608695652
3e7184895770e2,da9c7a225315ad,aa24f3f33867ea,0.022222222222222223
819ba4f9113fd6,fec1796a49b241,b211ad866884c7,0.53125
4389cc011aef30,d3fb8b29a2e29d,0d3c09804a298a,0.6521739130434783
b670610ce96ce4,3c111e810b18ca,d327124c4f74d9,0.8695652173913043
8fcc4b0af7fd38,0ff9463e436e2f,952ce93eec2a7b,0.2962962962962963
9845029e3a00c0,ef01faf8046788,f6788208f82d0d,0.4489795918367347
804a081585e1de,a567ba06951566,66098a12fef953,0.4074074074074074
f4adaa0bbecda7,18704723df83ec,370f2c4901ffef,0.037037037037037035
f3de303f11cb6d,c867cff90d36f1,1bd9e4c4be2a51,0.6551724137931034
732e8195c493f7,e6da7089908200,7a8b62b41feccd,0.5555555555555556
3b17e953c1c37d,f80fb250ec7b05,f8ee7da7d01580,0.2222222222222222
1e9a62932bc3d5,93e009f683f747,21ca0471869329,0.034482758620689655
082073912e0c42,65a0efef0cfeee,33179b8573d25f,0.7333333333333333
54308f8fe17087,e44813ba7e7ef8,d1361305bec596,0.07407407407407407
99cd93ec7ed942,08bc1328dda880,4224b400050b29,0.8260869565217391
de141fad965910,cfb4e397e35dae,24b8a267046e47,0.2857142857142857
29cf60a97fe402,99f8ad74203130,991f8227886d1f,0.21739130434782608
57d7ffae409cb2,1a2b6bed7a90e5,dbce1a5f7eaf82,0.07692307692307693
f504ca890f01ed,3b600588bc458e,97897019b5aef2,0.2391304347826087
1dfa7245f12d50,db02feb6eef8d3,3237885f947153,0.17525773195876287
dfba6ecd348464,9092c4457aff59,7d23c93cdb7848,0.7142857142857143
fc658d802806d4,b0ec4c384ba601,c17cba0e8658cb,0.7
fa4c3e5fd39117,1d2802362d54c4,45484578e03238,0.8461538461538461
02f7a31c5ee1a5,78cfbd58d30762,c385f255f0cc12,0.35714285714285715
4161e6b9dba435,f8155e5b9376c1,fba050b4591232,0.9655172413793104
3179963e582d6e,9b3633a1805e6e,bc6d8a48ea0c3a,0.25
3d684cfc8514fa,be3fb32272c9fa,9b2883e6f89fbd,0.2826086956521739
04a2f20113a774,5370f500dd2d7b,bbd4968705d1b1,0.7857142857142857
3e9510ce8d14dc,a5ad421ed18c5c,aa32804484df52,0.8620689655172413
1ba190727b0cca,aaa2cfe3c1f6c4,ad2907441fcfcc,0.5
4c7089ef08ee4c,599f5ae3ae2c5b,93a29016aac92a,0.19148936170212766
5d37a8a48d3577,b5ea2e32468e27,50509f3e50a1f3,0.07142857142857142
817a5d423137d8,bdd1d06f6abdbf,66ee7527977379,0.5652173913043478
38040c4d87cdc8,a70d9275b270e9,2846bbbdc29e29,0.8804347826086957
3579054a740de9,f3310a3ecaf1f8,640c8e2d318921,0.037037037037037035
1ee5c8aad3e813,4b25a97f5f936e,9bc39380f126b8,0.15384615384615385
730dfcc36b91c7,aec49d627cf7de,474c1e175e944a,0.5769230769230769
32473a43889677,c3ba4fd0ed0ce7,dae3431d10f08a,0.5517241379310345
79f0b1e08865cb,567ed07436feb5,dd0fa7db929cac,0.5319148936170213
61d1d9a17e76df,45ef024ce0d7e1,133ac2fa43ee77,0.010309278350515464
549bba4ec875b3,c242efd0b752aa,1da232778ef298,0.5333333333333333
edbcfdd4ecb0fc,41efdd77ad583d,635c2a73c19585,0.9148936170212766
3021282910ef20,b03c8a86ccb7d6,a82a5d1cbf8938,0.38461538461538464
5e4f815975cc37,4919a6c88527bc,05b0d7dbf46284,0.5769230769230769
43df836eeff78b,1b38260e0f856c,be2c7fe17a99eb,0.5714285714285714
142e8131206d61,81d2b729aaf07b,446d733f292766,0.8556701030927835
1029d3abd22d9e,3b15a9c0d49f1a,dd3468d7823dd1,0.0
a54f5cbadab3c0,e576a075fb5cc4,73cc0c2a1f8285,0.29545454545454547
764553f8bafd3d,7c1bea6c7e2d75,3515917114a1c0,0.3076923076923077
12466c4dd5226e,056db5aad1e86c,d85dd379b74fde,0.5
777406980aad61,70ee4436409e29,28dffe2f36fa64,0.2857142857142857
0ac73abad4d1bb,fa2b19dc067cbd,9890cc274ea66b,0.02127659574468085
c0e72adb9dd2e8,7c15d6fcd287a9,41f25cc2999ec9,0.625
b12f6d2eb15e21,47043b0dbf6574,fbce2e2b1259f7,0.8620689655172413
d0b619a106f2d4,4130c7b373d0bc,96ad81b7854187,0.6875
e624bcfcbc9b56,660f681ca3f018,c87295e24f0746,0.020833333333333332
aaf6f8c0731291,852e3e6947bdfb,239dd1e592c106,0.4444444444444444
dfe11d33b380b4,56563707d2f54a,9185597e183dd2,0.3695652173913043
61d89fdb3020fa,78738a27b7196d,bad9913fcb8063,0.7777777777777778
f9072892158fbe,54e8daabfd56d0,aad15c334f23b5,0.2692307692307692
b5d4c1f683c8d4,2b79656fffd174,943fc45d705f34,0.6666666666666666
e94fd2ec38ae14,faa986e1528c55,03ee935dee8faf,0.8421052631578947
145629c21d8cb1,d3db6792518d8b,f644a1f1582594,0.9333333333333333
34085aa235de20,72c5addb58f9f5,9d0e33e41eb681,0.4230769230769231
d053c711410c52,aae87eb59fb404,941e1d7a706b22,0.47619047619047616
ffe1907b18d95f,ec297fda6b649f,633af9f310b75c,0.782608695652174
049e1a703eccdd,addc30719814f5,194aae88a07319,0.2222222222222222
5fc089998e1e29,b2f257393a50b2,f70ddac4b30d6f,0.9655172413793104
1c2b2319355eb1,049d77c42f1e42,22d2ba887c0048,0.3333333333333333
ca149f32372856,067571b613fcc8,0f644af14ced31,0.26666666666666666
5964fb3df5487f,05503dc121b3af,92eea41782c5a2,0.9489795918367347
9addd4e73f98a4,ee67375eeeb30e,e83e7a6c2d6297,0.46153846153846156
c8b530cd8e2a40,f3ce4ef2fe7ba0,17b793755e1d65,0.1956521739130435
d671fb3c927683,b8896bd3576d4f,7956adbb85693e,0.13333333333333333
8a827d22d39267,ff9205ed8ec60a,537a8f47a792cc,0.6538461538461539
62f3a54c3bfa0a,34405dd7da9241,ab63f6ad0dfbe2,0.8494623655913979
9a049ca3efcbaa,53e0ad9fd1ff52,5e490c620c6172,0.0425531914893617
c9f306faf033be,e6c6acd2493465,4a31bac2573f1b,0.782608695652174
8c522e129d6f41,c0db144fcee246,c7e84c35091533,0.38461538461538464
ce03f0e7c82b42,d6f9c980dc3e8e,52ec947e468bee,0.8518518518518519
f2efa570094511,2da8d5b5bf55e6,b64add2af75dd0,0.11538461538461539
0995a1dcd85f26,488502da26c433,7c1c49b90b51f4,0.0
b62cc6357a740b,31f719b35f76d4,7404b24d849d46,0.5384615384615384
a72abe8b9175fc,c9aeb9fee060df,185b12dd871e46,0.037037037037037035
1060c5f6acb338,a0f027bca4ab55,9489575e8cdc4b,0.9583333333333334
78a4c00266b29a,062ed64942a94b,e4924cf1b0f6cf,1.0
4fe662ab71ce1f,c475a4f6da7773,7d8fb4701afc21,0.022727272727272728
729cb8fafe365e,25d120ebae6f4c,94edc1a573f39e,0.9591836734693877
abe0cc8054b031,96a9a636ad74d9,d47b5618abd487,0.07692307692307693
55d2327afbb722,0f3b7336182f12,ce141685deefb8,0.3448275862068966
351c49373b0139,3419dd7f04a65f,d77c2cc49b16f3,0.7142857142857143
7411f5b1eae104,4cbaa3dbb02bdf,881118165bbabd,0.6071428571428571
f0812551f26605,e29758d3720815,1d78acbf1f4cc7,0.4782608695652174
41614630ee7375,516745629233fa,630759908cdf39,0.9375
1a913b4564c005,b364c01b36e560,bbab92d6a6a1e3,0.0
629a09b60761e7,77f1b0ca1402cb,8f7c444c1a9d9e,0.2413793103448276
3dff24138f00b9,4da4fd9c58d956,131358c85e6161,0.17857142857142858
a81c54a2179a0e,27cd045e3378b6,fca948e623f550,0.32967032967032966
7249c54ba531ae,aadfbee2d8d00a,e478f0c4d621a4,0.7291666666666666
161582c99f76e7,ab2b0e14fa53eb,a7d84ec7d51464,0.3404255319148936
2e5b7397d68e58,858392835c305e,685cd9189bf31a,0.1
15cb57f66292e2,26a4d96d12eca6,8125287b6e8545,0.38636363636363635
ce6d3d419d935d,77ee8c5d564f63,f8376fcfd81c57,0.14583333333333334
e3d501868b90d1,2900cee5b89b06,c5e58c998212e5,0.4482758620689655
7293dcd930f802,0dccbf4135607b,2532b366582654,0.88
bf63a944fff439,a24953c1670e5b,c69216065dd8b4,0.46153846153846156
dd5513424a4118,26b10e17caedd2,458a282e2cf06c,0.1276595744680851
f7206913e70ee2,c60c2bc6464652,89395cea169bfc,0.0
682b7142d60771,8d051eebf1f859,a1b1f7a56ee50e,0.6195652173913043
9a481c4cd577a0,8511ef7908d429,107fef61a078eb,0.15384615384615385
220cfb136385c2,a2e0280adefd6a,97d8220d6ba083,0.5769230769230769
036ab15f15e35a,e82b9466bf5786,17f08684033553,0.6071428571428571
da2aa00994fdea,f990ecb26e3069,484493430864aa,0.14893617021276595
bafeb24a6faf0d,6a7443ee12488e,7435728e6a2a11,0.6428571428571429
55db0b9dfba198,6aa6e04f95192c,23b073fcf384ef,0.422680412371134
dd2a64b4437976,11eed3bd35387a,1d583422ab167b,0.1111111111111111
b999c306b07ff2,e416f5c5a89a59,e0f5d0cf675b74,0.8666666666666667
e83013d77bd936,dca48c2d0b532c,4a7ce07b10b8fa,0.8144329896907216
cab7e7328deec9,ecea4da7abedf6,d14de72025ed32,0.8928571428571429
9901901d6ee36f,b36fbd7ea47e7f,4cdb818ce48dd8,0.8494623655913979
c3475c37cb3211,ec57e12b0bcc57,f448d6dbb42c5d,0.88
2cf31091fc0ed1,643cbdba5fcc91,958c21c4706a6b,0.06382978723404255
78c085504874dd,34cc384a903bfc,97630d52cb3e66,0.07142857142857142
13080439b7f642,e4448b4ebe469b,2d96d1a82b9e7a,0.8148148148148148
abd3bf93e2110c,20e83b77f90492,4e0a80576aebc6,0.09473684210526316
36516bf6055079,44e29a4e044abb,7e81eeb97f4da1,0.5106382978723404
ba13c117aeab75,ccdc66ca07b769,e9fda7d1bfff03,0.40816326530612246
b92e0be7ee5c43,45dc22c5be344f,10da7658445266,0.3829787234042553
4e02c981769cd8,183b79cb0ca197,05f4e57ec51569,0.3333333333333333
a92553e923407d,ff67a7dddcedb8,15576c3fb7d4f7,0.16279069767441862
ef8456118e36bd,42032c2b4b7138,9428dd66ff2703,0.4444444444444444
c36698d3df38c3,1c9165609feaed,ec43960014308e,0.15555555555555556
bc2e38d7c26bcb,1c4193674cacff,f626e54c34a5c7,0.5934065934065934
baadded7642050,12e276de4cf1e0,cd914e0c331b38,0.8846153846153846
6bf683973c990d,693797c50a1b1c,5bb5e0b3ec1729,0.7241379310344828
9ac63d0bec1306,cea05c2f3cae38,570f33e18de679,0.8125
15bea34567849a,76aea8be955211,50e69abe87c5e0,0.776595744680851
6a76c0fc4d7555,8a46767eebaf24,5bc99cde97f739,0.5684210526315789
7134be255af997,198d28934af61e,b09ad45cd6c9ea,0.64
86a412724edabc,8d63b6ee17ffd2,2f193ed419095f,0.16666666666666666
f67f14797b550f,312ad7174908ef,26d5570233b887,0.2553191489361702
ab3ec3d59b7e95,a78b7427860a18,1e860b1ac65865,0.5970149253731343
5d116db8d545ac,633eb45e2d495e,1a4d6f217056fb,0.3877551020408163
eea6934dd990bd,8d849d25f2ef4a,134fb3f1597c41,0.25
c6971563c0042c,01e1bc54752de6,58736dcaea122f,0.037037037037037035
5f980d36e61718,cd0a42565c7aa3,9d836997c9ea78,0.8666666666666667
b5a90be1ae0cd4,c872282ed5ecdf,5330c9f4b7d777,0.2962962962962963
0842a61759253e,d50bd958d0036d,7feb9e27cf6049,0.46153846153846156
34eb8e403f16f8,1aa1a3e529c186,73ee7603556260,0.76
f949498bd96053,98639a7b640720,cdb021004effb6,0.8214285714285714
984d790b864f14,c98fb0efea7525,e59c2be9a55d8d,0.3010752688172043
0a8d7fbce812af,83eb29945ade13,e69b0502415ec6,0.8775510204081632
b707d146d634c4,2048b6f54252b0,ee32d8156ee9fc,0.5517241379310345
ab06982baeca91,3d3db4c46c0376,7cd12422a39fad,0.5
13019e14e83244,00646af21eac79,2aac17983d6789,0.9642857142857143
e73d553dec9686,6a586fbf59b24f,71d7aecf634e07,0.8979591836734694
7a899824c1885a,af66136c6ed387,ef0ed9e422a832,0.9148936170212766
96266c69053877,75ff0bb7e72e74,37c822e68445b7,0.5
b85632ed1e864a,74f6b7628d1b60,cb26b76713ede3,0.3448275862068966
22513ebc62bff1,8a15532310cbf6,1a1a7fcad47a85,0.20833333333333334
163e52bf95881c,dadb7cf0f1de96,79fcf561f6dd03,0.24
7ff126b07ad981,2f400b674df3dd,9d9f85a6acee80,0.037037037037037035
e717db84bd7f17,a7e697911106b5,9aacd75f29d136,0.6222222222222222
db859f2dd207e0,bb0c6af82cca37,78445bbbaf0008,0.648936170212766
1ecb27a24f4a98,fdd053106a664b,1a6691aca63e1f,0.8928571428571429
f394e014f55b36,3d784dcff6c9cd,11949a7023c5a4,0.9166666666666666
fde50f4ed85d89,1c6c1fbb3041e8,9901f0b2277efd,0.1111111111111111
328bb34939aeaa,d7d9cdbf5b3df2,6b79ae1c857610,0.7142857142857143
6a2219fcfcfc6d,e159f0476cf4c9,767f24365db56e,0.15384615384615385
8c9ce0f55becf5,649d5ba129ccc8,744955ae5f511c,0.3191489361702128
51478c914fa510,5a2b7bff32511f,40e1b029079739,0.38461538461538464
7c04ea58068c42,9a96bcbbbe2dc7,90a453fb7b5d8e,0.7692307692307693
47a5dbe1008279,8d5c5adb5d4a30,b11f801c964306,0.6785714285714286
29541a50c07adf,db54f6ae72315a,08c4c0908a192a,0.68
69470491a1539d,724698030bfb44,0010cc33013cbc,0.14736842105263157
fc48605f55e0b1,86e3def81d263e,bccfa6566545ef,0.6
9512c57b1d8bd7,3f8f10b0e45990,1f0fc3e56ad27b,0.5416666666666666
1855fdbdcedd95,768884a070667f,8a60473b7f6ace,0.2413793103448276
7869338a16442b,87841116ec02a2,ae18c9f4f25954,0.7692307692307693
a68402017d05ef,7300953be26686,bd2e2b3950626f,0.5
b5a7f6d9d7e073,8717becd49175f,34e591ffaf8acb,0.1111111111111111
bd02338ee82245,08f4257b794a5d,d1dcbd4f4677b7,0.896551724137931
3ebe6c6c68ad3b,38dac0877538e2,f1851568e1f16a,0.5714285714285714
539b66ba755c2c,e9297094f987d8,46d5d5a041fce3,0.23076923076923078
c76344141e6ed8,617cfe75dc50bf,ad414d5195cb4c,0.037037037037037035
76f150005962e0,b96a5cda3197e3,6ef8eeb849010c,0.4444444444444444
d3415dc86adb21,9dadbcfc523b86,dd924b84ce115b,0.7916666666666666
ba7f9ec87751d5,84b01007d66b25,4a88cab07334be,0.3402061855670103
3eee96839d67aa,cbcfa7d240e1dd,65c0e2e3e8d0fe,0.21428571428571427
fb11e5192f4f59,7893c9f18d6de9,a60952e514a696,0.92
2b7dfe8b925f20,1fc2cc2c93928a,f6d45b4f2fdfeb,0.7191011235955056
5fc993ca64f719,4021c82dde85da,d23b098456586f,0.3333333333333333
f6b2e568039948,efbd768bac5401,a40a95e30fe4b3,0.1875
091f376a33ebb6,31b6fd23a39a3c,dc4c4a5b650b0f,0.0
bdc146035d343e,89dff803548a33,1566ffacfb768f,0.7938144329896907
74f4756bb6490e,69dec2fe12b1e9,7c24d65596e4ed,0.07692307692307693
0561ff8e945255,cedda7fd85654f,893969a05b228e,0.42857142857142855
d393864a1a5b60,e16ea4102ad4f8,978d7df3060841,0.5
90a88d7817bf1a,5d39b9bc8e83e5,bcb812039ffcec,0.8846153846153846
ac8ebcd92d19db,67229760dfc515,5577184e0f9f6b,0.7916666666666666
f970bcc6f74a97,81aabac74afec3,2a67ffbda27892,0.391304347826087
d8279d0d039bc9,bd992df124bef8,5f9b43b61e4706,0.10714285714285714
b2d128f8834865,c1c955fe2667fd,d88ae32731bd9c,0.7307692307692307
a2f59bd9db9c5a,7e23a6370bddf4,be648a7e4baf47,0.7777777777777778
275aa0f8111f19,13b4330a65104e,8cc57983b2092f,0.1935483870967742
a941856042ef4c,b60a69f5c320db,10040c2c7b033c,0.6521739130434783
378348641ff74d,3e79d3dbbe0b37,9e6d7dd8437810,0.8913043478260869
afc4b7318a1ff8,231e27663c43b6,013a7e04a58f2e,0.6428571428571429
41b954672822f0,90626fac6369ad,e51f62b81e5428,0.43333333333333335
1909b0ddb0e86c,febff5b8159766,abbfe3451f88f0,0.30434782608695654
57b772cb6ec842,8a6a7e492f4b92,59b62c2531c269,0.0
3c5429fb104100,9f07866afd7f94,ba14752a861c4d,0.20689655172413793
837413038696a7,4419289e1f2f23,a1ed3a586c8967,0.3076923076923077
bc23b895e14c31,990ce37ef2b840,d5dd0faadc5919,0.20689655172413793
dd21dc1e7f4767,1fe82c502d4406,45e5ffa17bbd6c,0.25806451612903225
b017be79ca8286,a0ed819febdd52,8232b51db5a3b0,0.8518518518518519
e19bd169e4af58,fdd574d4d21275,e1638bd049044c,0.2857142857142857
c4507fb501072c,937f180c323582,0a1ae70289fdc6,0.5
e07c6a9c81a56b,d50a767c4a96ab,2ef72ecacf5144,0.14583333333333334
c5a630e81b964a,e1220e04eb834f,8c9c5bc1fb1dd3,0.6923076923076923
f70641018ba6e1,a3c0db5bc01100,5d08ae581a3e7d,0.75
dae2e604162f07,9ec4afd3028dc0,cd952684b456aa,0.8620689655172413
e6a7a14c382886,060bbc6f46b9a3,ae9426af2a44d7,0.6551724137931034
75affa915249b6,14630ca66a36e7,406566bb05d73b,0.8461538461538461
635d39692039d2,7302cbef3841bf,5519ec9777613c,0.5510204081632653
1f7d0e78c44ee1,364fa9ef0e4f1d,4f51a52c377a3d,0.9111111111111111
1abbb9c38ef368,af00ea19ef7095,1e55e8fc7cde45,0.1111111111111111
985f7c4f9f8c4e,cecdc29b88d0b7,2b8a394b0a0f4a,0.20833333333333334
db3ea53029f326,390a9555442df5,19fd8847477b5f,0.5
3b14f9b5535d32,c8b24d9e135cc5,836bb819903229,0.5357142857142857
f1b6e061f03a65,46acf0ce09c0da,a85235ed3f89c7,0.34615384615384615
8e7e348899afb8,a59f1bfc819614,26b8412e9787ef,0.3103448275862069
dc464a3c2f513d,f0a6f3618a5759,632709b9b6d6db,0.48148148148148145
7af365013ace64,79fd44900d7fa8,1fd008f39b6355,0.48148148148148145
b300711778b294,54ee6d43335470,28afbaffc9a9f8,0.40625
a60d16ca756998,9964b23c020b04,b2dafefc9c5e3e,0.32142857142857145
7613142b5171a7,e8a5015fb1e666,60851b9805ae31,0.5319148936170213
ed85af04071bff,6eb849232c44dc,91806b8bd54691,0.6956521739130435
290652ad033a49,dcb913696674d2,40857504121bc6,0.6923076923076923
cb611b353d21dd,1a5a0283d14cfe,06309d5de87138,0.5416666666666666
6e7ba3f907384b,00fe401da824dd,854cd7810ce78e,0.06666666666666667
d2f15c2229c371,567c828abcb3fa,5c5b2bcb45fe91,0.17857142857142858
567e48998e4868,f2f4c0c59459ae,1cc8679bb95779,0.391304347826087
163761e3a1025c,104f3a96399a74,89da181a644613,0.5769230769230769
9c11129a847fcd,0dfc3f35ecee23,48132ade8e2c0e,0.717391304347826
3c63b0a2004621,0c6c101144f489,f882c061030cdf,0.0
6c704887452b0e,d92d7e75d2566c,16a7ecc919d465,0.0
0d1c0ab35e02fe,87f565785f7662,583d7f1d7ff8b6,0.15384615384615385
1cc5b242d748da,f241ffeb0e4098,2fa74eff688d06,0.2692307692307692
f3e236b3e351de,a91eca58a1c8c8,112788ed2c382b,0.3978494623655914
fbde0b0b1642ce,3e133a206f4c09,1dca4b70c837bd,0.8888888888888888
ef57a6868293d6,0c0458345407f5,f38819788d92ea,0.16326530612244897
1e0cf9d26b1d6f,a2081001eb2502,73c6fa9d7f5f38,0.5520833333333334
cc6c71c53bef71,810b3d37ed2503,fb1af054028b12,0.8518518518518519
6345d30579d6c1,2a88156eb4d2a8,66bf20fe0474ac,0.1724137931034483
fc5dd54a306f66,c9e06f96f3cbc7,4a060f4c42ad5e,0.06060606060606061
86015f30e46c0c,8c4f2b6650a0f3,ceabd2c6f3844f,0.0
711287272f7945,6b6f8a054d1879,933d3708e313e0,0.26373626373626374
9d9154ccf832c4,a0ecb3a638868f,99169043a05f7d,0.034482758620689655
2c8ad8adbded42,668513a543a3f6,694eb485740180,0.3617021276595745
21ea3a8b022be2,3817d1d34bacae,9987588ba2fede,0.6896551724137931
bec9eda70bba7c,78aa50af060381,fc491a667b0257,0.27586206896551724
75bdcdf96acbe8,4d7cd18c1d2dec,f16a4f8f7ce782,0.04
62fb205c672dac,7be3c163cd3119,e5b000e7fa8982,0.06521739130434782
d9996ab85efff1,ecb6b5b87b69cb,ab63f6ad0dfbe2,0.8817204301075269
471efbcdf815e0,d2021b5484ad3c,e1cb8c1ecf907f,0.34408602150537637
3d0019b20851c1,de6c432cf45688,66866b00f79fab,0.17525773195876287
6212fbab4cd4e0,e2963dc5f6f3f6,1ef28989327710,0.08333333333333333
618cd013f546ff,708f38f800a518,20f3861faf5d3a,0.5813953488372093
895efa3135f22d,cf914d1c63b297,122be3b6c0ee1d,0.8620689655172413
69a7b8785ce92c,6129505027d3b7,b5859b801862eb,0.22105263157894736
55c8bea60fc61f,0de850e6a900da,768049d7c3c8d7,0.25
6ca6a96973c26b,b995fa3b42eac1,92c369c2185871,0.07526881720430108
7d3a53d19b7ace,0509e0faec799e,52ee06a8e00806,0.32
e0553e6587f1e4,8bd594b2eec7b3,535f5fc0f3e6f3,0.3333333333333333
0a2ec501af5e1e,0129f55655f112,3d00684e0ea232,0.35714285714285715
714d02853be9ad,47a7f2b4d7d8e6,8a7e2e82f73009,0.2268041237113402
4712247f50259a,d69af55d6e22f0,1d76111441afe9,0.9782608695652174
16ffd4bb8ebb52,9348f1bb6ec91c,389441bcf43093,0.0
355ad4c0aab19d,c97ca29d4fb04f,0901ad44e269f4,0.75
87518cb3f92979,7bea49ac5dd091,c34cfb486d9549,0.9629629629629629
dc65d1a3ec3de4,cb197ca2b14129,0a1ae70289fdc6,0.8571428571428571
a05d4ea60c9524,8f73b401f0e137,47c73009738448,0.6666666666666666
32b4650172e3d3,a0635c1686ecbc,acd8bb6fb90e21,0.8518518518518519
478d04e696ec77,b549d359331b0b,82c6f1f9a23d2e,0.4230769230769231
e41e44f07cdec7,92260dd13bceaf,39eb0500c562fd,0.30434782608695654
ee575db4d90382,09a04758247db7,61d7e11f745d35,0.7608695652173914
8423a39bc0d795,e91517753fe1dc,4d6a4a86d566f6,0.4666666666666667
fefae153186e5d,e7f07e411f4ed9,1470c92b50c16e,0.8518518518518519
a23c17e75e7a6b,c5cab0354c0253,a8ebddd078e411,0.7065217391304348
8bad2c92fee15c,4e97264ac30959,2b758af2e7724a,0.7708333333333334
104f47e51d489b,8e0095ad1a4a02,e53881a1d23a6e,0.4791666666666667
47f7407d2f5b41,b37bafe1192687,cb10938f84ab45,0.5217391304347826
45a8d7f6e90658,1429a3302aa418,8469c9ec851436,0.25925925925925924
0c00ff654e698d,85c125df2e7b1d,ca585a3cb75192,0.20833333333333334
52b7ba9a1340cd,0d4e276c1351d3,f97d66c76e74b3,0.7555555555555555
8977fbc2911a7f,7c0b3857941b3a,29773bc689b427,0.0
5b775b376cfe6e,8a2e2be519300e,9495a46d961529,0.10869565217391304
bff32978b6020e,55e824bd0c75d9,a64149cfd59284,0.5555555555555556
4f094f73cfe163,4ce77283619c7d,a7da0d1de18902,0.7692307692307693
cac6c1ba7888e0,6ac94b91d09ec2,2220ea06115267,0.11578947368421053
372ee2f3f6ada3,b7b1a1d6b27b49,875858d17a9a9e,0.0
661ad2b9fbf019,cea575625e4589,8005989319fba4,0.7857142857142857
10a2b90e6e3fff,0b7651b8068001,2a4a8c8d4789f0,0.4074074074074074
25701910a7b04f,b2f45c39e502ad,ef2de2079af489,0.2
b3a41f5cb017d1,0e3d8d32190e28,c217e101b36bfd,0.5384615384615384
bbc1b6d953de86,ec7fd02c529d5e,6c1c74ac339043,0.5833333333333334
a03113bf60d0b6,1011dca801916d,cb26b76713ede3,0.3103448275862069
50d7217c9caac6,11a4b7208d0443,bc80e66acd968f,0.23076923076923078
f128a19ae60d7b,dab3a32f0aef9d,5a7a12636d1742,0.03125
7475ebc6a8e8d0,24d7c7d0770246,d29837e7da8885,0.8846153846153846
c61d744ed0013e,6223f6e58b0fbc,da154dd6267073,0.45263157894736844
b697e04ff98a88,e5ee54053e0d8c,41259f4e210cf2,0.2978723404255319
4bfdf72fa0b4a2,626da0800397a7,d396de8338112c,0.5555555555555556
23c1baa53da2bb,58081ea63a0dd3,3a665ecdca05aa,0.5925925925925926
aa8ef437013c73,706db7922d4dd8,097bbcfdce60dd,0.34782608695652173
65e33c2fb74d4f,ffbd284980f383,a97b61951bc22d,0.5555555555555556
ae2ad9cb301b45,9aa2068276db49,c71c221da86d5c,0.37037037037037035
c6273f2306f2fa,141b19e42a3802,4ee916e5c76f20,0.07407407407407407
547f17da311139,19484accdec5cd,1fe076b6b73528,0.7857142857142857
98643206adf68e,5c384c4180080f,1f54eb2ec6eacf,0.3956043956043956
af92482cf70c9c,4ecdeb80515320,3419ba6f7eec71,0.07407407407407407
3f28984a8795b2,7d956be08931af,c88e36f4b8cdba,0.32
2e1b461b73a4da,62412d12bf168a,7c1c49b90b51f4,0.72
bd167b3bfdea52,8da6db01bb97ef,8d06e2fa3d7200,0.2826086956521739
dcddfa363e1a5b,aa3113178278a2,f41753a25d0e87,0.10344827586206896
0702f6bc1f8aff,969d9b720809c3,bf19b0fe8290d4,0.10714285714285714
7a2ffc14fb9021,bb958f64bb96f2,81a82e1010574b,0.5172413793103449
01dfa9ef33c6c7,be7a0198c84370,bf26cdf68d4699,0.14814814814814814
64ba926068de93,2757ff94d645ac,219729cd9fb88c,0.5384615384615384
c0c9a6c4d402b9,454f26a5e38cf8,1180107b603254,0.4838709677419355
631e4b8d247552,6f5b9655301dd6,aea445e13bb1bc,0.1935483870967742
06f7b03de34aac,a0b3910f3bab41,eaa63b21635b27,0.9782608695652174
29737421bce1d3,9f22662a4cac5b,86fe084d494e27,0.6304347826086957
bf2752fad61802,21ee03bc7fe03b,160aa602ced6c4,0.5185185185185185
c3de5f695d7c3b,c60325710dabd1,707c0443c363e8,0.7777777777777778
dcccdbd489f5e3,3f260083ea7649,400c542ec1d058,0.25287356321839083
c4b954bb7b3558,515b4be15139ca,7f2d7ab1e86430,0.2916666666666667
11e7aabc6c0003,32b954c6436c34,3f9ecfa2b05826,0.3333333333333333
71ec6f5d415b9a,c4febcbd201556,959d7e48b23665,0.16666666666666666
e224ee3902e34d,b86e616fb87968,93cca8f13c6fcf,0.021505376344086023
fa2849c6d52966,39f9eb2cd89fc8,c575d97471dffb,0.8076923076923077
671386eb720576,d562af8e91b6ff,ab6bd7c0ddd9bc,0.23076923076923078
e10e095721a97b,72943c4484947e,cd3ba866a05679,0.2222222222222222
472f30bcefd677,a0d2fca42ceba8,0d12a623868a2f,0.9666666666666667
050353627aad71,a0c544d31d5846,830a7600a9b4a2,0.7956989247311828
c28d0a95daeeeb,10ff4bb70a4935,953e29bba77f24,0.875
20eec98638914c,9f11a496d9114d,b7e246e6447317,0.7777777777777778
c594fbe436af88,b6bb6ceb34054b,76d000d6b05518,0.7037037037037037
c28dc482bd50ce,82764a01f8f6fe,1a30813ee6a972,0.6041666666666666
7c31105194d717,859c617ccd2b99,f7800f3a9e6392,0.5185185185185185
2c5cde1ccff887,455ef2343ac6e7,a3c9ee38f9f2c0,0.3333333333333333
f33672f230cf53,749e2dd43e0f7a,"1,35E+13",0.4482758620689655
99e58601e19e45,7b2d8db1bc46dd,55339442a7e673,0.38461538461538464
93fe99288bcc6b,737cb77f9d1742,c38444e0684e8c,0.9642857142857143
5f9ed2ddbb9bc5,08c8afbc028919,c05907e60ddfd4,0.7777777777777778
73c5f2b5bbbd73,80ba97806ab4bc,8baeaf51c6a335,0.4166666666666667
aca2ac3e2c8747,4056978413f36c,7ce0883b382564,0.40217391304347827
09722257c9a631,5906502859602e,285d376e3a2cc4,1.0
669cb7be527f39,3a03f5937016c1,5b3b99dd358d44,0.625
4d5785845eefdd,2adc70ba202f1f,78445bbbaf0008,0.4148936170212766
3d8db776d64174,24b595c6a5a173,015d00f9158f52,0.8541666666666666
d51848c25138f5,151a3143d6b6c4,d6ad551d2695ad,0.2222222222222222
ac0eccb3d6f702,2201be0e849b9c,e5bb01b5a51490,0.1111111111111111
cb2ed37a43f93e,7999faa6e7ab9a,2456d14caa38dc,0.3263157894736842
a46d785f67b633,b34808142342a9,574414e31e243e,0.7802197802197802
daaa641a52a170,63dc38bace0634,8358fc9c834b12,0.6702127659574468
946066de108158,1a6f6af70cba39,a1b1f7a56ee50e,0.8152173913043478
eb18f7db01cdce,247d95fe2146bf,eab47f6a5c28ec,0.16666666666666666
1c74b0ec7e1ae8,54630ef4778bad,4c295d49d0575f,0.75
7039d656a22f30,12a9f0e9439d62,04de5bb7f3d476,0.2553191489361702
aea6b76f638db3,9f19a6372fe6c4,ea9ca24c81e397,0.25
ec8eb1ff8d51ad,b7135e720cda7c,1f9d712b0ade98,0.7407407407407407
9a84455fe641c5,e08773796ceab6,9aa8a28abd48a0,0.06382978723404255
560be578be9c22,14db70e738a950,52f207c0cadfda,0.8846153846153846
f6528d0091711f,2de9e3ed897e78,978d7df3060841,0.2857142857142857
25a20557a9e1b7,f0d1b3bf96258d,748c4106b7dc72,0.8241758241758241
d49cddfb4d6e81,fe6a5e5ce5c146,3f79e413c3fcc1,0.5212765957446809
895798ea1b0716,1ce94db50bdbd6,da1f4e625e66b5,0.37037037037037035
e5d4a1d2eb26cb,e271727164f0fe,88cd8d7a4e44c6,0.1111111111111111
30eb289852314b,82596889047b01,b752d3f74206e7,0.3157894736842105
6f7b3811ef37cf,45fb8062e60280,07ecdf00e0434c,0.4
71b7aa20a80791,d5ec0d5910d83e,36d47904cf7b3b,0.5208333333333334
36c286997fdb33,947599ac9cb21e,8142eb30717f7e,0.14814814814814814
56ac846edd4b5a,62863fc6545c85,bb96e660245a64,0.2
fe6c395f14601f,b8d1c10409279e,1ebb518ed0f7fa,0.48
f836a3b0c7ae58,3e3c3f84638dfc,44aa54cd5f7c4e,0.3333333333333333
122b2f8b6ef430,7db20ed4f22a2c,0ee26ff1f6aec4,0.8518518518518519
d05a59a2fc9005,720f908e072d30,4378ecca9056ef,0.5319148936170213
7ac6118c03c109,a2ccc77272901d,ab7e6544fab35c,0.8888888888888888
4753de8a447ee7,da1d82afcc7b39,638a51b913e8a9,0.68
b799625961b752,000e823b6601d4,e5ae51e9fbd01b,0.30434782608695654
5e98130bf89992,be75768e1f95dd,06172675bc4444,0.4634146341463415
c48289673501b2,9e07b5eca332e6,cc42efd727e91c,0.010309278350515464
8c9b5093dd9a78,1a553a9cda877b,2efc150c4ab97f,0.6785714285714286
5583505b7dbf69,cb5c107972224b,5bba810d878318,0.25
e5aec1372a92a8,3586e8dec2a197,b506cd4b484416,0.3020833333333333
c206dad7f18631,7eca71eb6e63ff,53727f774a8cc4,0.043478260869565216
df714d3101e5e5,ea91fed04cb8d9,f401d1fba61eea,0.8928571428571429
62391428e07fd5,92b7c19d3c645c,85e9e33f6ef383,0.76
a263ac2664d044,6100e5894344c3,905133e7bb3f2e,0.6483516483516484
e464965754d1e0,de99ecbf4e0c4a,97fc8013b418e4,0.3404255319148936
62160a5b4e9f35,0c85009cb4039f,48e313270830fd,0.25
627aff31c0a03a,93ade73aa84ec7,ee0c963138a8d0,0.375
16c36f9f2e36f0,6c7014f717d8a3,428932eb716868,0.8
950348901189f0,854b4b1d381a3f,b3d1599d5a121b,0.8936170212765957
e664956c8d893d,cb0dab01c92d83,a5f106e2df05de,0.7111111111111111
472854c50bf5e4,0edbba49851baf,7a98813a06c821,0.5
4fdd22a8f7e81c,e46ce3658ef205,bc10fa50811e62,0.9148936170212766
26027a3e10d3d8,73276a0aca3770,3318bcb6515674,0.5
d2ae2e7c1370b4,b446eec8887f3d,138c4b705b124b,0.06896551724137931
56c5d047c18765,40dc38635683ed,8ab8b74658bf36,0.9259259259259259
6c1bc4a8d452c3,143025d5dde35e,b75dbafdfbceb1,0.7333333333333333
47ffccf0c00e96,1af773ec4c2156,59980540438b80,0.30434782608695654
eca0620bc0d188,d16f132097e74f,84597ce2d109c9,0.9787234042553191
3641094792ca20,540e085d1c7529,5ed0952e58984d,0.44680851063829785
079d9dc97f9d9b,875534a428d3c2,06ccb7465baf44,0.8085106382978723
311bff2305ed43,4a0331af69ff33,74d6f3266d6a86,1.0
b66f9408a71b5d,a993b2dc9884b4,e888ae38473745,0.7777777777777778
23a7190314d648,98c86cd1aef408,d5c33debe9c775,0.20408163265306123
c1e7a9a1a359ad,d0af9f1f23346d,a603aa01f985cb,0.10416666666666667
2ba935d5dd8bff,d55594097e3b13,8cc2b5a237d58d,0.9285714285714286
3dbfac6d8d737d,11ffde3ebfc539,53580bf74e3e43,0.0
cc4e654b4463b3,42a526340a7960,336ab002757884,0.8586956521739131
b059d92ff756e4,bbdac730ec8d4a,3627b204304bfb,0.05263157894736842
ec2e51eec63164,9e9b36292f58ea,2339e3a3b3abce,0.6595744680851063
62c6c3feec9c41,9958ed78ddfa9a,f8acbaae5160ae,0.5625
265b33d8835219,1d4f2776d0e9ef,4e83bf098bb726,0.625
4e9449c5d57640,befab473b9a04f,59980540438b80,0.0
cb7e5e2e0cc07e,c3a6469fd7b5b8,d510bd03900a50,0.41304347826086957
593c625c9791fc,aa848efc71677b,056e2bee3fa495,0.42857142857142855
6fbf858d5360eb,32d23b91df16b1,46ef4f3dad0795,0.5869565217391305
4ec45fcf03114c,c2652485d7066f,f672f940d3d0bd,0.1595744680851064
7a7e5923853080,a1b9d0a149e5e8,f9890cbf414da9,0.11538461538461539
b35b78be5c9030,e1d022bc3602f8,86d7dc330ad4dc,0.8666666666666667
c25f376e86972d,0cc0387ec007de,6f3a0b38e50de6,0.45454545454545453
a97aaaff919462,8c3fe17d613e19,1f18ad12218008,0.6333333333333333
32bba01f6e207e,4f883e34e82616,1d583422ab167b,0.2962962962962963
4d6061ad448dda,e0a39f4e03ffe4,12d50fc366f73e,0.5833333333333334
af7cc1db76cb0d,4180dee880f35b,0a1de0103be741,0.5
c2d812e63d3528,6d58b5e98f9c3a,96fa51bdd32fe0,0.8214285714285714
85277a90464739,34612f4a18255f,3f7af5517def05,0.4827586206896552
d5802d71f5ce97,9e01c44784ecc2,b70255da1c1004,0.4329896907216495
a2a819b8428d50,761c8b14fe024d,ef492d52e6e43b,0.56
437340584cbc31,bd3f1e6a8db969,f50a42e19b7bd7,0.40425531914893614
a3a51a8a2df0cf,b0e2ea3aae5e72,70b79256c44649,0.14285714285714285
2e5f333401263b,545c4aee6ab930,8675ed27b2ba8d,0.045454545454545456
04376986b4eb4b,b6637bb5bfdeec,3299b21dfa406b,0.14444444444444443
584cb5ea8ae9b3,5c85f0fc8f076e,13688314141cb6,0.20212765957446807
72f313277347ef,d1313cb1ebf67d,cc120ad973ebe3,0.3103448275862069
d5e6955d61d82d,d79250501e4fef,b757bfb5d58ca2,0.10204081632653061
aa05bfbe2359db,d7ea10e7dd7ff4,862b12a166807d,0.9333333333333333
f15339939c6fea,36dd2eb741fc53,de95bfbcbbf2bf,0.9285714285714286
d867823a81c916,95e5094562111f,bda73749140498,0.7916666666666666
76ce9a7e88f484,1b596e5d475090,91aceace4ee213,0.8461538461538461
7e251ed7f73bd7,5fc2dbc2d4245c,c5ae2807f46410,0.7407407407407407
c9ebf049fa7baa,7eeb7cdaeb2ab5,6c8a48a8c2b862,0.010309278350515464
366f99cc6b38e9,12fc75c7e3b2ff,a9cb5625b8548a,0.9270833333333334
df2b2a5ff49855,8046c81f94f159,d8f66ce045e1fd,0.44329896907216493
1dc0e7ce074fe6,56e91a20e71192,fa8eaf1ca2a0bf,0.3157894736842105
85f2df6f6b2b2b,853b718a0df600,597dea91c85b08,0.673469387755102
5b91e16ccd1e97,"7,14E+13",507d4871c6379e,0.2692307692307692
d84d85cfd7e49f,3464db903ef3d5,2fba6aa1a497d4,0.75
0d5d033104c241,5a93bec0524686,86ebe091f94547,0.25
ad9f9c36e02bf1,b478a76e4a0c0e,78a0d0091b5c4f,0.7872340425531915
33f4845148abd3,851bb8a78f6ebb,0a9c82c274ecf8,0.5555555555555556
5f6c9ad900dbee,cc0c75322a23e9,8e8b40a7fad563,0.8555555555555555
cd10cac94efbcb,691a2e945dbe6f,c69216065dd8b4,0.8461538461538461
5363624858574d,78ad11fee47b01,38951a152c3895,0.26666666666666666
5ecda06eda0dc3,35a1f09512232d,58490007665e6e,0.35294117647058826
a351485fa93411,f2b69e91eb8d1d,f920cd664dad21,0.4642857142857143
d141c5c3047fd7,79b18206122f73,30b20e25971a8f,0.11538461538461539
ae6dc814a03d81,737dac436f9405,ada8cb23469f81,0.8461538461538461
556fb3002228a1,75e0d6ce8117bd,f44c8c75892288,0.14285714285714285
46e00df0bc85db,66471cf5667b18,632709b9b6d6db,0.07407407407407407
96ded0896529c6,42b079db94b155,491b418a5d7878,0.72
c8fd61b3739319,1cd66fb56b3566,db2aa46d6c3ff0,0.25
2f5a0911d625df,a4bb10571bb4a4,e1db8bed7f99c7,0.7021276595744681
8fdb1fa17d2378,20367af69f354c,827a975ef8abc1,0.19230769230769232
30c1cb31d8ad53,6ebeadc5b43367,be67a1e748447a,0.45652173913043476
581ce32c70818e,bfea2084c9bb71,1205aed8c987fc,0.9666666666666667
89e656d5c8a16b,74a7b17e941a54,38172b0e2c7296,0.8260869565217391
131bcb703c1821,267863117e73d4,e12957afc49385,0.10714285714285714
d01bd93062bc68,dfdad0f4e3418e,afd4f1bf883191,0.42857142857142855
f879e103b515d4,003bd2d83b266f,fcff5caccd595f,0.5208333333333334
689715cdd3587d,a85649aa1d4004,12f28da8557a96,0.8461538461538461
250aa28bd0ba26,4ec51d837506be,581825c0271e3c,0.6
b0a16c6b708c09,a3c59ae857fede,ae22bf11e0e0e3,0.2696629213483146
ced473b236a9f8,c9cd4c13cf4850,0ccc1e9efd4e71,0.5714285714285714
96e4cf53636af4,f59735d85dfe3f,ef11a5fb1ef510,0.4222222222222222
f0b1c828135784,ce1bfdde4deb1d,a9b7388974a689,0.46153846153846156
4fcabd4f1f9709,4869b522f7ba70,6c65be7c2de0e8,0.5903614457831325
f54fdc23252b44,1c4f9b14f5bdb4,79fae6004b22a3,0.4827586206896552
90d1621c8f800a,8d0542c37fad7c,bcde504ef16743,0.9629629629629629
19056c276d5035,de4a4c615f620e,43f824711a4f3b,0.44680851063829785
a86fdbd5e1bdea,b3d3550c6ac3b1,fb8e8815594616,0.037037037037037035
103175115fb893,eec3a4c7fc1cfa,0acfdc81ec12a5,0.7083333333333334
6be80215f48ebc,51d5ff2730bd5a,69421b352614d5,0.5555555555555556
8a6a73f7778915,2c7b2f7b56c50d,eb020a3ecb5a49,0.8666666666666667
1a28c0a9838f1d,a1e50d85ac7fca,04fc0d299db40e,0.25925925925925924
999ae5b90b33eb,35f41086b48675,38da04d82c0779,0.9642857142857143
4037eb83251ef5,3f1c004d45d197,dabcc763781b8a,0.9574468085106383
db9a4bbeada298,6878e8d7d9b692,4a2382783b3120,0.4375
ec9984b50fbae0,4a667c77528edb,22c7518369fd0f,0.7586206896551724
55fae1cf90fa04,ac3b50eeb7c8ce,1f0a6f65ee3898,0.8125
efd13adffdacb3,7570da68e24ca9,06b91008567c3a,0.84
8171c4fb7f0d05,48e273fb2e716b,34e9095d7c210c,0.23076923076923078
857448c1985c57,6779489fbf5652,b4ed1fdc421441,0.68
f8aae9e42de271,b35b6e3b0fd48f,ceedb1d3dc0e20,0.7307692307692307
4fe5e7e60cba45,a7af6fe7c478c3,3ca8c1dc1d17bb,0.7959183673469388
acda8dbc736e2f,7dde2d2c5460da,e0abccb061b53d,0.07692307692307693
4e395164d008bd,7af0eb0dbc3b0d,5fcfcbe7df20d1,0.52
3cd04dc4ec7bee,756f11bb805bde,07c7283bdcc9cb,0.10714285714285714
c1b9fe77e29af3,ffd740845e05f3,3418c9cca9e6fb,0.9259259259259259
687cb7c7d9f63d,b63ee2e5e8a656,8fc48e228db6d4,0.07142857142857142
482932bfec2267,03c4271cb4249f,7c24d65596e4ed,0.11538461538461539
6c4e99b7f91923,de5d3a752b5a03,03f7d7741da5f6,0.92
e408ee5b7fdf37,3606c696eec715,fa8f87769a76d4,0.6458333333333334
3acde160f17a5a,0c7f154e0afd32,ac5e5d85734280,0.6595744680851063
db03c2155ab118,19ea1d6ce87b55,1d737dd698e486,0.0
c0a9df47540f58,dfa6396ade6082,c6edaa8f2e55c6,0.88
2354e741e7391b,7784702a0cb490,d799ba915ca0f8,0.07692307692307693
a41dd20d8baced,7663c435b235e6,29598db86ef274,0.2692307692307692
9aeca98599728a,875453f537e304,e9c501568744f6,0.8148148148148148
9eb477fdaf5c31,6dbef5cbb1accf,faadbe2df104fd,0.3541666666666667
04bc3891f002f3,bfc26d1ab07a98,6061f84bbc2be5,0.9166666666666666
03ab62b28ad850,a767325efb20a4,6f36cb1ba8e133,0.2222222222222222
310e2644dc7bc2,f23525bf8dc207,f6260ca2fa6a86,0.0
95a1160df2455b,a4f001d87d048f,11053176eeda13,0.5670103092783505
454382f95c8683,8d48d2bfdea242,90c42830a84c0c,0.052083333333333336
4004d2e90f531f,ecf4d980a380b0,e8c76c27481b06,0.1702127659574468
a338ed7f7c7bfc,42138ec0be0e6f,0a3e0ea57ed3c6,0.2765957446808511
68b13b5b21389c,35eebe4b95f0bc,92381e3456313c,0.92
0f9f5a4d5ae8bc,df0603d2c4cb9d,944bd24b4cd828,0.7857142857142857
"4,94E+13",6fb01fae0169dc,6c507b3ddd9864,0.8214285714285714
bb0bd9bcd93728,9a9c31952e19aa,19bd16b9d88b76,0.07407407407407407
43abceb28c1302,fd8325ac69cc1e,61e97b8f7de365,0.6153846153846154
18929cf33db727,82babee07bef80,eaa85104a292c5,0.7037037037037037
bf1e6413e76367,f0b5ec111b0d5c,0a3eea5a1e1e91,0.5531914893617021
d9638cbc25e26f,96fb1a05d27426,6a051441918be7,0.038461538461538464
90f85f90cc7694,ce0ec49d5753b8,0010cc33013cbc,0.6842105263157895
1a05dc7be2d1a4,4b1e8e9579ccb1,0e6069d3f96a5e,0.15384615384615385
53113ced6f350c,65fcbc1e50ef35,23eb123da27d9c,0.8571428571428571
48eed75fabe2ea,e64ffbdca89e0b,4b49949185d4a0,0.9285714285714286
aed8da75255811,8bead710363ca3,3e7749e6947072,0.8461538461538461
dbc2514cc82613,96258a3354ccb6,d7d84a301515d8,0.2978723404255319
17f90073f5f7ba,4a2b09785ad252,40754a93016066,0.5185185185185185
d9db7a996a7dd0,495677dc8b4968,549d4b50af829f,0.4583333333333333
6bf798c67eb69f,db979ac357800e,c930d7833fc15d,0.2608695652173913
966562a043b6f6,1302c2c59f0e8f,a3d6ff928f3ca8,0.76
c514e45ab052dd,9316da87dfd73e,83dc539e7c4918,0.23333333333333334
4f457bdb299a5f,2861a44fd1d414,84e2155d9ef806,0.7407407407407407
b60976429b423b,548521f994c475,2580f2439b0a4f,0.17708333333333334
b2f2b20e6a09cd,58549951e67892,d85b422d34e64f,0.3541666666666667
dce7cf95a8adc4,"7,25E+14",57108451e7817e,0.2765957446808511
a70b608613b25e,45e4fc0f6a280e,6c30d633556344,0.7037037037037037
643b9811c40b9d,1b0b61e144ec01,6689634510e419,0.9574468085106383
ba6ba9e82fd5ac,e6719bfb189c3e,4bff0debc330c8,0.7755102040816326
cc35c5d3019ea2,95c1df2f7075ad,d4d6b424462749,0.32
9e036e6ffd3152,5c38617cf02dbc,2c1b24bb377b5d,0.875
8ee541c7be1acd,c60164342e348d,f315781eb8464c,0.9310344827586207
98ca0bf26d16c5,4962c90bd7fcb0,0f2a576baeea7d,0.4444444444444444
d61ee5426aae8f,2fb3187c80fe2e,6b65712c626c73,0.9259259259259259
d5984bd8c025f7,5ce37c43a0f6cb,70c669ccec294c,0.25
a5ec60b2c42c1e,094dde776f20ce,3f7e4ab6054796,0.4791666666666667
e9b95f8f2e0f0e,113e6c07f2abf9,cdc894e3848f3b,0.39285714285714285
5c084d6705fc7e,af42e68ed36935,a87e19221fb987,0.7446808510638298
ac906751ff6206,1ed9be8ff62979,a5255277b5b040,0.9230769230769231
556e27660f4d2c,b1159d1a6a91ab,3bb3c5943de4d1,0.11702127659574468
d965f96f79dd4f,69141d63c0a129,20408182d34325,0.14814814814814814
37cef1f6ab0f26,759df931a04b82,7427307f1e6498,0.037037037037037035
25dd0f0756fabc,d664c238361c45,c72425fd65ad9b,0.49473684210526314
2b435d5058884a,87d1a03ad35c33,67d35b6462d222,0.7708333333333334
352f0ae6839e78,89efc96c00ebf5,f4d3e860dc1654,0.16
8c092149d05d70,00f5ecb683b9d2,3c119df3547204,0.17777777777777778
b5f02412a1458f,74035adbd53b32,2f6096318df0fe,0.15384615384615385
af2259d51a3afc,ffc16586ecb1ec,e9c4ceda3d2a72,0.1111111111111111
fc31dfc325c1d3,c932b393728b6e,0d44f9311504c1,0.13793103448275862
e0aeffd8c5f89c,e9e7a01a178ef0,e8ceb1c191ef23,0.4166666666666667
07110a35c3186d,86f91a346e9b5a,185257b56ec69b,0.17857142857142858
1d3da5624c4338,e00918209492d8,1eb24be24ef11a,0.16
381ed8851696f3,5ce9d4cf47a858,e10e20f9d61f57,0.20689655172413793
1518eccd3e7020,92a363204da327,7c94b6a606eede,0.9285714285714286
5f5c036de92b1d,e96f4f500415b0,eb16a4ee05ec01,0.16
2250e4a558b83f,3e7fdf149711b0,15a4407b43d747,0.6071428571428571
6505a9aa075570,b868d4a4a825ae,af60276b506fd7,0.375
3e7297182139ce,1ed24010e2358f,6ab00221ec277a,0.7407407407407407
86bf68f8612f75,2a9e2d2a4c112a,c06d9e77a16b7a,0.5319148936170213
ba2f1b861b330e,880f923781fc71,1a3063f537b835,0.4642857142857143
dde99622ece2a0,92b1e157a8e188,79cc7e4184c374,0.37037037037037035
40eca1fcd33a8c,152f1521c9a472,60db1fcf1f7079,0.8979591836734694
f5824f3c03575b,2fcb70e7ababfc,cfa3c2d1d0e8a9,0.10638297872340426
b4c2dad8b61104,0579cf92b15e61,a92f12be7e6503,0.2692307692307692
f2fe88cf24a657,58cec9cbe48f2e,37737760e643f6,0.14285714285714285
d241570f77c70e,76b6f258cd12f7,d64a529880884c,0.9629629629629629
68cc96cd3530bf,85f133341aaeb6,9ba6e89735c144,0.4888888888888889
7dcf4f29f3406b,f0c97bb9667e01,3cd1e9c984f133,0.7777777777777778
ee3f2d0866bc66,59431154d4ad64,d340733d682557,0.1111111111111111
79d5a114faab27,30578764b2763f,d9c621bc2a2885,0.7586206896551724
0862248afbfbff,130f076b55ed4d,7b291ae3dfe473,0.851063829787234
182249756781c2,44809a77a4daba,11b855a946c153,0.8021978021978022
bbc6ab724d4def,0a937004fa7216,d4f436efde6625,0.3076923076923077
78546ef60a3504,0ccabcf8180842,cf244af2ee5363,0.2916666666666667
354fc42558582d,7fa389922b1775,153fb7ed524b44,0.75
d575ec75e30c83,52ed4d7c4b46ef,76d51dc4502428,0.1111111111111111
66ede7e514ee02,4dcc14db6bac39,8382cf9c2849a3,0.88
d186a8b8cd8e57,17ad4a9396a56a,a0b7ebe172fddb,0.7692307692307693
6d39c4f714842e,fd284ee807adba,fc9cee661d9637,0.7959183673469388
cee0d232d09862,10301d97c0aaec,5f94efbce3d02e,0.020833333333333332
eec6ffd8417bf9,50df548870b249,bb3ee2e6744a1e,0.0
0849cde66c8eae,a08ee9f32b3b13,ed6a52a1895792,0.0
3a9c420458de81,405b03ea93a57b,0450502d9d3579,0.23404255319148937
789a3999a9a9be,e97e2deb4a6346,8f947ca35580ed,0.9111111111111111
a977e1185ce4c6,eaa63846a29f2b,c32c0a8363fbcc,0.42857142857142855
b698db4eae4de1,264be8919db373,b12310c43dfa23,0.0
dd8fc8021be625,0cf61a5d47c75e,d4de3c3911df67,0.9120879120879121
0528f7a7bdd838,d8fe1093578e15,393354f9a9a135,0.4482758620689655
ae1f81c9b233f1,e1de75cb95c760,8d2b9b5f3ab295,0.9629629629629629
39c225644d1aab,229dfe18af66b5,352cab35607d8e,0.08888888888888889
fa4d9525104e98,44b2903d3e772e,76e2389fa28d3b,0.07407407407407407
a751e172266173,209a773c78119c,9ed641fc19a096,0.46875
7bd098ee120be2,2de35883ab09ad,1fa3d5d312d585,0.16326530612244897
36789321a688c9,5180304bec32af,443456fefc0dbf,0.9787234042553191
70a0b07d8b22d5,f699f2181335c0,95c8aad1a93eb1,0.25925925925925924
0aa2fc08498ac5,93881e9646dda7,e810b7f0927570,0.3125
7133d737d90b8c,22567efd359671,f9c4f94573a178,0.9259259259259259
2e6574c3bb3681,6a37bd679a261b,4432389ae12c43,0.043478260869565216
65372f6d0ce438,14026d115c3b8c,c33a21bd429e41,0.8571428571428571
9fe834c5fd82e9,8449fa951e080e,df1171f12731d9,0.21428571428571427
73729339e8be2a,888de0ca81cb88,bf290f8ea6d638,0.2692307692307692
9cefb4ce776446,d36a37a1f5b97a,5af90ecbb38e6b,0.9361702127659575
2c1c4dc0b9e738,f14b0083e6ca64,6d0918495e97b8,0.3956043956043956
"2,92E+12",861dccdbf320f1,997d463b588f6f,0.4444444444444444
d903ad20a297be,41f589d73062a4,a530c757b0df9b,0.25925925925925924
2f4796c5cb41a4,222bec92a7e45e,b37e4784087cb7,0.21875
82c1d3ed83ee54,07b971d76b8550,c86b8e930aab85,0.8651685393258427
070ac96f675f0e,b59e55a912c7ce,911b9ccf441509,0.3103448275862069
0fe3f17dadeb7f,a838ba545bce2b,39a99bdb4c42f7,0.9230769230769231
ff86d161796413,4fa5200c83f617,7a19ea4105e12e,0.38461538461538464
1c4070e356a116,8ca9f52a43d38a,a089f428af1313,0.7291666666666666
3e84fbd33502fe,a80503ce882c67,6704b58993342f,0.6326530612244898
126068a54d6531,462ca8fe676407,730d1f0735706c,0.4805194805194805
39a65cbd0428eb,8f1f3e7f74ed7f,e1b94ebfdd819a,0.14285714285714285
06c6763d9f2b69,6075a645e8aebc,a39e7fa8f70027,0.625
2a2d7a8272e19e,ba44c4639c2858,fa624f7c8b3a91,0.7307692307692307
3b965f50d20ece,341b68ad6943b2,3a84e0887d415b,0.8541666666666666
8ccdc45d78537d,eaee2106feb1f8,f906d2825dc0a4,0.18518518518518517
5a225c1560991c,72017b87868f21,862b12a166807d,0.7333333333333333
4b75fd198f8838,f333206ed112ea,2ba2f6ade4f96f,0.8842105263157894
be81d3753558b6,b704cc22bd663c,6bc26a493937e8,0.5185185185185185
cdd34f6188e77d,a897b527f7491a,b79f11ea30897f,0.12
94d7a91a8417a9,c76d34c2b74e86,86cebc0932961b,0.88
27b95b3f3c5e55,4bcaa0930c14a2,7ad001ebf3a84b,0.4897959183673469
fd87f36bae0316,1e9659e4a3462e,734bffdec66bb7,0.10714285714285714
b79a801218db96,fbd197d0c17f61,bd82e6f85c7a62,0.6222222222222222
3b4219f0ca8407,806288604181a0,1018d953087434,0.48936170212765956
0b83cf47043b66,f2190e253e0ce2,d627abe826c412,0.4782608695652174
8721e4eae07c2e,b1934c36a61d9f,0679cff37843cf,0.8736842105263158
edba90341d5c25,28f7eb9aaf3a12,a08611b586e59e,0.25
9122a5127372d8,9c754680e943c0,e24ebf6ea2cea6,0.8210526315789474
c1e2d85f259baa,f8986f4ab0bd6e,be5fc7a31b3431,0.07407407407407407
aa3fed276af15c,be8346fdbb308b,ecb7105cbd84e1,0.5555555555555556
cc59736522bb5e,1333fb3e105020,df15c9d6befe8d,0.0851063829787234
1ee18998723b2c,c17a505a77e39d,3dc8b496836487,0.5714285714285714
a107b8378f711b,137fdbf115d743,a3b33a9c42967e,0.08333333333333333
00f940d62234dc,0ded86a759222c,54525add711903,0.020833333333333332
921c43fc75f706,b2d0af40ea65e0,c7d80aaaeb7de7,0.7634408602150538
6314d60d650979,9d7975eed29003,a343b93ea893b7,0.7422680412371134
4e69979ff95cae,ae96c5605f0db5,e1a540696b7bd9,0.8461538461538461
11791223b96266,99c297d282cb07,ee00e6837c244e,0.24489795918367346
ab44d0f17e783d,aa9ccb848b403f,dda16ba8eba587,0.1276595744680851
b70e050af5ecfa,aa3f79fc20d9ad,680b561492fa30,0.5625
197b6d61ef8a53,748364e73b57da,2a8d0583190085,0.9148936170212766
dd3ddbcee4c250,a1a6ef7d587b4d,8f293dbb1efe01,0.7708333333333334
cbc0ec78086ec9,e90835ba4ea1f7,517012e2e906bd,0.8620689655172413
c0ca4a788788bc,71a7640a904326,0a9c82c274ecf8,0.9629629629629629
944b00dc2b19d4,0863c28beebcf8,5c9e4c0b0f8bc9,0.6538461538461539
d76e9e22d38eab,4ed139984dfc39,81710603db391e,0.6363636363636364
a9f016d8acf013,233d0e627b291d,b0f55936bf80d4,0.5769230769230769
ed6af90d64f497,fba67f0431087c,bba56861936d21,0.19230769230769232
3d13ee6ca787b2,2e0c119809f5c4,873100a62287fd,0.14583333333333334
d20594729059e1,d7e8925f7e8713,e1798bacb9535b,0.8214285714285714
d71f8a55d71262,cd1d29dcf8278a,c87295e24f0746,0.4166666666666667
197ac1b336451e,a224514898ee3b,663d3ad2911e37,0.4444444444444444
7aca0b54cbff42,a98fcac7b0e657,d749c9cf741463,0.19230769230769232
3e4eec8d091469,78e66c9f7e16a3,f2fc7bc073836d,0.15294117647058825
9daebb543888c9,5df7fd0af44aa8,b582885dc3f464,0.175
8e74513515df48,980e114019a186,ee1445575b11b6,0.7021276595744681
72d47f78a5c326,00c0610e35691d,5ec1e79a5d2f1b,0.07692307692307693
e359af270e34fd,b7468ee0715426,b2718ced99ef7a,0.8367346938775511
e05b413cf61761,cab94a42a6f580,f91e5d3e6bea72,0.14285714285714285
af19bd4a4203fb,559031cd5d5d93,605c2b179dc6ef,0.7346938775510204
b5f19062d529b9,b2e7a65d441d8f,1d5f8e360a40ab,0.4074074074074074
acb150efed2382,fbf51a622e297d,18c9859e327cd2,0.8620689655172413
60383f98314f6d,9b1545d040f950,f6d1ee2a6840d0,0.48936170212765956
457d45273c2b07,d7c209068cf1f9,f7aa777112da38,0.9361702127659575
218d326b67b43e,7279570f2ec2d9,665700038e569f,0.7037037037037037
055c40f067695c,9be2d5dfb72cd1,e3e24d8ecd64c3,0.0851063829787234
1bd5fb2d18b883,2bd33db6e5da42,85c925e8bede9a,0.03571428571428571
35840e5a2fbb77,9991e954cf5fea,7dd35ec7c1fdd8,0.4074074074074074
350f05c22409f8,e071d63ef414cb,dcc6db7585e377,0.42857142857142855
0515bafe063ebf,e8eec0abfafe93,c7a078e1be42f1,0.6162790697674418
d7892e97db3f94,49fec9fce31643,eb0cd3cb5eb1d4,0.10714285714285714
6ed53e31f48395,935c6b2f539711,ad2907441fcfcc,0.8076923076923077
f6d72081e8ae95,7c72a7f247d765,212836b8d0fe7e,0.2916666666666667
2f92b488e9c474,bfa93c999b748b,94df3078b91229,0.8125
1550c985b3ccc0,b8f8fcd055ffc8,15b2eaa667e671,0.25925925925925924
fe4be30d3f5e61,676819d9645d38,58b5f76e593a74,0.7391304347826086
4cd5bf18e8b466,25e181980cdd5e,c97a7f751dcc38,0.2127659574468085
2c8b9fbed4896f,eabdbb10a3cbc9,ffc52011c841ee,0.7692307692307693
34169af15ac43f,5f0accd4b89ad5,2c4e7e94abca1b,0.2857142857142857
b7342d9bee6fb2,da09727ca76507,1a10e764866780,0.0
a61fe6014153f1,4fdbcd8e4a7494,87495893d31adf,0.7407407407407407
0f55e1e2842696,a7857d909e93b4,e3e5a5ee5151f3,0.13793103448275862
a4a760220f1fe0,66052fb1899bfc,606469d5016d44,0.7346938775510204
0c048af06ccf0f,ae132c956bc9d4,711c3171da8c59,0.20689655172413793
e59109dafb0db2,f068ae18ac5d72,d34e9dc060cfd8,0.8076923076923077
c254ae4bf6fbd3,8282a6aa5c7338,ca4bba0fdb546a,0.8571428571428571
a01dee5fde57bc,50c71522293eb3,c0b109808de277,0.3111111111111111
6d7747a54b95e3,d7dc97049f0eb8,0c987a5849cb0d,0.5925925925925926
a4f424ff08ccdf,80f09e0393dfc2,790902ba94dc57,0.52
01aa2d1a360fd2,1e7aa5b918298f,359b8b97b93014,0.48148148148148145
1c330062b5afff,259bdf83c7d51d,75b3bbe003f35c,0.2708333333333333
68669612dee409,26c9166c6d08b0,5d86267ed772bd,0.9230769230769231
e9bdd114a3f9c2,eea95ae9f646dc,6311fdf8366f31,0.7419354838709677
00a3b2273a2d7b,464c7981518e6a,41d44621c2b06d,0.5473684210526316
f04082c4f79bbc,beca65cf5a5e99,4f3c107935d063,0.7307692307692307
f3992cadc606a8,0c61c246d47118,e754e99f37f8d1,0.04
d5929393a4068b,45bd4a8ac9139c,05f253ade1be72,0.16
3ba56262bb9c1e,b082f55c06768b,dd1aa2382d4ef4,0.07142857142857142
0b9fecd59b749b,903f908610b4d7,9bfb46b38bf8a5,0.34615384615384615
20e3d8dc256150,19656c48d6d897,b19191a0caa753,0.4583333333333333
c0af6a6b05ac77,bb77b153ecac36,85228a2f071a16,1.0
4434b877f67641,ee66bd649422ff,3b63e783d7f83b,0.4230769230769231
469df6999a61da,70a0e7d162206a,1bf459d3f832ac,0.9259259259259259
6b28db48f519bb,b958056e539d16,7678b540510382,0.1111111111111111
c451b3a72f2c7c,cfd7027e29eb71,642cd43403f0ae,0.425531914893617
eb4937cd6aa1e9,e5b90503dddafa,cf710fb766879d,0.5319148936170213
d2a75b65bb0fcc,ae1b4278261820,f7daceb8cdc566,0.3076923076923077
c6afda7d60dd43,3b605084a8469e,8628bdef209671,0.7473684210526316
b62137ad2854c2,a7ed82e76b4508,62ec566d76fa32,0.8541666666666666
7f79eda7876e26,c6af443773a375,b48f1bb58cb1ae,0.17857142857142858
0a54a01fbb84a3,1f5473d1a02758,1d2ead21f28751,0.6595744680851063
166292e07bb6be,4e093772c99145,881f4931ca6166,0.32
bffef661c3e07c,3776cfd821d32e,47171a453f501b,0.5769230769230769
acd4863bf3ad5a,4b4ada8c6edaf8,8b482aee671c34,0.0
62dbd87a1685c9,586b5df1ce37e4,67b5a2643668b8,0.0
dddb3aec2bf4d1,40a7d18b96788a,a7a493daf48054,0.6041666666666666
376c8ba98b385c,8af9b1e013951c,d07ccf2b142425,0.8571428571428571
dd86bbd609be91,3ca401f702a76b,d5720f0c635540,0.782608695652174
11ab99acf23cb0,273b7897216701,8b84cdf909681d,0.20689655172413793
164e0c7af4f881,3f34c1aa752001,ee0875f8656692,0.8148148148148148
a148d3f96ecbac,d0f32928370520,e2f231258b089a,0.06896551724137931
87c4cc00c25e56,0dbad5099b632a,49ea177d038fb3,0.5333333333333333
482499f011e203,b721e939797c3d,02a2f38ec7e178,0.15384615384615385
6fe5da4d5bcf7b,0f1598d762d4ee,e2aba3ddcee0aa,0.3404255319148936
74d3debc4c96be,986ea633f20593,fd026ce2c68809,0.4444444444444444
a461500cdad89f,8dbbf71c26eb46,3f0dbc84db044f,0.020833333333333332
800e875266456c,1a0d348a2f2f28,04699c5540e711,0.9387755102040817
9fec6d32ebd83b,f55835a2fe5cc5,1117e5c7c497c7,0.2962962962962963
a394208b0eea8b,435b0d6ec50e4a,53af7d78959cc4,0.8518518518518519
e1350031ca93b2,bc56606a60fa34,45689d2a61ec5c,0.37037037037037035
6b42486de37caf,a538f2252dcca5,98f5f6a03198b6,0.42857142857142855
f186bdda00a3ce,ab9faf54239062,1851dad414f470,0.9468085106382979
6aad64f67df7a4,17088241a80b9a,c322b05cc35741,0.1111111111111111
9e1ded63d68646,a052a8ba88fc8c,38d7cc4b5dbbd0,0.1111111111111111
2d4d7009d11d72,3a886bba9f2cc6,7ef1be668f082d,0.7037037037037037
b4b9aa10490d58,b1d3c86e7379f1,5ab7f5feaafbb3,0.19230769230769232
2b7b468fa81cea,23e0d2d5a8bd41,2c3da7649bf22a,0.8846153846153846
0b977dbce11f5f,0fc9797d81d224,53367bf049d5bd,0.17857142857142858
26ad6ba6dd1b0f,01c63a9f604923,1b54924645d9bb,0.3333333333333333
dc05f249721a7a,f204565cc39366,d7d556c17b526b,0.8526315789473684
98664855a0345a,0b0a6190f1d9c7,82d2868a865a24,0.9263157894736842
7334ce38b26b49,dd2ab689861245,673d9a7a2f8777,0.4020618556701031
e253b6a302232a,18bac3d04c992a,dd585892b61138,0.8541666666666666
c028edfeff3920,39dd8f5a471a41,910cf519617c9f,0.2962962962962963
b46b078b1db26f,ef013c06104ea2,aa20badc79b714,0.25806451612903225
1562f1cf67d475,c79eb3ef6879eb,f1b4c17837fd34,0.37037037037037035
93be8868903d1e,daa69fdf475b4d,563ff7203d5085,0.25
6b18d70f4f6d85,53b8979e45d945,6340aaff014059,0.7692307692307693
a45cc82701b6d7,1e0274cbe17e00,4b1ae71451f121,0.037037037037037035
87625e32389d6c,c0b945993cf6b4,9c19aa9a7ea9e5,0.2857142857142857
33d229ce00e3ac,1c4909bf8e34b5,82db67049acf16,0.5
d029427b1c4694,ca302141af9a71,574d4dafd8eccc,0.28421052631578947
29418e97de5883,b730a607ab2894,28e4da4e483e99,0.7777777777777778
010be6290b9016,ca7a3783df6fed,e1ce84c6a4d7f6,0.25925925925925924
3a5c9f70be7b73,3fed7cfdb5d125,a6536de55bd9c7,0.17857142857142858
28d18da6024947,9d74d803fc1cd5,45f6ea19b24280,0.02127659574468085
5ac71d10d28590,8dd30968297f0d,cd98568bde0ae0,0.8888888888888888
22fa9ce6ee81f8,fe383197b97283,0e557e756f853c,0.8478260869565217
552a40b71cb9f5,c580c80277c0b5,f2b3fc20f3e851,0.7586206896551724
071f4ac2d4121a,682bd0d5c56658,42e105c3417dd2,0.5357142857142857
4099f527f4e40f,8da66c2ee170d0,844badc30be96f,0.06521739130434782
807abde9d41891,1424522ed3afcc,5d10f40de63783,0.04081632653061224
39462fe7cea2bf,92edd4238da89b,02eb992ed756ac,0.0
c026997df2d6b7,51bc1ead02dc1d,cadd5a2d2dff58,0.9148936170212766
6e93b6fbc37240,19aeeb81ec9ff6,80a40a0b543f06,0.8928571428571429
fbb1b62fdd7446,d945ccb5465bf8,cb42f0a918b7e1,0.21428571428571427
41b9b1b5eaf7de,99f2d938cce7e9,a3378912399e1c,0.06896551724137931
64bd0a18dac3f3,1f72beea131c56,5c1fc56576f059,0.36
1e1ef152c6182e,b4cbcbbbb7ba49,3296ae64fad8f3,0.7142857142857143
81542c3735642b,529088a2057294,6e8f87db9fda03,0.48936170212765956
494cf5dc4f34a8,81254743b99dec,a380f5328af92a,0.05154639175257732
da8e1363a7946d,f3eec7b6d10af5,be49f973870575,0.5777777777777777
2755ce41b3e633,7a5c053bdc4853,a8ecd471d51b15,0.8085106382978723
ac3e1d2187feaf,dba56e0931e8c3,25ffd186204842,0.7916666666666666
1d5188206e5585,217c781b89872a,28d24889cf2c31,0.17857142857142858
33a581913a73d2,77632b37cc0e7a,8c649870bf0cb6,0.6875
4d5f36c29945ac,92315ba1266e37,ecad6de6915069,0.21739130434782608
de6fbce6251231,a045f06a272d04,cb558665f18021,0.7857142857142857
bfb8b8e0dc581f,a24dafe7fc748f,52ad73231df004,0.3645833333333333
c98aaab339171f,1c2d61697e3185,"1,35E+13",0.41379310344827586
dae939d8f84055,3d3e509918b75c,2fe8e6416d3f24,0.16
9620b5d80eb15b,75a35d7bb98749,b4d709fb604f11,0.3695652173913043
ed3bbc725e9b06,180589eb3c8601,b54f46325f6689,0.5053763440860215
46b95b0edaba36,3a53c12acd59d3,adf3639990d951,0.34615384615384615
989014933e17d3,0c77203ef44d6b,28371a20810ebc,0.8958333333333334
2a0841c0dc6f7b,4d58cf05339677,4485efddbdecb6,0.03333333333333333
a896cbe6a06d73,52cb5302827301,33a9909c232b65,0.8958333333333334
4e243b1b9f9c89,35b85ea58bd417,58ee93d8d56931,0.2978723404255319
854457dd784fd4,17df7f26a85aa8,bba12ab26264f7,0.23076923076923078
2f755344770761,b90e024d78729f,dcb231f09cf5d3,0.20833333333333334
4fd7b59e3e872c,79b758c8664490,14b202e03ec9c4,0.5510204081632653
8ec614677d98eb,ac52e6025f3e56,aec256d0c2ce01,0.9259259259259259
608999cdbfbebc,999bbf83072939,5831c58bfa9127,0.7407407407407407
6daefab46eda04,3725d8e9b85a4b,2fc6d52128b095,0.2413793103448276
2f8fb5f9b34b88,7d2390842f5cbb,bec4144c77ae99,0.43478260869565216
a26da4ec291015,2a5ac63823a0c3,2e9354223b9a1b,0.11538461538461539
99dcc98bbaaa31,0e694546c026b5,85714fab703f70,0.8620689655172413
81dd3e9f556e26,dcaaec30ae514e,96abc7d2cf1bbb,0.1111111111111111
252f4536e00638,5552150ba8b243,df6a9dac5440b7,0.2708333333333333
2443cf6f915f86,9834c6c36c9554,9d3214c032ff3b,0.0
af473c456d9bee,058d9afd8a3fe7,3f6649eef049a1,0.625
ec43e92e315b25,dc1d6dcaa65e8e,84b978870c12a5,0.0
fb14ca4f85bc3d,85a5ab3ffbb8aa,51fd2ad8a89b24,0.3076923076923077
8a5299547a7f4d,50b153dafb77ad,fcf3f3b171ee72,0.0
445a0bbd609d98,352a09a54b0f8c,021ad2e2ff8755,0.1111111111111111
8bf3209b15e1ad,6fa1efd5b83aee,23c4e92d050663,0.14814814814814814
94324d80d72721,caf3cdac06471b,b6047d01ff62b9,0.8333333333333334
125bbecadabec4,f5ab3f12a66dd2,64fdf6d032cbf0,0.03333333333333333
0e7eb5105387ba,9e10766e7b8887,cefda756445ea7,0.5543478260869565
0d9aea51bd84a0,3322f75fbd0b94,7edceda818b16c,0.30434782608695654
5c6aa9dde78176,596f9df05c7af5,804a87214a571e,0.8571428571428571
81e2649aef9ffd,99e4f8a537c57e,3f6b249925f245,0.6923076923076923
472b0f66f99563,0981831629f058,2fcd4811949bee,0.8518518518518519
bc1b7f9e8b5b96,cf53a7abb00a99,671277322dae45,0.07692307692307693
16407425c4bd88,00e5a6241156ce,212771dfe70f1f,0.08
e82e1b7d950099,73cf539e1173c0,94c9a0351be144,0.9259259259259259
ac429a218f0fb6,a18e834b8e33a9,05b46046f92473,0.7835051546391752
b8d755abed77d8,40ca9f1af49373,5bb6767bbcc70c,0.04
4fc46ae45976b9,6279ff2eb27e4b,137d7e38c2c74d,0.14285714285714285
4808a9c5841039,98044f7eb79990,0c4309ff5acce4,0.2962962962962963
a835b4dc3e5f1e,4a73facaa405e8,9ef6094bd98471,0.02127659574468085
e631a81837be64,c6a710148194f5,c93147428cbbf9,0.22727272727272727
c6d0271988253d,8896427f24cb92,a8e2b0a6b9b37d,0.28
346727772b228d,26de85ae9d233d,cfece62e9f8a85,0.9578947368421052
11782a0e0d7090,6922cdb710429e,6fb05424dfae21,0.8936170212765957
ffdf3a4145f7f1,2b9f573f4f2dee,bdcae61c3b4bc4,0.5185185185185185
39cb4c14cf8752,4a186ee28def5c,048b37c62c77f9,0.84
72f62c60cb23e9,7c02648f4e85f8,a6141575047f33,0.35051546391752575
f46bd7d5af8795,f4da5153e77b59,4b5994741923ad,0.9615384615384616
b140802803b1ad,987905001d611b,e55eff62cf3567,0.8846153846153846
b5563e6bc26023,d86428656a091c,93e82175ea262c,0.18518518518518517
3a6161aa89ab7a,899aa3147107e3,20d061fb23625b,0.18518518518518517
a638020a5d1d7a,d403114dd65e22,1ac2610f2e11a1,0.9767441860465116
bc58c2caaad243,9e2398c7797cbd,6e15c6683e469d,0.46938775510204084
ebfec63c8198e7,66cb3d44e3feaa,ce7fbf21035915,0.15217391304347827
4696f79fca8997,50479439590ec3,c997b3c984c7a5,0.7659574468085106
17bf85ffe5459b,170b04534d72d0,4a1d6846640a24,0.2127659574468085
8848e0745cbd56,843749fdb51323,eb0439f3b46db0,0.8620689655172413
438669e3cf4714,9375fa66c0da8a,dfb1467bf6415c,0.8260869565217391
d4b0774c09817f,a3e2fcfee23181,c7365981c5120b,0.3125
fa0adb4ce4768f,1ad40e2544228b,5a2121a6843628,0.14814814814814814
e5c3087b27fd8d,93e274e38b62db,870438597dfc31,0.9166666666666666
6cae9f4b130946,bfa2e44525b9f9,5041fc28a2eff8,0.7931034482758621
c54d0d242dc6e7,55526c5fa2a61a,75dbebfbc8139b,0.6530612244897959
71092b3fcbd5df,6bb542faa34381,d316be841c0868,0.20430107526881722
f1249da23fd5b3,0d0acaf02703a8,c217e101b36bfd,0.34615384615384615
52de6622fb1d52,592c28406509ff,9a8d2fbbc87f38,0.9375
710d044cf15aaf,dfe9173a56af26,5e6df696f6f1e9,0.6153846153846154
21c28d2d8ceb15,e792eb062c631f,aca10c96917b07,0.5681818181818182
0a554c013b144d,3acbbc26950776,64f9a7e2686a0d,0.3404255319148936
05ab9f0096d1b8,49f425a6e80867,ff422e28028cc5,0.0
29f9322d9ec596,95a8eb4c0ef38f,95553d10d52e44,0.6896551724137931
ddf1f6dc781d18,04db2a3fb869fc,fc421340782eb5,0.11702127659574468
a9c9b4a315b659,3164696c408de2,589b64349b0218,0.6071428571428571
aacb07a2ae7f48,3c98f402171f1f,9609e13af24db6,0.8888888888888888
36f1e79a538433,7c4511bc81ac0e,12de076c9b24a1,0.925531914893617
00c990ac9c3f0d,5ee0cfb24c12f4,46b5569e215299,0.05319148936170213
2e2715492066ac,e5d9de33de78da,967050da2fddea,0.631578947368421
ac3710c269b90e,3331c769c10e60,384bba9b370ce7,0.4342105263157895
5542b7207c9532,21232dc2769726,b97112f482c95f,0.6923076923076923
4388ba2b16923c,542c0ef003276f,f3012ee8815683,0.0851063829787234
2ba4f9fd119c0d,5594e14a7320c0,6fd1b7ca3c7fd0,0.7692307692307693
cee3a96c5ec73b,bac08f625bf26e,f4ba60a49be600,0.0425531914893617
61f88721ae32b9,2f417830b99d12,a1ce010d50d088,0.9574468085106383
abde18787780af,1d72fa574a0f19,2f21690a81bf11,0.6458333333333334
3b9c1dd7f05faa,3ee44de6ef534a,88847af6bddbfb,0.0
e908884816f836,698372f3a11080,98636888c3f33c,0.1595744680851064
e7cd7c1d8b2bd6,0175257c8d769b,a86dd2bcb65b11,0.0625
ade85d859edf9f,6be1ec41a977f8,f2d4ddd08b75af,0.654320987654321
230f21cce13c9e,2d7822b2d0704a,99ef0d6f75d277,0.9259259259259259
15a4966dd0a674,8d018ca473ad95,53fcb49070496b,0.782608695652174
80b68f1ccc28cf,15b94aaec473bf,2cbc5855015637,0.9629629629629629
7ce69f1d180d2c,382a7fecaec8c7,e5ae51e9fbd01b,0.7608695652173914
b91c281552442d,1a64d54b646a06,ffcac02a6e20fe,0.15384615384615385
ccc77a72286379,03be70e7ee7bec,0bc81ef4802c5b,0.3469387755102041
6a0057a5ed5c88,84b4296ee7509a,a2dbf3b1209cf1,0.391304347826087
d2a312c836cb53,64ee7e3738942e,f0b3d4c0898c22,0.8936170212765957
3f60d0a3b31599,b8a0f0f338635a,34489e07b07f0a,0.20689655172413793
b5d325c84ae696,724d71689c8d2e,0389f9110a7590,0.5
ecca96d692e837,15eadb988df8e7,a8570e704cebcb,0.9565217391304348
39a49d446c3ae5,5cbf576a6b2eed,63b7ef28815e46,0.0
1d7eb317c5b4b2,5ce9d4cf47a858,e10e20f9d61f57,0.2413793103448276
57e86e8ffe0180,14c54e38ddab6c,1021ae768a38e3,0.8775510204081632
d6137ed0963048,e2364e32ef3493,dd0fa7db929cac,0.4574468085106383
15c975ab7a0af5,da5c38c7b2cb9d,97e4f950c237ca,0.14814814814814814
6f1268e9835ced,1938c9c1733ecc,875f771a51bcf7,0.14285714285714285
e7b2500abe0c0f,22c0e22cc38019,9a8e3e5ce0bd5c,0.8928571428571429
a45a6903a9a4c7,bc6e8a11ca049f,97a4bec8709412,0.3541666666666667
7fa5c784b3ad1a,2351f0e8735598,377cbb02347d25,0.5106382978723404
e0588bd7304212,4fa9cc279c82ad,090c78790f9840,0.7127659574468085
eee9d5eea54540,35183358ae40c7,bb474175890d50,0.896551724137931
2234ebbe13353a,0c847bcc2ea3db,70fcac48473c1d,0.32142857142857145
2d386cf37a5e0a,78b96c182deae3,bf6bcd8ceaba66,0.15384615384615385
6fc81b9d3e2eed,2aa29a0e8df75f,cab603e6f8b54a,0.8518518518518519
0e99d5c5ef9653,a258f4e88cc200,4adc221d894ff6,0.9574468085106383
711092e8cb2999,eec377776c311a,6b65712c626c73,0.3333333333333333
b241629b6778ed,00fd43fe2ab175,bdbcc25f784473,0.23404255319148937
42bec4fe04b9ca,43c6903826db0b,39e78be6f34ce5,0.0
d5c88df3348e39,16ef3e554f449a,5a22c4e3237c85,0.07692307692307693
041c860354d951,f9661e7c4d0ee2,9a2f6d78dfd377,0.5185185185185185
5e0a4429d1dae3,30410d2b27c552,aa0f8f982e7871,0.8571428571428571
ff278b9599a7ab,41f3ba6b619060,28e98d55245185,0.7777777777777778
01a0c357f8cda5,e4151a1400c161,8802b9ebb1af3a,0.875
"3,90E+13",3ad551959b2f56,24b75654e1c616,0.1111111111111111
e875b4f0ea1c78,f597028786adfa,d1865935d86bd4,0.38461538461538464
6ed5e20a061aaf,588861b2dd95fe,98632af3bc2256,0.13043478260869565
1df13258c37a13,0d834fcbd1a142,04e9b71867f847,0.6071428571428571
48c64c16b0ee06,fcf09b461664ed,bc340926151cba,0.56
775ab727460510,12a26095ed3291,3a8976c585ac5c,0.3076923076923077
46efbb05550684,76461395e7f3fe,91ceae919b128b,0.5106382978723404
1263243c15e8df,3a46399694fa63,4a9bb05f881434,0.0
0d8059728dc7f9,dddfb617521818,aba0c02842c251,0.5925925925925926
12040643ade944,e9f92f32416ea7,b6982a328b92b3,0.7857142857142857
b56cadf9621b27,905ec86cfac2e4,657251461afeee,0.2127659574468085
1e9c85702820f8,17a4bdea8fefa4,13e8f19089efbc,0.5769230769230769
076d616e909f89,c155d2000b7887,348f0ccb074a06,0.21428571428571427
a9f0c235152a1f,0a4d0d6f8d94b8,4736552787d18d,0.5833333333333334
6d9cd9186940d1,45327607f81e39,f645bbee80eeb3,0.5555555555555556
7d17ed83e38953,122dc97feef4be,3ce35940602624,0.6153846153846154
8ced16d90b3e7d,a01b2735845e4a,989084ed573cf9,0.0425531914893617
05758b95650740,df7640c4f4394b,efe6d9f9e66ef5,0.9310344827586207
35ee6a26541c5a,dea8e3af5916ea,94b304e1aa4b69,0.15384615384615385
ecfd87ef24c8b3,9537af46874550,aa0d2a4ff52e62,0.6736842105263158
949e2d7cb12679,b6785383384fd5,dc9008ca416cf7,0.4148936170212766
1534d5c4aa5072,7d88d1797f6c49,d7f9392787a869,0.3181818181818182
1ac744d7891e0b,571e61f4df224d,255782550bee28,0.6774193548387096
e458beef622015,fba62d5ba65ee2,af230b90ec49f8,0.5054945054945055
8667712b08a47b,b07d2417bfa6d2,24db2608725048,0.2087912087912088
9baf627ede81d1,32ffd23c55879e,61685d5f7fd385,0.4782608695652174
fc721431cfbd5d,79bee5c3bbb300,aeea7bd9b96696,0.2962962962962963
52879dd92e98e7,46acf0ce09c0da,a85235ed3f89c7,0.2692307692307692
5a2fcf2423068e,8f4039cfa0e0fa,8060e2c13060ac,0.8846153846153846
246bc4315cb447,3dd1a9b77190b3,28621092d5d06b,0.17777777777777778
2517f6168a7ad3,eb4f0929320f9c,9ab7fd9ff2ad0f,0.7684210526315789
eeeeb6a24dcf8a,c77e1f62009345,363f3a3585d060,0.6896551724137931
d17d27bcbd5bff,1bbb1f8e785b1a,bfb21047c28a2e,0.8297872340425532
0db839ebb50ecd,99d8e05263df96,965a12cd3ebc56,0.7666666666666667
e8c2412ac13251,56cb22a3e7b60d,6fd1b7ca3c7fd0,0.6153846153846154
8ca60e302c7e83,3df0b4eac255fe,2162b983493b92,0.9347826086956522
5fe12b39a32363,506f090f1c428e,ed90c26cf6e075,0.46808510638297873
77b9012c0029af,3e3aee014879c0,5cfe793bdda9a4,0.5625
813a8f690f4a3c,2b23b4a8a4c1e7,52fd352d2ed01d,0.06382978723404255
725b95c5198335,acc28f43273832,b794d2c0f45338,0.14814814814814814
ebb93122fdedf3,2a6257891da84c,23274d27220fff,0.11538461538461539
8097104c10ad76,6d9db18e21d1c7,9219a065a0ac2d,0.19230769230769232
374c14707f532b,685d3da267fc8b,df9f9bad91e611,0.3894736842105263
6dbb23705199cb,e5ea3611a220bf,9d09e0b121cea4,0.037037037037037035
21675060e51241,f88008f557b80a,8cba12e94fc67e,0.391304347826087
6dcd33550b1c7f,78abfd1e3781d7,fd7a3320e3d6c5,0.6421052631578947
148a2071ed3d2a,7c4cf2bc88f209,700d1932d6fdff,0.0
95da0e017f60a9,2103277b64f392,fa331209e159bb,0.9787234042553191
208b46b5464e2c,98f34bb110d0c6,e130ce3990d682,0.07407407407407407
c3d6aaa60f756e,4f3d67af5e5661,d4c11a72fcbb17,0.4444444444444444
51f2ba1192ccbb,3604e44a720cc0,a2f8baa3fdf36d,0.15384615384615385
6de4674b27d9bf,e62a1518fdd0c2,09bd036dad802d,0.037037037037037035
d33d6a49b1b969,5e1d3f1f2b4f7d,ac8a7c98862612,0.1276595744680851
a8c947bbe39254,8507392ac7dadc,a79bd305dbc804,0.20833333333333334
44792586f5c7d4,d279cf3a607544,f1f6c90004397f,0.3076923076923077
d0c773448312f0,80d1b5cb502718,7551e9450cd166,0.9655172413793104
55bf1329f4f620,1c711b202db754,90ea542674492a,0.4444444444444444
42ecef27cf56a3,ca566236e5039e,da606cd6f0c74a,0.5652173913043478
1159695b7d0a0c,fffe0c2a1bd87b,1a7e72343ea4df,0.14893617021276595
9e764dcb60604d,109183687bb271,3715d47bff0c0c,0.23809523809523808
b622e0b738800a,4cb86022c96c8f,ab5cd588b64b06,0.9655172413793104
cfb7a10fce2601,252124cb458aab,1c754c4d0aa2c0,0.1702127659574468
8bc1ca63e060c6,0b9eff82134516,5d6216ff19ab28,0.5638297872340425
4f802332d0b19c,b9098bec763839,1e653b07e6d19e,0.9484536082474226
7c6d8b76dfeda1,c1c1b2c9c1fa5a,f7ba7f87852cb0,0.8762886597938144
7a844e8e55b9e7,360e5783a423d3,3d8801093817ce,0.6785714285714286
fb77646ae009f3,98be7a2669c6f6,7535259f2ca58a,0.13333333333333333
fd97df0754264d,2dfb2438a3ca72,cbd6edda7fdae7,0.8333333333333334
9913d9021f93b9,d4276c9f9b071e,a593ba0be3e2a0,0.6808510638297872
c56eb289300140,d9ca57b7799859,8da8e1c8f4eed7,0.9615384615384616
3fe35c47cce3e8,5a1a5b1c677b0e,b06703d86c4935,0.8846153846153846
14ea5f98aa058d,31226e1cabdc2d,215fd933cb2060,0.6666666666666666
6732645fb4b134,3560f256f7bd7e,1cbb21385abaf5,0.7857142857142857
4169b8038867e2,b160e044cd7f23,2c6c21a6aae125,0.6122448979591837
7865e4a948ab5d,cb4e0e3d444303,2f193ed419095f,0.20833333333333334
16f6b2a2ef2a43,dfb6ad5f281520,7c906766994ab1,0.5053763440860215
43c03d7aac13af,56cb6e495d10df,d34d1b52dd9ce5,0.2692307692307692
b584c854ce51e2,4b52b19756c7c4,9c14d92c835d2e,0.16494845360824742
b9653e4bf784c9,c248626dd8f13f,7fc49451a749cd,0.8148148148148148
a2d27600d687c8,07a4991cc5d56d,49415346abf871,0.03571428571428571
6e99d2e09cf2eb,96eb95983f1efe,980ac51deac9d7,0.5769230769230769
f8f2530842e77e,23095dcaaf554a,ba14752a861c4d,0.6896551724137931
95982358110a6a,5c670c662ff821,b5a3bcab534d37,0.41304347826086957
6c7c6cceb2a73e,11933d2d32eb8e,d11bf403e16bb3,0.8076923076923077
1e25ea9decf075,ce858c68250bd3,d175c0e4616dae,0.22916666666666666
280fe3a741d0c3,eaa1770b5f6852,3ba7ae271663fc,0.35714285714285715
db0d523c3b89ad,8015d102fbbde7,6aa7aa8301bae5,0.14583333333333334
e9a36a76319277,4540796c2999ee,f4898abfde2547,0.0
34576949f8727e,ece0e1efc8f303,90d6661e77bc89,0.4375
631571fc5cb9e3,ca0e849192ba1c,1755cab16a08bf,0.11363636363636363
d1198d87905a18,543f2e2548c949,0df50824d74544,0.75
d2aa3c314cf0a3,8ed236b1f26964,82535cd63b568c,0.15384615384615385
c27a050ddf887d,1dd562958e473a,2eb3ee8b32d3c7,0.3548387096774194
44cffc46a98b5d,5eae9721e878c3,a43bc0c32076cd,0.4230769230769231
ec50ae652a49aa,0a0b01906fe8d5,58ca5d09ffd6ea,0.7692307692307693
ae8a46daa4896e,3c2c95ad7cbdd5,9fccad1a1ea19c,0.07407407407407407
6e6931368ec6bf,5cee681f2972d5,6bc878ef643191,0.9333333333333333
c9d6f926320775,07604bd83120ce,e82c0377cb5777,0.7916666666666666
86f8672881a823,5ea75aa22c3766,627899fe2bf82f,0.4074074074074074
f4a33fd1fa023b,4979744d069600,fb0191be56aea5,0.5604395604395604
06c9267c0c1b93,373590cb442066,798cdb86460c9d,0.23711340206185566
bccf1b4872ab51,1d7bc3549a1700,c0d6ec5e3a2f83,0.7307692307692307
af24e383435a95,838e722beac9ce,9bb10a4084b3ae,0.88
f808378553c75a,e0332a43264735,0e05ad759900c3,0.2736842105263158
82b3d7c5b52a92,65db8da4db4839,509bd5300e99d4,0.6538461538461539
cb29d5ebfdc7e8,b3114370ab7c96,6bdd7fabb52038,0.125
0669d00aeb210a,4bc3c519507306,6ea4abed82406a,0.3103448275862069
fdbd91fab0b2ba,e1b2967d25e8a0,ec6f57406c7ea5,0.4166666666666667
32e9a3ec733a0b,c7b55b8cab0237,82259f9fff96e8,0.6428571428571429
3516234c8dfb75,8d0ade1cf939d9,59416b027aa6d3,0.0
9b2f1b05dd57cb,2c4ed474d665aa,10aa6f7b822b91,0.3111111111111111
f31b5d8d2577b0,8852021cde19a0,b01cae56123645,0.8020833333333334
59ebbb90865079,6de9413fd57303,d36e0919c6d5f3,0.03571428571428571
621567bce51669,e99358ba272c2a,692192cefb7293,0.03571428571428571
8212629fcb60ab,a6a3a16c9cbe5c,b6e9a1a25d60ce,0.7241379310344828
9b4a19ff1da49d,bc89aafdd76e63,cc0a70aab996b1,0.6382978723404256
49e916d6722bb7,1f35d35431c392,404848ce68f511,0.851063829787234
b9dc2774633cb6,d40fe7dadc190c,7b9bb2cda3b7e0,0.17857142857142858
3ebde964a97099,fc76197d7b8ece,832b1155be9a32,0.9259259259259259
19cd0a91bb907b,bec6014df6013e,4b2ec0c8a0c891,0.4444444444444444
6e081cbae13f04,3c262508cb5c30,877df507affdfe,0.7083333333333334
1442dae6287cb6,33028cde635193,86385a748925bd,0.36082474226804123
ceef67edb1598d,1f725d0ad5d901,254d35cb4688fc,0.44329896907216493
61a6c2fcf4cc89,ade1eb11c5c05e,05c01b6f6aedd0,0.44086021505376344
38405272fdbef0,028a5ea4a7d8fb,a4bd3e0b45a04b,0.6538461538461539
a5a10ae4a167d4,6b8cf643b0fd5e,ec6de095ba6f5d,0.9642857142857143
d2ea2135fca439,abbb3ab6d8582b,40f694c6cf1447,0.5555555555555556
0d3a56a436a0ca,6dce7868711014,37dcb80e8c407d,0.9591836734693877
f90fe8bdc361ec,7d99370daee38d,23f73a64d40a54,0.2127659574468085
324103cfbc4819,cda245352fbde4,999000597e0dba,0.0
540c6857e934e8,a1ef3d150bb49c,78a8dd46d2f5b3,0.5925925925925926
dc8594f1c0dcf7,da150036e6f015,da4951b20a0960,0.8842105263157894
b2c5135a6e9ae7,22c61da987fbb0,0f1f5207153abc,0.3829787234042553
bc03a6c21ed214,aceb1d5747d44c,080d2ffa946549,0.12
b352f3953af53e,2bab136c892a63,9a5aa2807b742b,0.043478260869565216
52928601ff497a,6e66e1463d889b,e5fc768c27c70f,0.5913978494623656
00d60a8c00c981,7cb13073ef0142,4387cf50d06810,0.11538461538461539
fc0473547264af,a0dad1ea859676,97c714faf8b77a,0.5172413793103449
cc49762edbd403,fddc4a491d3844,e58e908f404315,0.9361702127659575
caf1b4782a8948,982d6fe8583e85,6228053762be50,0.06896551724137931
812df07335e70e,9d505fa02bfc30,149b195bb2430d,0.02127659574468085
d8de9fb6e26963,33d540294ad26d,127b3a11f5894c,0.3541666666666667
415fb92b9f53f4,9720d2e9d1bf5d,9c71ff1f51ee8b,0.7857142857142857
de4d1d55b00478,1a82dfeb501d85,451ae71e6a7877,0.13186813186813187
864e049999b576,b3f84ae5e5bdd5,70309346a565c8,0.2962962962962963
f3f96f9ef5805a,d55d3db4fe4966,0d2621282c4f72,0.4482758620689655
e6a5b26fab9b34,9abedb4253849f,dd72c71c88a8f9,0.8775510204081632
b64e484e0aaf8c,3203bf597c9695,9ad2fe0bca3714,0.4772727272727273
dc62ce8d90277f,b1d3c86e7379f1,5ab7f5feaafbb3,0.34615384615384615
c4ff0a872bb70d,434570ee8d346a,47c73009738448,0.18518518518518517
9c28f0bdc9841b,a14209caf1a4c8,0b946fe8ac8af9,0.3448275862068966
0455d8bf7c5fbf,6642a2f65e8d8d,6eb2bf3bdc5d4f,0.2765957446808511
dbbf8dd93fb336,b4baf072af0486,69b782ce94280f,0.034482758620689655
8e9707d268d2a2,d2087232022666,233fd07b5b71fa,0.8461538461538461
d57a561e515353,cdeec56652dc5b,9569db1cae4ae1,0.19148936170212766
aac0efa79af9a2,0d331a0b0bff31,e3d9c373535eef,0.38461538461538464
fa1b61e2f6cac9,39ee117e371eb2,fdda78e3b3a54c,0.4074074074074074
f5582c3912eb2d,fa5dd8cab67a5f,887367a56ae25f,0.2413793103448276
622090cd7df08c,0815338a4f4f45,2037edba2a0a3a,0.045454545454545456
a002e2b4a30d01,dfa730a1624102,54a690ad7624b0,0.5957446808510638
87a4b9bc53e303,134d11dd480bf2,be68dfa51206de,0.425531914893617
36ed9b6cfde3fc,c862d80ca999fc,27e49f20f51528,0.19318181818181818
87f366b8180971,9ab1a74498e061,bd1a5e1c362d8f,0.2
b2fa744ec09347,8128a5de800175,758d7401bcf1dd,0.9574468085106383
8ca14d09ae9ba6,1a95534eb16a65,7af75ccf9e1dfb,0.9230769230769231
eb0f2d8eac4907,0f1a64d2806fb9,1d49f13e4375a3,0.9375
6015f9b175eae9,7ef9a37e0fde92,9e34771e4303c5,0.851063829787234
03320c66bd41df,019d354a2679f6,0fbb781ead56a8,0.375
c6348902a3fce0,f41ee9f4dc5c8c,a073da74852c47,0.4642857142857143
55cb1adb910244,ca3350aaef1be9,0068839c987688,0.7083333333333334
4242a71f93adc2,a8b49e5578515c,4378ecca9056ef,0.0
814d60df7236b2,6964fc7072643d,90a83a47fb4cd4,0.4230769230769231
5a30d14560467b,591c2feb4be60f,777a7df83b47aa,0.6304347826086957
1a596110ba3186,f0d63c2a96578b,52c77fe1b0103f,0.043478260869565216
431f911451285f,47652886fca9b0,95399e99c7fc64,0.6428571428571429
6930d4cc347082,12661635b916bb,5e7c27c2a136e6,0.2413793103448276
1f1ec0c4fb07d2,3abb66018f56fe,23f73a64d40a54,0.19148936170212766
9a91010dccfb4d,3c5c9123e10f03,d2dcd31f012a34,0.27586206896551724
6351ff08bd3e7c,07ed040f264068,b3586e7a923a53,0.07407407407407407
5e3b3128ea2fac,3f0e73fe37cae3,51e79f446969c9,0.14285714285714285
1eb4d72a458158,49e49d2662a6c0,c52879518cc24e,0.36
d4cfc3d83c0f19,a3423a617f5b49,21d062cce99962,0.7204301075268817
7ff31e80a8cbd0,c595c3c51b2408,f7d5f9ee9f608a,0.7857142857142857
7236413be8e425,fbd0759cf13cb6,5da7185fce7df2,0.0
5af36a2c4efa17,68e69e77a0fd7d,11844b60ae9a82,0.25925925925925924
3829a3ff19b9c6,0f74f5d5500814,ead6477af20e8e,0.038461538461538464
e29d3034b1cedf,d41767085128dc,821735952e2ed0,0.68
261eaab6288a7f,03b8cc6a463eb2,3d0549cc513fc2,0.7857142857142857
534260856914af,93a1c42f1b43c0,6eef5fc87f5699,0.8076923076923077
9cd1291a5f4304,fa7f102f7aa351,a9a1298b297431,0.5555555555555556
75e37ed326a023,eb9316222a91ef,7d4bbed5ccd673,0.845360824742268
bc095805cd3865,a89e9a9189d867,c3b736fd180ed5,0.3
a87ffe9668b363,52e464526f27a0,10da7658445266,0.8297872340425532
3d16a658744ec0,b509c3ec80c949,2d482cee5e111f,0.3125
3a92659e768aad,a4c8c80acc7c3d,695faa75f15f6f,0.9361702127659575
fef18007c6695b,477d80de4e1dca,2d5aea8923db92,0.25773195876288657
3116b0bb873ef6,6c8374106384de,818b6109da21d3,0.4065934065934066
bcdc59e01c8c7f,b34f69262bb1d2,8836e311b6a582,0.22580645161290322
ce932912fd9587,d9e2b38d195222,1100a3431ee744,0.23076923076923078
e720ed506e9f07,42ef66e42a4adf,1cf3cae8c4507d,0.1702127659574468
3af41cca1fd7ae,2759baab8987b5,f8abb32576b701,0.25925925925925924
f6086712ce515e,426fbab6235db1,390bf53beb3283,0.15384615384615385
d0b5785abb366b,990dc85eaf2de0,b0a9a9a55b7019,0.5172413793103449
13fe94d7cbb1d5,12cb235cb60cc4,143b0131edb8a7,0.39285714285714285
2dbc426dcb47af,35c6972c765af1,dbe6dacb478e73,0.21428571428571427
40fec244e0c5d7,94f843aa1e8dec,5bc7d533eac281,0.5185185185185185
a8890e556667b4,0c8730c33208d1,f7e98aecab203a,0.5319148936170213
4ba7e779d65662,b48e974ee69925,61d7e11f745d35,0.391304347826087
a7fbfc67326488,ac60b3e88f2376,d3b675b09d2a92,0.625
9c11d3012ed273,dca5f6415f0575,457ce9a25035af,0.08333333333333333
641418bcafe956,e1e32ff28be1da,c17cba0e8658cb,0.03333333333333333
2ca04dfd320702,787843e5a323dc,2398b58e177a86,0.2962962962962963
2fe6be1f35aeca,9ec5910e37843f,ed5ca3918bfe00,0.9259259259259259
3d9a8dedb04978,8760ac4a5b084f,ccc67609bfe994,0.2553191489361702
35d3778b6ad7fe,945d4b347433ba,1f54eb2ec6eacf,0.7692307692307693
ba3336d1de5a9f,96b59093b8454d,4cd5177d9eb42a,0.16666666666666666
200e30c05df7fc,431e503195c423,6f1d7e10fdf39b,0.42857142857142855
bb5ae558177617,6ce0f38157a595,8977b881da97b0,0.18518518518518517
143dde7997c937,a893817cf0ffb5,6ac6360c627ea3,0.9175257731958762
d69ef3d2698e66,9d3c238036ed1f,87bda1d68d10cb,0.12
0d4f0b0451bd3a,e4b0e7f0a9bcd8,14397cf0f8e155,0.6
6ab9bee2feea93,e818b4f25ca7a7,7b5b12eb779b7e,0.8846153846153846
1f3256fb5dcd69,19dc20041ce7e7,996f02703f2fc7,0.40425531914893614
6502e1d60b1486,a52d5c653ae88e,7274c958cdcb1e,0.7692307692307693
a376cd3946a74c,278002225bbc55,584e8495a5b02b,0.5531914893617021
3e2893ad644bd4,271771863eb29d,f866fd020f4f4a,0.7755102040816326
de32299addc3df,e525e01288412a,51fd2ad8a89b24,0.23076923076923078
f9f87a228fbe94,b56770ba921def,d34e9dc060cfd8,0.07692307692307693
883a3395d41c72,debc699e1afd78,02da80ed78a621,0.8461538461538461
a29c6d2eaf1f56,f7d3d372b151f9,c497968af63d89,0.6153846153846154
30a964a0881c30,30c28788f8b43b,e5914a0cb9c184,0.14285714285714285
dcf4d6270e2d08,d172b6775ab414,8bd62fa9f98926,0.3103448275862069
eaa9c94d166cf3,ac2658d1879969,152486acf6cd13,0.4583333333333333
07cfb82eaba6d4,986135056c97ac,ba739690628544,0.5368421052631579
99d460f3ec680a,044ee569f8b775,9eb956a2dd7f7f,0.07142857142857142
0046a31ebfce6b,a9efb3a09e77d9,18512e0628466f,0.6153846153846154
dab31127f93ed5,4c2eadbb2235ae,6ad3be77ebd767,0.3333333333333333
32cf44c6180618,979ca5bec867d6,7a4ce026295279,0.39285714285714285
28cac431d18c74,0306b9297f90f0,1226c67356ca55,0.4583333333333333
feaaae0465a154,5777096905646c,2d807291e89c79,0.8958333333333334
9f0888e4fe4b3c,540c6ec27c5921,87ce56c69a2823,0.21739130434782608
cdb7c804e4403f,21911be6d6d422,5b26fcf086909b,0.2631578947368421
6f2f748080bcde,1b79cc49fdde31,51ea1b5479fe2c,0.10638297872340426
3d68473dce3d51,e67b312786fb83,0ce4e3064e5693,0.041666666666666664
3b5b3184f11320,157ec4a258acca,237f34d5f24baa,0.64
fd96b1e31e427b,390dc9a66cf4e8,a702f6b7e200fe,0.782608695652174
4a788291352cf6,5ae885b77a6a13,c2dcbb6293c12e,0.8297872340425532
7f4dd0b54ccbfb,64d013e1c57892,"4,46E+13",0.6071428571428571
91d9b627bd5823,a168e99416caa8,36718f535154af,0.07142857142857142
7ecb6b638756c4,6cf0237773424c,cb26d6145379c9,0.6888888888888889
2bd3e65c6ad0f3,7bd589b6f976ce,cb42f0a918b7e1,0.32142857142857145
b1b1ba91bbd895,b1381dbe85f225,25c8c39c8a77fc,0.9259259259259259
6d608aa451b631,2718e800747b1c,ac162c27c103d6,0.44680851063829785
52ca313b113037,9e4ce6f95f9365,655ecd9b2933b8,0.8229166666666666
94097f83a22d3f,8f6df663e34ba3,e931e28db62975,0.20689655172413793
03c2c6c9331211,20d46f7f8e31d7,47e7cfde6db43b,0.26595744680851063
d7df897d6fe650,6bc04395693371,fc9b74ab3ab92b,0.5185185185185185
fb00684876db0d,0d55d66e216096,16c0613ed96175,0.06315789473684211
81f3d8d4dfd654,cd1f8d6a908b8a,217d4a9c57849b,0.7037037037037037
4269f78b90d7a8,16abaf80c25b2d,6b96069e0f8c45,0.9310344827586207
9c301df537d313,16cde9122edb78,7312d01199ae8f,0.9259259259259259
7eb1a6568fda9b,f50cc0d943cf26,914fa6b005274c,0.1111111111111111
522a456bdc9630,a76b3e6210e0c9,52fc0277c27994,0.14583333333333334
f42938dc74d5c9,6438708cd588c5,024d936f358991,0.8541666666666666
ed8e3643811574,994d292ff6bad3,68f15571552627,0.4230769230769231
989f3af40499e0,8e01e8b807533c,7ec83c1b3439cd,0.8076923076923077
618986a8ddca71,bc1a12b3203a26,2b25e56b3d7658,0.8518518518518519
fd4c213c992d5c,7c595144f451cd,8c42e702d9ad15,0.8928571428571429
cd6c63e595568f,06080e2d188710,53d29fd9325649,0.06451612903225806
be68f9f5f5ccb5,6adf2be54634da,8a6037c7c6d5ed,0.7142857142857143
ba139337874969,1bb8b8ca7fbfb4,d220a277b4848f,0.37037037037037035
437805ec97c4c7,ea6a366ef940de,8cc57983b2092f,0.41935483870967744
65bc8f8b8b997e,9499ea8f335ced,2a3734d2f0cb75,0.16
bdbff36d0447d1,71792a04aec159,99e8d4ead338bf,0.041666666666666664
d709ad54e4ac51,da30592015a8c7,8226aa8d715c25,0.550561797752809
2b7586db74cdfe,5f93135494c6fd,c86da9b0ed8b99,0.7037037037037037
fb0d7aa608b482,d02c77500d39b5,cf810373fb0104,0.4074074074074074
53f822c697c215,8bda37a41938f7,d598b442f1dc07,0.6808510638297872
19f5bb156f2d9d,6a87911831e56a,6aa8ba77000a70,0.2553191489361702
7bb2cda0e7ee07,85d56ad60bd2e4,ab64badf2cbc41,0.30434782608695654
c1d5d55f951fab,1ae869f5eae672,1cbc2f85c2bf58,0.6666666666666666
1b019e86f10b8c,ee659b1cfa1605,87460bd5b659e8,0.6888888888888889
fc147bdd559622,b78fe932f79f93,4cef885609c375,0.020833333333333332
a95fb9e851a8f4,46a883254c79e5,320e9bfaecc16d,0.08163265306122448
fd52b5d36230ec,465dba2793be92,4b0595698d1c0f,0.7446808510638298
62b6980f21dbf6,a02fad42b0b8d6,8ff879a7a619af,0.39285714285714285
91af8de0abbd03,f33799a391595c,348de1f6e41b8d,0.8260869565217391
21a0db77f6c2c9,12b589f678cd4f,d99a3a23347b26,0.42857142857142855
07a8b1862af826,03ae2e97c5a408,"4,46E+13",0.6071428571428571
4bd53adf8dbb4e,67a4a768df34a2,f7dc31b29246dd,0.8571428571428571
f339ebc4d8da2d,b4cca1914c3b11,580b8203d806dc,0.07216494845360824
a7853cb6a6c41f,76ff442fa4f7a2,3e318aae405f51,0.6875
b1c8740422e513,f18172960a3f93,9658ece11af41e,0.4375
2661a565592f6c,7029b815485de0,4f9374dcd3c323,0.9361702127659575
95fd6a8799d916,"5,83E+13",9b2fead59e8987,0.037037037037037035
402c8cec8a95db,12cd77e6e83237,5fd2ba959e7f2f,0.35714285714285715
7ceaa4422d88a1,af590284ff79de,4b1831fc9fcf6b,0.6428571428571429
c3931bb9611de4,36172f807db600,fbce2e2b1259f7,0.896551724137931
f91ccdf1ec9cd5,57842085dc2a95,6808af5f5698ac,0.0
4d96b2bd613eee,95f8b18f5bb346,66feb030d8f8fb,0.44329896907216493
033629ef553253,e40d6389b8710e,bd9e06e7ec83da,0.043478260869565216
0b667139ccb748,d61f00c750cd91,b6c7d0ae8e6e82,0.2826086956521739
a6149a875d3169,0d1809fe8c4577,3d54f72bfa18ba,0.5769230769230769
842905dda1dd40,712af9755063af,faa6f0b26a752a,0.07692307692307693
0e31dfbb8e564b,b827130f8a6732,c82fc353cae4fa,0.7142857142857143
3d0b4086fb42a6,1f60de5ff054cb,ffcd8f452a8d15,0.5333333333333333
8e3073e67718a8,33587dd502fb4f,05f18e9d298aa0,0.3125
52a4a65319c75d,2ec90c6cc4137e,052a03e2249974,0.8105263157894737
4c5e894a8cb59a,6243a41e242216,5e3764e5363f11,0.2717391304347826
86688dbd635969,69d2015ce3fece,34bdc647a7200d,0.48148148148148145
2f2d771e60e037,a1ffc9930c5135,d5d3943f3c1301,0.0
0098fe8e8bb3c8,5c55a0def1f86d,18f8fc7c81cc9e,0.30434782608695654
e00c8f1255b6d4,b4048804f59b35,339a2d059b0077,0.8541666666666666
ba0ab9d054fcac,94eb3b47262456,391fb5ff344ad2,0.07142857142857142
cd9b1eed2844b5,fd66211787f964,c48a8f8ef5ca09,0.07142857142857142
2dc726f0b8c778,ada97d28487a86,d74a7e622ff8c4,0.5729166666666666
2f2f18d2d37f17,1d9067f2647f64,3ee039cd14d309,0.48148148148148145
8ea57922a456c2,690acce4a2bcd0,3d2c6714cfb517,0.9387755102040817
a76524a12c1a4d,92365bcf36ca80,79a2e9a0583bda,0.7142857142857143
dc8a3f6e835b02,a2df632f5b543f,6c90e156d9b8b2,0.8518518518518519
ccbeedfb90c021,63a9384941c2d4,416fff79b87e4b,0.0
c70791068030fd,8c9d4736b3781e,53cac2cfe5125c,0.7391304347826086
cbb7f93ae5e7db,cd3715cbb00554,1ae4d0335c3bf8,0.18421052631578946
be661d4f352383,5e29f800ed1614,f323ab11b973d4,0.35106382978723405
9ae6584b80be59,e6b6a5b4e67180,2edc1a24940d6c,0.21428571428571427
7fef7c98966f10,d2d592ea12b5b0,b364403897efae,0.35714285714285715
ed9a80be49da1e,3906b8071d5626,6fceb809c95a1d,0.5913978494623656
935ae379238c5e,44b7ad10ca1a31,53d94b88571b0c,0.5918367346938775
ea7dfbdf810150,9498d18228c999,8f85375c618534,0.40425531914893614
3e9eb9ca0eb147,dd522e0128b74f,78ad90d45ff11b,0.9175257731958762
21123b2276e2f9,96167c1faa709b,27bd54f57ade81,0.8085106382978723
fcd6b81e834fe1,ac5f22897fad53,8163372a77f8f0,0.1111111111111111
a4ca23fc1d7268,6669de566b8350,b7bd0e883ae0df,0.6595744680851063
ed8ab0f807a345,721f0a26b327b0,b8518e5ad5c050,0.7653061224489796
8bee44ad1aeb19,bb9e436305b3c6,f3c98b9c5e39e7,0.12
b2705deff23803,557610389bf05b,8f5b3b8de984f6,0.2222222222222222
4544addb4d47f5,aad370f4b4bbeb,f1deefd63dd42b,0.10714285714285714
717c616e083a34,0c6733c63eb768,8b800ce6631a2d,0.31958762886597936
7d1ec99952d913,8de0807174048f,cb6816a90dbde0,0.8631578947368421
743db63d66f44f,3846076e6981f8,c2a47f6a286ffc,0.8518518518518519
6ed107ae361e93,5301df74bcd114,4d3fba30dd5842,0.037037037037037035
17c52abe668a69,4ebc6a4becefda,e138218f383dff,0.5714285714285714
8874c6b93088c2,685e89bd8aeec4,dacc172c13ec1a,0.7204301075268817
2b5a79b8b0c25b,b6b3a0a465f922,3ffc8f1d395e9a,0.07407407407407407
d91e224aaa0518,ab7eae2829aa72,1c98456e6d294e,0.9230769230769231
99c5768e7b55d5,a07f2c0bfdee69,d5bc10e62805d9,0.2222222222222222
c056eabadecdda,d9d38d2b09ba1e,a919b9825e54c8,0.9081632653061225
716c66dd414a5f,179cba9acacd81,3d2ba75e74773b,0.6923076923076923
b0ba8dba1de000,739afaff5c865c,111648220ec05c,0.15217391304347827
390c98b836eb48,bc12f1a0b96e7a,cbd6edda7fdae7,0.43333333333333335
64e1b50533e9bb,547608e66f671c,c4d2dcdd7f2747,1.0
fc360218c42a7b,ed5eabae10a70a,52ea9f2d95ccf6,0.18518518518518517
8b881d30d788e7,84e1ed9fdca7f4,58eb9de295faf5,0.2692307692307692
c3c4a9ae28545b,2b81602e43ea40,56fc4af62dd57e,0.8279569892473119
3505db3e069425,adebe8715f3471,f97028b049739e,0.7777777777777778
38d727b00b5964,51c584532547ff,26fd8256657c29,0.7956989247311828
73a51293cbe542,58ea536f1e03ee,c35e39165b6f56,0.14583333333333334
3727443308fbb9,f9262308283dd5,b6c7b06ae98891,0.8518518518518519
02a4540dc7f011,d52df456da8b8e,5777047b2e0403,0.4074074074074074
f0f6332eebaf55,e038534aaed98b,8614173e2b8ed1,0.5416666666666666
49e342e33a3dbb,3a8b3627c0397a,cbff07467ad4c1,0.6
ef123aa6a71360,46d8c47709d76b,ec52442f31313f,0.13333333333333333
54c4cc74266d89,df728ea491d369,07f54dee54517c,0.03296703296703297
7fcf441afda91b,f10fdff5bc0185,4df9ab0c69c9dd,0.2916666666666667
a0d2b409afbad5,8ca13c8e73ff55,f3474cf4d0048c,0.3404255319148936
0b36611c056e6d,ed6d42e5bbdcfe,2b9e85347229ee,0.6875
718f05c30cccb3,c4cab8ad3c12d9,b9ae2911608f13,0.2692307692307692
"2,84E+266",dcb6edc1e86e6e,53af7d78959cc4,0.2962962962962963
94e842440470b7,b75773f7a3b895,70fc0fc1e7632b,0.25925925925925924
b797e406202bd7,43dcd4fe9bf2aa,71e3154e41ce9c,0.0
7037648c25d4fd,83ba7b7bac1ebc,a0a2147d01dc18,0.9230769230769231
c95eabc87c263f,588da4198c8c48,cdd269a412570b,0.8461538461538461
f510f43b153825,a977fa0fa39055,333478c0795706,0.2857142857142857
ed56fb8dd4a0ab,5b075f9205ea81,6f5767b1637293,0.5102040816326531
257ff363b7b03c,c71a50772d20b9,816e8ccbdfe7b0,0.07692307692307693
1013400a1cf3f3,647cb4b3c494d1,4cf734a0cbac8d,0.5306122448979592
cc9144f139662f,21debb4f9d7574,08fd76532b7daa,0.84
06ac08a71739f2,fef75f47272702,e329db37f3617f,0.11538461538461539
2c86b374dca379,36c94d6359c620,1acca080b2b519,0.6428571428571429
7b1784d73d3453,6f310734b97d73,2924af2251ecb0,0.041666666666666664
35400dd6272b7e,962008aeb9c9e6,ecf18f9172a6eb,0.06382978723404255
019d29de0486ea,ec2f95c8c337d2,326d1fc4d41905,0.8723404255319149
3a6e30164a9a93,b41f9797e90fd0,389441bcf43093,0.6976744186046512
a022265da755ff,5f9b84b7702d25,f44031f6ab6ddc,0.0
165755a9b239cd,86dbd42a7054c2,a7f9f340858b1b,0.9387755102040817
5e547a04db04d5,3c732cd64c596b,001a75ec743bc7,0.08888888888888889
ea9d587af81dfa,b26cb2d42dc7ee,c33accbd369d2b,0.7272727272727273
fef95cbe5df490,083fd4db3a8469,f4d658e24a4339,0.20454545454545456
e8c85f7aa85e1a,c1542dcd16c25f,084a006cc39fd3,0.02127659574468085
13ea9a21e1de55,97fb701b2b2fcc,8b9b225cfa1495,0.8214285714285714
52e79d1bbf988a,77de99a31ef99e,350d120be05d88,0.13043478260869565
9ed75d3c74c106,4f94415029f06e,1e1dc33aa1125b,0.4583333333333333
82ad739727c88c,70400bb5396c93,617b5d320c499e,0.35714285714285715
525b8c609d02e4,f4ffaf8329fb51,6b79ae1c857610,0.5714285714285714
4f095c75d2a63f,cd7452f5a183d4,35a63cde35b3ab,0.04
7559181d7c7ae3,727575e541d65e,f84a7b21a7a950,0.034482758620689655
f7f134c2dfc243,4d2b0d94518388,9c6b114cb56c5e,0.64
ce71b86d4ab405,59cc723a9865bd,f9442fec9f6e9b,0.48148148148148145
b6fbb4f3ab8ea0,a2cb90e40f5904,df03d7989ac05a,0.8
8dbbbbaee81a5f,fe3181581ca158,9658ece11af41e,0.9375
ab05cbbbf0c50b,db982441717120,01c140429ba6f9,0.4
4d570880beda50,b3ab280fc4255e,b715296652a0b6,0.3333333333333333
58f26e399a9f3d,746afc9c6df04b,612b6798fce176,0.8148148148148148
d8838d4c7299a5,5d875c83795b0f,9aba00f9c4c7b9,0.9587628865979382
ad197ac4582408,d2bb3f4ca70472,4f129d85861c8f,0.8913043478260869
6e78b1c5ff29d0,2380ec45eb399f,2d45c1a6d1b7b7,0.8695652173913043
8174ade61bcf89,960e4ec911c6cd,5b214a8465dd43,0.0
b7a1a9ebac33ae,5d8597ff90c14c,30e911882bbc69,0.25
2a6be2697f0e8b,04f5ffe6a7f8f4,a8ebfc5abbe3ad,0.9333333333333333
5437102e41e504,d58a0f421786f7,23f21eb27bb8b4,0.8888888888888888
7532b45b6299d1,4c289de55bddb5,729609151aac39,0.34615384615384615
91b267d89a201f,079c1ac21a06af,d598b442f1dc07,0.6808510638297872
029b36076635ac,14248888046f9a,c7294fa42290e6,0.48148148148148145
3f410d9dfba2d2,32e7e880946509,e238e5fc1855e6,0.8518518518518519
03ddc5615079fb,22d92651c0d217,20e7a27fcb4c08,0.08333333333333333
c6d7f87801ea63,092f202dfc7f74,7fe6ef9d761c79,0.35714285714285715
18410e1d6f0668,82e0086814865a,4d821356cfdb6b,0.2
12439640094dcf,31232a2e7eaa8a,e69b0502415ec6,0.30612244897959184
ab5d623fe98f4c,d3b2f12c6a8a23,622905d1e313ab,0.30434782608695654
2434a84af143c2,50312b2bd2b50d,0fc1b50bd204a0,0.037037037037037035
3937241fd691cf,ae045b93e95f14,24585a996b18c2,0.75
19229d957fe014,e01d907631b896,ac97839dbb2bbf,0.7857142857142857
99b0d8add7bedc,7b4b80eb0c681c,01dd4b23685739,0.13043478260869565
0700c4b37fb3e9,46afd21069c861,87c536c6804f14,0.0
6187f2d187cf9f,a7541be24f33a4,447f55cad2d349,0.4787234042553192
94487698e1c81e,8b4bc7fa72faea,68e8ff2990fca5,0.8404255319148937
a043f3f9cc7e4a,ab2ee21e706e7c,982ec15b5487ef,0.037037037037037035
05609299ba41b5,38b59d31457ce2,072acd2ca9ea7a,0.8085106382978723
ad01b681b859eb,75894687d5b27d,72fb42d73c18af,0.88
330a351cc0ec55,d0d141a7df9256,0552e8fbe7ab89,0.07407407407407407
1fdd1dd2713107,908d4daa780529,6f2e373741fd4c,0.23076923076923078
2c6c37554b8def,26adc16425b244,924971adddbedc,0.574468085106383
c60c9f51ba1f87,b2a8c82deb39f0,"7,40E+93",0.9148936170212766
e7c5273945db27,747c9a14587109,12d50fc366f73e,0.041666666666666664
a9eb6c3fa240d7,9e8ca00fa358d4,ef95e24116673a,0.8181818181818182
cd9faa7747d1bd,f167f86412c9bd,85259b85c63c39,0.14583333333333334
cf4b596aa2cd5b,39a6688f29ce82,6690625c347da3,0.0
f92332032e32e6,f5dab9716d9a19,b8fa7ec470c830,0.22580645161290322
047b51f720a062,d58a8b882d6757,4e83bf098bb726,0.6979166666666666
d8a059950ad05e,0070a479786535,a36eefb8a35576,0.8404255319148937
425686500e81e9,c74ba4cd14cf76,d41d60215b2ad4,0.3103448275862069
eba44bab983b7f,dae60611c85853,706ad5bb2cd039,0.2916666666666667
efd25815313835,799a9bb3cdf308,afe6eb4ff225d6,0.5555555555555556
a30e9951d5ed02,9b6db973fb16b9,b4defe1201f04a,0.9166666666666666
3434e09d10d679,96bb7c65d83080,795d25b8c932ae,0.22916666666666666
853347e2429c3d,f7ad2e67aa42ae,036d337bc68413,0.2222222222222222
1dfa273015bab6,e8ff1d93e28195,23252ac8de81ae,0.851063829787234
265ad10098ae69,222841f26bb624,fc421340782eb5,0.1702127659574468
a9958110e46c23,21ea470e82c667,9469e3da89da37,0.26666666666666666
69616d0b2b0a4e,748bee686afe39,fc24060f465dba,0.4444444444444444
f48707e791e5ef,e1202ba268bd21,b90ee650c73c7e,0.7659574468085106
80b890429cbf74,5321dc1352926a,515452ffc9b3fd,0.3469387755102041
04669f974a5560,ddeb9ca9703b7c,f23dbe9b43c54e,0.13333333333333333
eb40bcac7f850e,e7272e4035cfc3,71c348a1933726,0.39285714285714285
764f65d5cd2742,42f78ddb0d22fb,55b2dc5f1433e1,0.48148148148148145
97a8fa36cbc9d4,28ab75f88d8e81,1f4333af001251,0.1724137931034483
1d5d6002f70aee,850b98cc78ee21,8b158ec8dd0b40,0.5111111111111111
31727ac00f25ee,0b5077eb8806eb,62c43836261a0b,0.3333333333333333
77489c306e22d0,1097a32f083e34,abf153b854807c,0.6875
8b86c9e4d274b4,0345196728d8b8,ffd6df02843d04,0.06382978723404255
4fff386b2c9fd0,d95ac6ef5f9bc8,7f4860b3e6ee1d,0.9795918367346939
3de8238af95071,8c5e9e8964cc3c,111648220ec05c,0.8260869565217391
590a165fa0b712,287a552d93a691,27562e2b2bbb87,0.8255813953488372
be3a30e44a077e,188c1cbf5c13e8,d4cbfd14493b67,0.7608695652173914
0dfc22e8957b35,85c3d5a1f98fb5,d3a89624ec89cc,0.7446808510638298
696d35666127a6,3aff05b7bce85b,5a9f02f6f54f9d,0.8
b0ccd41fd9a4b7,75427c9598b397,12d000d9363a4d,0.35714285714285715
0682fe6bb11f99,b05999c47c448a,716769d50afe20,0.8666666666666667
09243900bbd381,8f667f1bd3d6e5,ed1ade1cbe92f4,0.5862068965517241
7df94c0f0afc49,c15b28614f7a95,dfebe67f496cfb,0.7934782608695652
859bf91e50f26b,f5d6c9c86f9b1a,18d94965c72c44,0.2916666666666667
ce31e669ff5f6f,04f332703a8a6e,40fa86eda7f2c9,0.5408163265306123
c2bca62c311d6a,25a9a64eca529e,833ebf7a779ccd,0.6206896551724138
616ff1c1e0d51e,a9c66dc2693b7c,91fdfd124d4614,0.5652173913043478
e240c6c8cfa0ae,7837c2b672aaf1,b4b5ab76090c5f,0.4230769230769231
1a7b6ec721b8b0,b8d3f39dd41e3d,44524b61482ad8,0.17857142857142858
d9eda71f4476f3,2f1186d30e8812,7692f768280534,0.10344827586206896
06d10a40576c4a,f54568fa816538,b3129b509345fd,0.6296296296296297
a56ab36d25f0cf,a24f103724901c,1f4af1f06c5eb7,0.64
cde8128868604f,197cee89cb4002,b67463c02cc04c,0.4782608695652174
1c018836cb9104,0b00d9b44492b9,fe48959bb11c0e,0.4230769230769231
fed1b17e536fb0,8c41191d7633e9,670fab3f21711c,0.5172413793103449
3e139a90a80a40,8aefc84c2f6972,14c25ede7f166a,0.8
466601babf6321,7a1abea76e95c9,9e8e32bd8d917e,0.23076923076923078
496484a75bcca7,6b24e1404aa6a9,c6c2dc2b88abe9,0.30434782608695654
d28527a76608d0,3815cedab87b90,8d0ecc268e9da1,0.8214285714285714
1882af6985cad6,be807e031d91c7,d945fbf58a8123,0.4074074074074074
ade598573a8675,549a8387fa55e5,16d05a0d98bdc2,0.0
303419315a632d,2b460e9d0962f8,9dc4b58b621a3b,0.4827586206896552
a8f8911d7342b8,a4808f5ad0a421,e26a9a524b5e72,0.27586206896551724
8d8f06f30da145,0c059418acd4ed,3d0549cc513fc2,0.4642857142857143
8216b6efa2c03e,4d69bb24ebbd06,30d71b9572b4d4,0.2127659574468085
7ce20a44996614,476db9c5e743b7,be2a04b0f9826d,0.1875
99d07b2e09c19b,557f617c8d8ee2,edd1b42ed37646,0.8297872340425532
0fdd27d1c6d462,cccbc1e4462e83,6c39906291e4d7,0.5862068965517241
99f67886f3bf30,62b2011ff44c1b,4590a89388b910,0.06382978723404255
adc4bef9c8329e,9a598057bfa144,b4306bd98cd2e5,0.5714285714285714
e392ec0c29ba14,cd6303e3ca63dc,895a0dc39895c8,0.2127659574468085
5fe4de08a93b27,b84ee4d6f44f60,b09f2fabeb2620,0.2692307692307692
d8665716b5c664,e467306fe98e8f,cc679bbb4a3458,0.8842105263157894
0b3f9126977ea4,15bd3881ee82fd,f13d3ccd4cf5a1,0.5
147f46b6ced244,2d7e410c7bf35e,fed6f1380c70b4,0.4074074074074074
14d889a02e9e5e,9b9b0e8b72061a,aeea7bd9b96696,0.2222222222222222
4b5073b5b3a2a9,38a7d95a7327d2,f5ab5e47b73e5f,0.2558139534883721
5fd4888f2a84d3,6b7fae290b3860,32e5d151e48b2d,0.0851063829787234
e652f821657bdb,c4d61d769b5a60,7c919bf1608e01,0.6808510638297872
b09e801de31746,3300fa42a04557,56f0ac9969572a,0.28
5795bb17a5bdc2,1883a22d01cc8f,74d6f3266d6a86,0.21428571428571427
0de7f3c718b052,01a4da75778478,55edb125fd064b,0.6071428571428571
838fc58cdf4fd7,8b13756b282e44,f7e4f8cfa5a1a6,0.7777777777777778
743a8f2c417f46,13e6eef526e68e,5ba7a172130a53,0.7872340425531915
c0b005daa5498d,21ecef826c9b8d,3e57434be546d4,0.0
0b59173a417996,86b670adf10f7b,ab920759996f24,0.48
56e74b78cb9417,aad25c9240b950,af0bf80dca3685,0.2692307692307692
d0914718b0be20,de7aec66fc218b,37084b4b8641da,0.4270833333333333
44a3a0e61533e4,2622261f53963f,1bee3c1810f585,0.10416666666666667
2d4b2ba89268b9,3f662d0152de2d,5499c03fd12c44,0.391304347826087
d09273e0fa53f2,1b24938cdf62a8,01b1be8359669c,0.6808510638297872
cbf96abd9e9327,dd85bfe55dd01b,4a1d6846640a24,0.8936170212765957
9710f5891d0097,0e00c6ac62a151,50da08c44e2e87,0.3673469387755102
f93356e7e6d3d2,d6b49923073de6,53be4e344b883e,0.8095238095238095
2413c0b5f93975,4166f12ea2f784,635691507b55ac,0.4230769230769231
b44d3baf1b51ca,c62aa7b4c1f52c,1985cbdb7dace3,0.9565217391304348
df5b5c9cfcfa5b,8568388912cba9,2b76079f20e9a2,0.7777777777777778
3187f6088066a5,ec185413cac4a8,fe273da9f67dc7,0.4074074074074074
9ba3cd43c74c4f,22fe257defa281,e81d16f5c90bd1,0.6666666666666666
b07dc176947e41,c631bed98e9459,79c8fcdd4df8f0,0.24742268041237114
aa0bdc23f79bc0,8afd95330a808c,e57464db74d7d8,0.125
dcc29286720f37,93691cae1243a1,da2a26048cc961,0.6428571428571429
23194ac6c346ba,03ed3fe2ab113a,285f038baca3e0,0.037037037037037035
fb2d71e249b6f6,c203fd3cd09b1f,ac0cc26b3b1be1,0.32142857142857145
270fe55e232641,5bf15a0bd39aac,ed5c63891f4e4d,0.25
1f1deba44cfdba,fdd3745eab5e83,c4b114d160d319,0.3333333333333333
13acb43adfe251,2969a6f9cdf064,423eae8fde9029,0.5161290322580645
51ebbc0671ec21,c174e9586257eb,6af2a7925d3143,0.6170212765957447
3a390794266ef5,06eada83091a7b,2f193ed419095f,0.7083333333333334
81aa1f753ac410,28dc631244992c,d30bab4929a55b,0.9354838709677419
a6d1573c94c6fc,9bc82555fc65f2,fa8e383fd4c448,0.14285714285714285
3bcb41e2655653,de355ed1aeef5b,15c09e85841fd0,0.0
173eab0927aa08,d07401a8310d4c,9469e3da89da37,0.23333333333333334
db98933cc61409,27bf628dc6d584,77e522c2b780ab,0.5862068965517241
0a9ad05fee5a95,0234f1126aaaaa,3961a63ad3ef02,0.38461538461538464
c9ea91eb41cb36,d25704a5f0348c,5051dbf9be79cb,0.0
8c208c4c5041c1,5a9abbd8e04ea9,756fa119df2b64,0.75
2c7353cc67a849,7a8d4e21d6f109,867e1ad1d4da6c,0.6774193548387096
5425cece7d1114,fd9e19e07f2c67,4e456520f0dc53,0.32142857142857145
613888a5a49ac3,ca06bbe4f5ca0a,c2bb012b660b20,0.45454545454545453
a803efc94b2941,3bb37e1c306214,713043722b77d9,0.6896551724137931
8d780fd3298199,645dcc2ecb78ab,73fdb82b6744dd,0.7291666666666666
028b026117843f,072023cd1d1aa0,f00027e945e2e7,0.5869565217391305
f1f8db8d0a21bd,b6205d191c7154,145400bf64324a,0.23809523809523808
01aba680132d49,518cfbb33370e2,b09ad45cd6c9ea,0.8
21d2637b0a21aa,fb6fd1116fdd2a,c723bfbfa19e6f,0.3333333333333333
810277ec04f645,2d3cb5c46de9e9,0fe285fac7d226,0.6666666666666666
d01baaa88b4f51,5d475101f5b94a,db12a9ca004378,0.9310344827586207
84fa3559aa22ec,d0f54538bbc077,d6c556a5917d43,0.2
4aace6a578b957,0b9ac4097ed459,c94bf2b1b1db4d,0.4270833333333333
fb2c1adedb0eba,a45f60ce9264d1,94969f71908b45,0.07142857142857142
b1b96452615aac,557b2894f31c5f,033663fe20a8d6,0.18518518518518517
bd97493b3178a8,a0f0d37bdef682,1520ee91c3af52,0.6808510638297872
dbb21a84a106da,23e4739cd5f186,db76f8fd071030,0.06521739130434782
55c77936ca878d,bfb843b7ae7289,c71c221da86d5c,0.07407407407407407
baec951383bc5f,537fbfc47621ce,378c78dc5cec09,0.9680851063829787
1170c118b9c60a,ddb196072faa3e,5f54107e33de81,0.0
8d672daff1dec4,4cbe4ab83244da,d9418ce170e42f,0.35714285714285715
1e3d7fd7f0b1ef,13fc64da323248,ef634de05a16c4,0.07142857142857142
86aa57a9447201,b3da2b95153d74,45fa2e1925d6e6,0.3645833333333333
68c487c7d36dd2,f317cafb307a66,e433e68c6f26e8,0.21428571428571427
34f91c2d8ac907,e46797b1bf4c16,1eaa9f2ee09b63,0.2826086956521739
86387f0973d4da,ed71d669730bfc,d4c11a72fcbb17,0.7777777777777778
3caaafc3abe66a,f8f96537586c61,9832a006cbbaa6,0.4375
316595822f2a46,cc828043939b65,957cc5635cacf3,0.5357142857142857
3ee413b12297be,6646f3a26dbab1,e2d8fea3202668,0.9629629629629629
c31fa212e3cb80,009130b19709a2,5321b2d11862aa,0.9
bbaa9cba016351,0dd5f7f9cf162a,f6f3a2115c0e10,0.24489795918367346
43dee116fc7234,405672ba1689e6,614320eb5e2489,0.6956521739130435
a801b8cb75d6f5,b8c564c3f7f659,b2f0530efe6b32,0.8571428571428571
9cdbc866930996,673ad2fb4778c4,880679625d0d5c,0.8181818181818182
404d0c5047c83b,1afec6f997735a,ca46da0f95127d,0.5555555555555556
ffa5d6ce0199ed,6cd63ce63ce8a9,11a7d3312d023a,0.5357142857142857
8dd19118759c8b,18a08b077edce0,b394cfa78860de,0.5185185185185185
21cf99ca0df23b,8776c60e93221a,eee68e6cd5b94a,0.75
d63040636334f4,efc27dd9ece834,77dfae8e7d709d,0.037037037037037035
2d7641a7c07241,80fcb1223c34a6,8e9c1ae65c9948,0.1111111111111111
7e13d07e93837d,b92af654a151d0,5aca1a141e02ee,0.14814814814814814
4f6b3162d2bbd9,74995a272c9ff9,bf711ee7c07d0f,0.125
71f8e26bed38db,8775a40e72e744,e78f16aff1ccc4,0.16666666666666666
025f7037c8be74,80e0a90d689d91,fcbf611630ffa6,0.010526315789473684
624d76fbe1d8f8,c6482ce6d07d50,c1bbb22ffc5d84,0.0
cea9bb01aee928,1f3700a979f881,0fe55a65c8e0a6,0.9655172413793104
efdc49784eeb5a,269c9f65e54433,642cd43403f0ae,0.8297872340425532
2d3bf147cb37d8,3f8b11970d1fb2,11a41b344b3862,0.6597938144329897
e63d31806c64c5,269e78621ef32b,c2ed747b546923,0.4888888888888889
484959a7e0aece,ba1ddb3b004d87,5d480f8869af8d,0.4230769230769231
026e39f1b32cb1,ea13b5f290a868,3109c153ca770b,0.9777777777777777
504cc0030e687c,288f6fafa24f52,75ba12393a51ce,0.9615384615384616
815e6a660569e6,092f907210d15b,5bee9e823af78e,0.8214285714285714
dd8eb88cc02261,81e199d502e2b0,a5d1462f230120,0.7037037037037037
f156f82c0e7e4f,605a8ab23a2479,f2a09dd00c3e88,0.10989010989010989
106579a42a29b1,c26747105a08af,f44646df1a0ca3,0.7741935483870968
8700c601ee936d,61137380fe8abc,99169043a05f7d,0.41379310344827586
16b942ff03d6f0,1b1f90e75598ba,69ac0b391421a4,0.5434782608695652
65991488aa0826,a687e457d1f4c2,89380a94e18aef,0.037037037037037035
b263740e9ed7c7,065f171a35da17,953c05ea667d38,0.17391304347826086
21f440d73eb3cd,80c704716ad22b,3049937a902c22,0.7037037037037037
2535d552a36bd2,33e902407e2159,1827c29b379fc7,0.3404255319148936
7eafce34ca23bf,73b75e89dea019,5db798b3014bfe,0.7037037037037037
06c5a3d7efa09e,23716635a948d3,339d7ab2f39735,0.3695652173913043
a4324ac14a2643,46f87dd4b85649,8ceba7820cea3d,0.10204081632653061
31dd0ada40a866,d4111a453a4e63,833d6db970ed70,0.8275862068965517
d6371606ec1bc2,d29e3c533d151b,86bc5489c4b4e3,0.7021276595744681
25fe4c694fdd22,335436b6f1512f,2d5f8b77fdd319,0.21428571428571427
397d0eadeab06f,daf30c3d6f7dc3,48766f7685c9d3,0.9642857142857143
03061dbd44fa02,6d1dab81110ac7,a1e1fcb7b8a828,0.12
18a3fd2f2459fb,b23a485f1b5e7c,1d712a908c67a1,0.11578947368421053
ebb18dc1c8ecb1,e4bea6e871171b,7434daf72a8d04,0.7052631578947368
f53ee617dd10ef,c5829af103cafa,e2d3b78e2eb0ca,0.3617021276595745
985139528cb93a,9447bd84c6c417,95e2c8a83018ae,0.4230769230769231
af3913a3614478,871fb63d8edd72,a153583ccc94a8,0.56
efb7dc500c9bcd,d52e4f53919e7d,a3e330eaf58b52,0.8571428571428571
f074a75d5c85a4,520093efea923c,b87cc43ed417dc,0.5555555555555556
6654475e71be96,a0d532c9388238,1a10e764866780,0.6428571428571429
123b3ba9ec8dd7,3deeb793575f93,4c2c24f4e7465f,0.8666666666666667
353b62ed27b75c,027bd5c72ea972,e5a76377e372d5,0.2967032967032967
d590fa90452f2f,98054cd63f01b0,9d836997c9ea78,0.06666666666666667
6ab6134648684c,cda37c5dac1bdd,3422ba0f2bb107,0.9259259259259259
cdb1008725885b,eaf40653009829,d8322fdd6f64fe,0.8936170212765957
cbf40d204ba879,0dfc8a8a889e15,7a3038fe34269a,0.19148936170212766
d099172695972a,b9fafb123de1fd,1163ef974ef047,0.8518518518518519
d2df73c7d77857,23b4646c57cce0,2914dfaffed921,0.8888888888888888
9b68c4b2a8551e,138214e09133ed,fc86c8ed92ca53,0.125
503147babda60e,aa59df7f5552f4,554f59efa713a5,0.3695652173913043
ec0e1fa43e4096,4fb7c30f1c4dbb,8067d8a69b66ed,0.2857142857142857
f6c2958998cf7f,78f36b0aeb023d,44803f6037c09b,0.038461538461538464
f202615b5a9358,21f6877e53e7bd,8c343b8e52f5bb,0.5
cd1febc2b0539c,e634fe709b2d21,e2c0304960d2d8,0.9072164948453608
"9,92E+49",ea0f49f9749221,e03f9bcfb0faf1,0.8913043478260869
5a67faee50081a,31488754d8dc0f,92bcbd102d7ce8,0.6538461538461539
e1bb8a8119a94c,1460f624c3991d,04f23e513865f6,0.03571428571428571
a4d7b61d6ce516,8c39e230c6acbe,432d101a4b67ea,0.8888888888888888
b9070528078dbd,6161beedd994b4,70fcac48473c1d,0.0
ae9a8362525b5f,4c1865821f7a06,82c6f1f9a23d2e,0.7307692307692307
506e3327eb71a5,13d071bf2832e9,ea827867d6cd6f,0.19791666666666666
e0c56487973822,290940a20b454d,8317c43b7d3927,0.6105263157894737
8e2084ddb7c165,b68f3e481a50ab,ee0790fd542a4d,0.2222222222222222
cc440c7c37b680,26e8fef1ae193d,215fd933cb2060,0.18518518518518517
a1c1760b37932f,078b1eb3051177,60bfe3154c357c,0.10714285714285714
c6cbb3b3a9c32e,3b02dcb90d0da0,f3d992cfa59d93,0.8556701030927835
972a9ef495ae78,e915728a7d5f77,265abe5b80b3fd,0.32608695652173914
6fa0caedaea06b,29aa95503dbe36,3911ec1ab44252,0.8571428571428571
70b92edf3493ce,bb889d07157a19,e54332c06f648a,0.9230769230769231
c204e7496f8355,f466060fe3a953,a1ed3a586c8967,0.9230769230769231
726fac2c72d37b,1479ff9cd0b246,b89a144edc1619,0.7446808510638298
03a089182f3923,8449d2869c3ade,a6fe04f6d22b70,0.4642857142857143
56021fad68d87e,aa57117705bae8,f6cbbaee511ad7,0.3076923076923077
b7d80c0d3a03c2,c3323b40a94c74,3b989b6f776134,0.17857142857142858
9bd5014ac6b72e,b8786d5dd8cbff,3f72011e3127e2,0.17391304347826086
1be198f8c17bef,bd1dbde052231c,e343fce55f84ae,0.5434782608695652
4d041322c8c093,354a3aa1f4f0dc,a957927918a80f,0.5384615384615384
4d9604fed8b53a,92ff6f653a20c1,b98c5d9f4b72b2,0.3103448275862069
fbfbf6f8169216,9f62325cd8e6e9,5036c9328f0170,0.2222222222222222
a8ffce4fef54ae,6ac94d8030c613,a7691016d8c802,0.75
a9dceef1aa7851,e07822c3f3a80f,ebb21658792f5a,0.4166666666666667
64e25c87184a2a,69d66b0549a628,061894ae727d08,0.4074074074074074
5a4ca781ab0658,cdb520ddbd999c,95ce0042306144,0.34615384615384615
15f5bd13e77548,d9aa3db53e53c3,0598cd2b027dab,0.08888888888888889
9376d1cf3a7d4a,dee2fb381acf6a,c2ddf029bfc7ae,0.2
9d93549e7690d4,69c50aec8776c2,4f2cd8bdc28bdb,0.8928571428571429
e9460f4e502e10,ab1156211e88f4,49e7b113f8ee56,0.30434782608695654
827ddd2540d345,aa7a83e76af8d5,f6a4388e7de4ec,0.9615384615384616
374f43bae5809b,a2c07576938d11,ee8643ee1435b3,0.15384615384615385
17036546b54ac0,f03373b24b4fe6,b2dafefc9c5e3e,0.0
2a542013bf155f,f84a0bf13b1d62,1e1bfd1b01f58d,0.11827956989247312
a701841a3a05b5,be0e23a4c8a61e,b79a63c52cbde5,0.6296296296296297
408e29c31bdbd7,df0b66d800d091,d784a99970bf22,0.14583333333333334
e4b41a738a862e,bcacc4b0d818f0,580c59ceca028c,0.8461538461538461
74f5ababb93942,52f5efa0bf1f25,8665f5a43e1186,0.6122448979591837
6f97a66fa890a2,4f4bbe3686dbfb,b15a0a44b01d39,0.4791666666666667
6a39a71a53014a,2a6261b33a0216,3e66a3e93f8490,0.5833333333333334
796812efbd54d2,c448d7acd679f6,c085f07b4ce3ac,0.4186046511627907
0e807de42836d6,795778d6b4ba24,993ce7e2f6a9d9,0.9387755102040817
3a5cbb51630c89,4f966218ccd0a2,faa6b72433c996,0.5869565217391305
6c2f83d0a70514,6f62f7db35264d,b02007b66b2973,0.15384615384615385
c20f30b8477006,ea976652345889,d30908a1d8b81f,0.0
32af5e5e120c4c,727575e541d65e,f84a7b21a7a950,0.06896551724137931
7a910e618e5887,1c873094187c23,ab694584bf0e5c,0.30526315789473685
3bb893ea2596fa,5b8b4599fe166f,c48caec4e33d8a,0.8888888888888888
bdea09eaf599e0,d9ec92c7c2b423,76818a2fd2a4a4,0.9166666666666666
bd43a0116caa92,e8fa503ed482ab,1cf5f08d9e5ca8,0.06521739130434782
d2a072096eba3a,06830c1fe689b7,141f73520aa063,0.2
00f1b4238015f8,ea3512ca9da08d,e4e185c741668d,0.5384615384615384
36aeb1d3eef263,3dce252077c8de,8801f5d75461fa,0.8275862068965517
2f44b0be01692f,f47e0b1399e3e9,144bb22e29da34,0.5217391304347826
d3777e08d51987,9cd13a93b9992c,be57126611d0d0,0.10714285714285714
ac3ab0c9e17d21,a90e4a896f4961,02bd929fc4ef24,0.7857142857142857
690be900cb34bd,291bdb80b43834,c904fa42271814,0.25
cf65fafbbe579a,4f1a88fe43bf75,e1409923aa94b6,0.9032258064516129
d5526488b66b45,7a89f211e4c97a,307612a7f75f7b,0.8275862068965517
2937fc9d9b7188,de28492cc50d96,1f0fc3e56ad27b,0.4166666666666667
d02fc7f350b62a,7cd52262da0da2,8077c6b8997625,0.5769230769230769
9c8f59ddbf0a61,488e4d4e69812f,82df864a17db63,0.8846153846153846
ede2e690b4e6f1,4676fc082357d6,6e2a4e4e21b403,0.9230769230769231
626caec08aaa59,b14a9f1ff91ef1,4cb2d9706a28da,0.14285714285714285
927a5c6675fad2,b9ad89e376a14b,8a60473b7f6ace,0.896551724137931
99893d20e4f1e0,4747b678b57165,c7b8c4a47c11d8,0.4642857142857143
dbaf1e652d0238,c283c6e2d10ca1,3c79f8ae950029,0.7142857142857143
f563bcabc1f163,4b3e4e5da40eca,f2f968c50f180e,0.9565217391304348
97a0e1de4053e4,c81c6f4de6c20f,3247913b520074,0.8888888888888888
a2fc29834356ec,c7b3ba85cef1a0,ea7592722355fa,0.723404255319149
c2faadb2ed679f,10c13e25cf8e58,8611fd681cb356,0.2962962962962963
eb0f5d01f264af,2fb13611f42dd1,b21722a3c35d1f,0.8297872340425532
51f3e40d27a1de,fe66b4704196ef,f8bd3644b50481,0.27586206896551724
7505b8270c7782,ec9d9a466f8afc,6c39906291e4d7,0.4827586206896552
fc747081a5eeaf,8892618d27fb75,410f5c1ef71905,0.8076923076923077
f4136892cfa698,09fbe9b3647c02,1a2bf50234c2a5,0.75
c6c49375662d17,ebfe95deb1859b,52b575e6a44186,0.8974358974358975
69551603f8a7d8,9143e1c9492814,9d0e33e41eb681,0.23076923076923078
9c71b27f9b9917,eb3b6a25e348eb,534a7ef9532324,0.9375
d3a22b7d55f542,4babb5b2d9857a,9052f3f3ea2c5b,0.9333333333333333
0b76c32d1bb798,e88985c15dc15e,fd5e1457a23421,0.9655172413793104
e9d9d505e9bfdd,a80ffcdc11e24d,cb056811f4056d,0.6785714285714286
9bac4a88e2ed70,36905203f4c6f9,cced926d8e14c9,0.25925925925925924
89373611a2af13,0b4f975b120698,625afb893af8ba,0.3103448275862069
228c8a445c277d,33b61efda5b58f,c5941520eaa03c,0.06896551724137931
034b718ae9edb5,a594c141ae0fb4,62dd3792e5e03d,0.0
29e64811f04a9e,54b54b9f42d293,c3a292ee51cb93,0.8260869565217391
41c49122f65631,bca37cb5ee747e,de316030012559,0.037037037037037035
aed36f70855542,e4a6820a85322a,54f8b7ca2228a7,0.3225806451612903
ee0b07aefb9614,939d7da6fe614e,79a0f246fbb092,0.3404255319148936
1044cfad9a424b,37f0b899ee4d96,3ce35940602624,0.5769230769230769
4bcef686e6f562,226070989e7858,6d86e215c37001,0.6129032258064516
5c2521d93b3a41,96edb2720a1970,9a8e3e5ce0bd5c,0.10714285714285714
ff1af62eb2aa0b,5aa5cf3689b27b,b85b16d2316bc3,0.19230769230769232
b09b68574f9af4,b65f9f9b304d4f,d175c0e4616dae,0.8229166666666666
e46c4e44c3c77a,8bf94d358bdc03,4d9f2985db9c2b,0.5652173913043478
56f068e571bb6a,a971e3d0b38234,a275af4d95f181,0.8275862068965517
6fee9012ab85b6,7fd2d402633011,607f7ea21850f2,0.16666666666666666
458a72d788e64b,4f26aa70d680c7,fe07e84c51fd1a,0.03571428571428571
ea347938090cc9,65cd65c24a5e03,10cd8da2019d5d,0.2127659574468085
cd9f74c0eb9088,c7a8a66f5da104,4284970ed0d47f,0.0
68b5e9b63d04fa,1767255ddb5b18,da710cb68af70b,0.8571428571428571
c436b479eb47fb,47b7d323b4fba0,8067d8a69b66ed,0.5357142857142857
6dc1a3fb712acf,d4045d6da16afb,3314718356b1dc,0.8620689655172413
6ffe9a65ba56ed,a6e8c8a6192c44,5c6bfcc834eb73,0.4444444444444444
a067acc77123d6,a4f21d349a1f83,1d9c7c481aa30a,0.5555555555555556
95ac5e9c5dfeeb,168029ab27c6cb,42de5baff6ea97,0.6170212765957447
40ed4e41eb85ba,a7e3c92bdfcc78,949dc3fb1255d9,0.44
5665bd14bdfdce,844791ccffefc0,cf43f47338c6c7,0.851063829787234
713950eaaab9c8,f7954701c5628b,4f87473e97335d,0.16666666666666666
e59536ac60fe15,aef4430689efe0,630dac7078bfa4,0.9655172413793104
1b13f15252d01b,8003a9b4f9406a,7ace92516c0ec1,0.7659574468085106
6664357af71a59,a847acbc722984,d7455020bbbffb,0.8148148148148148
6e89e25d054bcb,b2e68df0f587ef,74529880ba5ef9,0.7333333333333333
29f17edaa1af22,657baf140d8b5b,ca121d4bcbe979,0.07142857142857142
da953ccfd012d7,8417274bb0c372,e7de404683f035,0.4827586206896552
"9,57E+13",38842f9f33517e,162b1d4ae73c2e,0.8913043478260869
e5c8005cbb6a0c,6d39a9bba33298,4b7af40aeea375,0.7307692307692307
679dd5bfce9e67,41ab90f4e87a92,7a8afa18a288b0,0.6521739130434783
95c095f828ad03,41fe9163d4867c,b0869711a0534a,0.4020618556701031
c61735053f3c3a,1aa4e276c72f42,9d9b6a7d3708f4,0.3333333333333333
80f432ad1f0e95,a378272124feb1,2c22136387d35e,0.9387755102040817
10f093efdef048,ebd19d0b5db7e9,3ab2395b9ea00e,0.13333333333333333
60045002bb67a0,8b4c6d8901ff64,6fed867b43da7b,0.37777777777777777
0d6dbb24f7701d,a28012f8b8db03,b4a3dc684ae118,0.03571428571428571
be51a641beecb3,dfd9d966577ec5,19641c7493fe90,0.06896551724137931
bcfffeadf74611,e9e0044b374809,ef26ec284ef443,0.8617021276595744
29c30d9d1377fc,a51bed8c94a378,33eeec421e8bdb,0.8214285714285714
10792160551def,10270fb99bbd34,cbffc8625da3a1,0.34615384615384615
1c7813308d7527,e6ed00928fe0a8,054ac30b2be68e,0.25
2e9dd59ac76bb8,5be5eb8f84ef9e,32ce9b156330e4,0.59375
f481303e964226,f953bfe8d7689c,74f790a2de2830,0.05154639175257732
d0cf9c9dcb1ff9,591a3f93601b71,a9ecd8add0a384,0.8076923076923077
dc9d3eddb92599,39e7bf18187d87,4743ce8d2ba4fd,0.42857142857142855
1f7f08f996e612,0e175950fcff11,716e871f5653aa,0.7777777777777778
3c23b4a6bf99fa,5930f567bafe90,d6ac7ab8a8c66a,0.4166666666666667
35ade1b0d61af9,172d53a4e53910,fb1c490d59b99e,0.5578947368421052
c4c5c1b493eb3f,e07d858066e342,22e2c377619d2f,0.6428571428571429
0f08fee00d9019,dbe5b953ea2f6e,2932809e497b02,0.4230769230769231
09376c4f75b060,4c5d3b319be2d7,a18303fc01fee5,0.7916666666666666
96a13e85db453a,8c93f3a1ef8668,1c7e121ff0195f,0.8518518518518519
b94ab52162c624,f747cb97c96400,7706f6cc2eeb5f,0.92
d0166a892764a5,41cc08c1b7e55b,bb1433e169a9cf,0.1111111111111111
604358a97a20db,34353b36357788,e34aed1aa3fc6f,0.8829787234042553
b579351050aa35,87bec48f3d7ad2,9975aadd80fe88,0.6631578947368421
1125ead678072f,8c13f7d12110ae,03063270cd576e,0.30434782608695654
c62832cf5ebf47,a731e7cb65572d,f250762c00f5e8,0.0
0a39eace1ad9f4,8c2d1c7c65852e,e3d0ed0076b81a,0.6666666666666666
40f3963023eca5,cce5725b2e77e8,06355712e98a01,0.7407407407407407
c21f0e23849ad4,58ed1193e58fb4,a78a54aaa38913,0.8539325842696629
6e807a5562dda2,396a6f778d5425,7a49862569fc5a,0.625
832be7f281c4d1,e8c3bfa1382910,3eab830df46843,0.3191489361702128
df740f8fe20cc1,629b776082d396,002ce634b7862d,0.5268817204301075
e5e4fd5e076396,048e55a5357a0a,04e579ae76292d,0.8928571428571429
beb97198962b7b,77e6f2c2104dd0,f1851568e1f16a,0.6071428571428571
71420a0ff3ffd7,4b63dcf5fc3f81,0bd9d48f978c49,0.4642857142857143
c8af185fa72a7d,f199b34664fb0f,309c766c11e792,0.14583333333333334
59d3618d0d11bd,9b2ef2c1e1c242,63a7586aaaf594,0.2962962962962963
b6f14bfc23c2b4,0b485be1699bb8,7453878bc85703,0.2564102564102564
3d44363a070886,6c571145e3eb41,f2fc7bc073836d,0.18823529411764706
ad725fe2367f05,0dacbbdf3b22d6,9c7843881e7723,0.6428571428571429
d4d6e4526e37e9,58d3585041e83b,a046d6086bec52,0.5925925925925926
ac606cb247f927,82446eeaacd0cb,e2959d62d2c26a,0.6666666666666666
cab223d06706cb,5f5c67087d45d0,10da7658445266,0.2127659574468085
cc0b7321dd6db5,f3b5fa996cb61c,3269161b3287ad,0.2222222222222222
cd9bdb0c6cdf8d,104759c14c91b2,582bc0602547cc,0.9615384615384616
fe23407d59837d,91cdc3e69213c5,d29bae8d8d606c,0.9787234042553191
00261954d88aa0,85e34d996da1e1,a0a4f8dd92aea3,0.6122448979591837
f7edc0ffbcaac3,0708afc3aa9b66,671a615ad64e7a,0.48
82d23a352d30d4,7193671ec695bf,49957c39c894ba,0.9042553191489362
6ff125a1f57997,2e31ecdc2112be,3971be5a31c9a3,0.19791666666666666
ffbf3d56d2e764,6c0c12060fde39,25e7e10b8a6bd4,0.46808510638297873
509301d4ed4649,f14b2c18380e1e,e1b348d3d99ac7,0.9285714285714286
317cc7e1a13f3a,64c2704dffbf26,2b76079f20e9a2,0.037037037037037035
01856e01318c68,bb18dca7b0113a,eeec44744753d0,0.16666666666666666
125d0cb3c20a4a,e9693a4357b7fc,8881e564342edd,0.8888888888888888
cc26b04205fb02,1264ab6a104c8b,4b986ca992638f,0.18181818181818182
e6c734e5106681,3ba534a7a2d878,c217e101b36bfd,0.8846153846153846
c2f71e0f91a299,4015ffeece5669,a36c9fb828c71f,0.25
ea314ecbe91f77,55abcf8d9ca3ed,d93aca03f122fb,0.2222222222222222
cd850c435798eb,5bddf74eda0a94,792e2165e21af3,0.64
d7ee32a1a05613,31fab40d2cbbd7,343755bc284c79,0.5638297872340425
e2ca683f1ae2b5,649abac4b29c7c,bdd203fe662a61,0.03571428571428571
d6c63c6bae8671,e8c32da407511c,9e2dedbe5fc56f,0.6526315789473685
25a878962a8eb2,7ab0869f2cfc38,4631787d0371fe,0.7857142857142857
67e8e3279e7ffe,27a2742b3aac9b,ded8eed912fe33,0.9615384615384616
cd1e3831f8499a,f086e1df4ef462,0016b1436410d4,0.038461538461538464
1d954b982ecf16,f1afcf6870f7f4,8b9201b6ea4794,0.37037037037037035
080d7266efb03f,5bfe689a5c69b0,4b4828561be7a9,0.34615384615384615
bc60fb4de99f04,26415776a5c3de,0263f22062f722,0.0625
43c0d52acc77ca,6fbf37bebb0d13,e33da1e5e4b9e7,0.8928571428571429
56bdc2b5458be7,1ccf2832288b61,70669932ab1ffa,0.037037037037037035
b679ec2b8b6b24,0a01323c6a7559,11949a7023c5a4,0.8333333333333334
6e685e0531cd57,aa032a07ba5a35,b2bbeffb1cbf33,0.48936170212765956
0eadd092276a14,35d6f67c7a56fb,ca6cbe11927ec7,0.2413793103448276
c33a5f9b32557f,571b5ba5a87562,777a7df83b47aa,0.7391304347826086
6b440d56f53528,31d510b3d11473,9f894c90e1acf2,0.07142857142857142
7cd25b0d7b6e5a,ecb0a404b0b16d,0b9a1c07be26ac,0.10638297872340426
680a486abcce90,1d639142b9ef0f,50d6b0854091cd,0.19230769230769232
7880e30a888dc7,b3b42a9faa696c,c7de97f1e32976,0.8333333333333334
3ae67874cbed69,c36476a4dcd6fa,a302424ec8427c,0.6551724137931034
c3be5666d182c7,9b969c84365d1f,f8b897d836d749,0.35714285714285715
8f0f155b314fd1,c1285e3e479436,eaec3f65d84afa,0.08163265306122448
58c9fef7d91e55,c483117ee5e36c,f6fa9b59ea331b,0.35555555555555557
a96ad153af7e4b,750612631c6d19,2f8d621a798618,0.13636363636363635
24a6af02625b3b,43a92d963fcfae,b0cd6e31417820,0.6153846153846154
dd499481d7d151,82dd5b2edda821,f6c1fed35241a4,0.35555555555555557
7bf4a272d47340,9460c30b1187cb,3e5d469e363000,0.5957446808510638
553f7856df9155,2a7d01840ba1e2,8805dc41d9c8ee,0.6590909090909091
6d9f774f1f8150,83aad4ba9f6e34,e805f7f3cb0f2e,0.9259259259259259
73de6b33ff979d,7b9de2f85b3afa,33eeec421e8bdb,0.8571428571428571
f5019f4868b806,147482d8b5ce29,200530840e9786,0.8775510204081632
3ee11ede21b073,6766d0552bfcd3,694413e3413f6d,0.4845360824742268
252c33e9b857cd,d541c5edd2cd7a,183e7a30d5a9c4,0.875
52d7a6df483641,6d45d1573daa24,fe435189a0d6d6,0.11224489795918367
0fc74eb385feb4,58211b54129494,8d047baaf199d8,0.06315789473684211
804ab362b868bf,d4aa807b0c3143,60d77762fd8861,0.9139784946236559
d8f829ae14d913,9b609ead492289,2933a2bad325ec,0.11956521739130435
cef9a6dbe4cb77,c48e5d050bd97d,cc625395f2667c,0.07692307692307693
f1773db2f2c953,0f291cf90004a3,1a2aa86ab2d357,0.5760869565217391
b92e5c3d578af7,2087ca5fc8390a,e448d084d40b84,0.7291666666666666
2bb5a593357cda,d986b2d6da44b1,695f201ef326cb,0.2962962962962963
02ea69875eaf82,455f69317e892b,0a67756b8cef4d,0.39285714285714285
166221ae0bd034,f8de6c38fa406c,53450be3e0b47a,0.3404255319148936
e6825c887c90df,f9c7c527775030,10a3fd78f0304d,0.06382978723404255
06c7fd09a8a8a3,01d808ebc2ae1a,ebf23daf104766,0.7407407407407407
74d723e8ad378e,180efc5a6c055b,cb781821aac6f3,0.6739130434782609
379c7c8e4b5ec4,8dbbfa2571dffa,b06a37edd10138,0.0
8781e008f94d92,f53c41e3b29221,24a3c8cbb609d8,0.0
45dda6d58733db,db96fe1447943a,ebb4955f43ac50,0.8125
93b59a8435f834,f7bf030186de3a,8c58c3a6ed46c8,0.9032258064516129
7c5378d1fa1ecf,7f770b25019b33,2e1e87d7fcbd36,0.9148936170212766
34dd32685e51b2,7f0cf4e2f47502,8f2bacb1efa829,0.5625
61c15cbbcf0dc7,a581ff74a0c9ac,8dc2e32ad62d43,0.0
1ae64b0e23dc00,d7c7919fc1bd48,7cf5f222dec52e,0.4482758620689655
20dd975b22de8b,5c670c662ff821,b5a3bcab534d37,0.30434782608695654
cd8727952a40c2,87383d4e27c82a,d099f83842e701,0.5208333333333334
d63c98e99d6956,9d89d7e860b25d,028a232819d30e,0.0
a848901415b84d,3e9041f9c57eef,4e8e85369e6e7e,0.5806451612903226
8903681df1d826,bcc1b68fea6f08,1d6a8b1f5a0a88,0.38461538461538464
dc0cb8f5a8603a,773292d852411b,155f53378f7b8b,0.7317073170731707
387a48078cfe13,7c9158d75d0d9d,82dd67a1d41b6f,0.43478260869565216
140b61781bd0df,b5e8da788e045f,83150511884ec7,0.6428571428571429
e45d4724940507,3a8243d7e2a193,15a8b2f063997e,0.1
d7fe5698f52b06,493477d0eb032f,8e10210b210dc0,0.5652173913043478
f2dda55724b9a5,73107cd264c1cb,3452a06ba5127b,0.17708333333333334
c69f95e6126bb8,83c678a80febd0,8299a53313ed33,0.22916666666666666
3d9743007d3787,3e6465c6b483a9,8ec4db7e2cc2fd,0.7037037037037037
99570500ca8e74,d7d79ef556f9a0,c8220c329b809e,0.46153846153846156
b48e4a06fb3a80,52934e8fa9664a,33e5c2df362cb3,0.43478260869565216
e35dcee1daa808,f00d6c13a843a8,16a6b0d4e68e6e,0.41935483870967744
914a135ecb73ee,c21ee74b64acd9,b40bed56ca2c6f,0.4888888888888889
3093df7c6e30a6,fe0443283d80a8,d9633237a43c8c,0.8444444444444444
f0d28c4aeb2a45,7078582495eee5,7a3038fe34269a,0.9148936170212766
d5d8703f10e82d,24be7ee0c37c1c,bed04cb1ac9140,0.6875
daf4c83bcf9829,d33b417a636477,fd9b1ec3006906,0.7052631578947368
88b770261130f1,04f12308bb976d,ee4a21733fe72f,0.27956989247311825
1d2259ae93c5d2,0b527b126e515b,e5e126215fe4c7,0.10714285714285714
34e03e3b5de52f,474d1299561e20,28ee8bc9bde083,0.14814814814814814
524debfe02809f,81a23b94eb6efd,95fbb0401a345d,0.8076923076923077
1f4104f3f0625b,902869687843b0,368e91ad4f7eb9,0.5208333333333334
b0efc44e5cae66,aae2018cc7c77c,3b179c6494fd1e,0.2413793103448276
f4b6b7dcb87774,347121bb4068cd,33b97c96e47558,0.14814814814814814
ec8fc5e7a597ff,6872d99d8785a2,b88f8884c46b52,0.25925925925925924
d5ee8ff80e5315,404b69b062df5d,35986c1f821635,0.5357142857142857
d41ff8f69d2baa,037ad806382f45,72218ddf9cb03b,0.3191489361702128
2182d0cd0cae98,ea71ee26642685,6aaed66c15526e,0.5157894736842106
d7bf5077f0462a,5e28426d4aab23,deaa3e479473f9,0.40425531914893614
6a371c5d939269,d1247510e14f83,720d457bef76a0,0.3076923076923077
d0f944d90811d0,c99c799620dd70,4fdfc228858a02,0.2826086956521739
60179e99ad2db5,234d4223c3f975,bfc69aa65dc1d5,0.8631578947368421
d9da5af3fde4a2,82a5f8226249bc,0cf51b63f608f9,0.9259259259259259
ff57d25d7613d7,fc843801a167c0,a3c10664bf7069,0.32653061224489793
f9169e8b8fe72d,b2bba71b57be04,7f4bc1d40e6218,0.11538461538461539
12b87d85235fd9,73079dddc1c8db,ad045f78868694,0.8617021276595744
d29bf3fd4da2cc,d423944e1a888e,7bf951ca46751b,0.037037037037037035
40efbaf1d7bd87,4c6b32eb5f9357,e93e2b5fa322f5,0.7857142857142857
cea715b96e97b6,eb6927c17f17b6,70440341791fc3,0.2692307692307692
a635ea997e6a86,72737be79b4433,1689252765efe9,0.8210526315789474
a3d25d4c5cc7e6,4c0e4e2bb6025f,7b186894396f63,0.0
ee900a46885243,59b56949885b4f,8c86ce3d614be1,0.5
8d56a115f8eabc,1c8765448bfea9,db513bf4928956,0.3368421052631579
4b9e479ba99ecc,f53eaa57bb65ab,c3211a7667df5d,0.043478260869565216
d2a68cadd29942,2744d721b46b7e,2a7f2e99fc803a,0.6
c1f0527cdc4527,b620b0195116f5,cc39b1b245d734,0.896551724137931
7c8035d270344b,43a940d4a38239,edc330e8cc87dc,0.1111111111111111
a64cde71c8d588,ccb4aadce0b4e8,bbb516a67f8aa2,0.5833333333333334
19bc3d506457a4,f6c63fd5c0dfdb,e9e63565f784fc,0.037037037037037035
5854dea5fecf2b,fa02cf11929dc6,d153d355fa867c,0.12
ca31d180265d62,e3f3b02ba90f78,a63003016c1668,0.8958333333333334
19aa9f4710a6e1,c18a2a50b8af1b,bdc00ef3dc5c8d,0.2962962962962963
becfd5b7b2f12f,e468843491e590,aa4048ab966a91,0.8043478260869565
be55e8c31f3dc5,a5725e34bdd874,f0476971924a32,0.2222222222222222
e0babf62159c33,b00e720ef7bbf0,7acc65e17dde4a,0.37037037037037035
3ed93ca17bd536,"7,06E+19",55e71252fdc373,0.5769230769230769
99027dbc33d968,d2c3837b709de8,1ef28989327710,0.2916666666666667
5e7726f3d1db02,11478cce4f4fe2,ebed0782b5a38e,0.6296296296296297
b6c17eb93551cf,1810630e0a7d62,97bfceee9d0ac5,0.9285714285714286
4e4901241f7a89,7d60a7bf976d69,94e97b4f195050,0.11627906976744186
638d8b6dfc89ec,5bd8978f3094ab,4b9f90eaf4290b,0.1111111111111111
2231fe4b8ef512,1d14bf1b2140c6,19b3477af45236,0.3595505617977528
b5659d8dda4bc4,50180d63e9b9e9,eed85e5046d87e,0.9333333333333333
2320a350daee72,9c0435692d4a84,89e9f2d3ca4d2e,0.3
b3bfc0fbb2122e,264c910e66cf9b,1f04483b6b4630,0.5714285714285714
2e1c991d05ff4a,405530b41fdb2c,89d43b6268ed40,0.76
d6ce961f5d248a,ad9bb88b24e3c4,e3cb2a951499a0,0.125
071b805cea7456,31cad336e04280,8f048839f47f30,0.020833333333333332
8c2de20089838c,f72a0084ce392a,6de93b79d2487f,0.8846153846153846
fe5d3c2e8f2b3f,1741324041eb9c,454d07007abc97,0.25925925925925924
91ce82387dff4b,001ac49220d67c,935891b8d2da8c,0.037037037037037035
2a274595f384db,f03789d31d0e69,6890fb6d456c35,0.3793103448275862
2e9f5759741633,cf0f0509fdb369,9b2ff639bd466b,0.8461538461538461
5f83cc87b07c4e,4123e7f978162a,eb95a5576301b9,0.07142857142857142
79120d2e93d3d2,685edb1544db9a,12aea10b6e5b5c,0.0
34dd5ee8aa0596,65cab71433b7e9,072a5798290356,0.8723404255319149
9a50e27e8cf25c,7c10e3ddfec4c8,34a778a98a7029,0.04081632653061224
9f849e709193a7,52426d0499128b,d0b5bdb233cb45,0.6551724137931034
5a769c01ddd246,f3b6f14e1f62a2,f24b3ae1a3cf2a,0.0
769e6338fe6bac,d859626ee5f304,7ea78cfe56cd2f,0.3333333333333333
62df7a30a2d274,c906c867391ac1,1ce99f3aca4808,0.3191489361702128
769b86a8df44f4,864c43f4545c71,e2cd7533384424,0.30434782608695654
03583f29b08feb,6d6b6d3bf9d47e,f5de6e6289540e,0.3076923076923077
63eaca354e5da8,271efb08755518,d1b03a1992bd86,0.2708333333333333
4efec03eb487c7,59cc723a9865bd,f9442fec9f6e9b,0.4444444444444444
060cfbb1d0ddcb,7d5f1043b5952d,44658f645e96c1,0.776595744680851
5c075ef3a3496a,ec7fe7bb91c1be,cae0ec60fc9dfa,0.8421052631578947
20196c01755547,6bbb126b21049f,390bf53beb3283,0.5384615384615384
754e989158133e,07848d29a3bc3f,2a46a722cf5960,0.875
32ce10cc8b9b4b,48433a8f179b1a,b9328f26086745,0.5185185185185185
8513309852246d,6014dc392d8f1d,65961e6902f9bf,0.3229166666666667
a667440abd9f5a,4d0c78122b002c,5769f3640d83af,0.8125
faf539f1265629,94c6ef14e4f4cf,902da6b5846c74,0.574468085106383
a4c7167a7f8345,aac0ebbb23614b,ad992203a4b385,0.5714285714285714
6546425724b350,5ef05c63615aa6,6240f7ca34028e,0.06896551724137931
15ab9ea7fbef30,90af19f67b92c2,40aca616a98e7b,0.2127659574468085
83caf0116e56f1,9cb2a1e9714ae5,9a300db4b2ce37,0.9629629629629629
0295e627c58475,271e6ba0102527,57cfce0f4dec32,0.1111111111111111
62ff9a14af1862,978a6cf7509fae,e2095b14a03b09,0.07142857142857142
0b9636a1c46843,f272831dbd6bb1,738a62a474760b,0.03571428571428571
20a5626fcb44df,2cf692e3066876,3240c71b60b6ba,0.6785714285714286
c0551142868f8f,26bb6e4701d6bb,95e335d2896070,0.40425531914893614
3ad05b150ff192,5bc2772a7f346e,20016dbbdc88f7,0.4074074074074074
fcb3d3c45f6094,afa184df8d0c24,87c536c6804f14,0.15384615384615385
7acdea8bc0cb45,d9323db55ec386,1ef5579d62f3d8,0.2962962962962963
fec2d0234d8900,dd6377170abe28,707c08661537d0,0.9642857142857143
21049b1c360f1a,fff75c94f9716a,f116b38b248085,0.8888888888888888
a4fddf8cfa6956,7814ec2c165ba5,5622750269410b,0.3684210526315789
19b38057ce90b3,14d26107e79648,0d5ecb200dc0b0,0.34615384615384615
131796edf46765,6dce7868711014,37dcb80e8c407d,0.9591836734693877
b3aa34066e946c,8a0b28c62048e1,9ef87871230008,0.6071428571428571
6dbca401cd74de,d7247df101367c,46a811d751aaf6,0.5384615384615384
b42e2b77195b60,4900efb5934ed0,909365f44f8b4f,0.6538461538461539
f11ae726c65b2f,6e27a3d7bd07fd,15cef1f4615b59,0.5172413793103449
8a3dbeac6ca506,9253d6686c9c88,ab694584bf0e5c,0.9157894736842105
65d742f8df4902,151f82dbf4733c,c58ab3129a4c20,0.5111111111111111
ddf06e95d1afaa,468a50f68b8898,7cc269905e6e04,0.88
f1c2549e37a161,288f0bea09fedc,56671b3bcbbf27,0.4782608695652174
01b73b661f8eb5,33458607b07d18,728dd7fefe0ff4,0.64
33531003be816c,6d49774a269ff6,2447eea26b0654,1.0
78066a9b0383e7,78eb9b442d72fc,a44e2fc36ae9cc,0.72
d526268cbc14dd,41e15db8e0c334,55bc53791773ce,0.37037037037037035
7589733390a242,bbc0de06ea05ec,638a51b913e8a9,0.56
d03650b95dc3fc,0ae805b6558ae9,58f22ba7823bb5,0.38461538461538464
e099e61b75df52,3326563c6ceaf9,504cec11ffb5b9,0.6458333333333334
1e1e40fc62c894,55d26fbd4caecc,a23a7042342c31,0.037037037037037035
796bcb3616094c,df36b62a35cd31,9e141f47d64ca6,0.35714285714285715
37c760ec85e511,855fe938de62ca,824f39a0123c94,0.20689655172413793
cd484d3e2a542e,b0ac692f16ccca,2d5bcf455408a0,0.5106382978723404
601f0d74b51558,c660fe887ef9ed,1492b25665e280,0.75
5298bab96b8aba,26574d3e15a9e7,957cc5635cacf3,0.07142857142857142
3f00a96483a554,d4291ad439e15b,a47ea3b9a0a140,0.5925925925925926
2da61c70b088d8,a0f49b48612dca,4f129d85861c8f,0.8260869565217391
808474e48e49f1,90138ddc662cae,58953fc1329513,0.8148148148148148
61bd5f4bf2be47,bedc5abef181b1,d0591d65d5ced5,0.37037037037037035
76a86b6f8de633,01866db0687f0d,581e05ece6932e,0.5384615384615384
d806d2eb477532,aa9426eee924d6,f1cbb29da55425,0.41379310344827586
a8ee212ad7989c,7d3d2b5823dc76,a0c0fd5f0e1207,0.4375
54b48264c4af80,48fa0e2dadf474,53bb79658c985f,0.6666666666666666
e8e4a3ff71f5dc,80589dcac9d12d,264080c047d42d,0.8846153846153846
d21ddc0f29dcb6,f5d0b4b2ed7667,86e53b407b037f,0.17857142857142858
327bf0936d5bd0,8baea65d45d8fe,968726cd1e4db6,0.6382978723404256
6414dc0e524bb3,d8365e3dcadbd0,5a2a400cc92eb3,0.8928571428571429
41bd6e354bb42c,a1e39245369b07,e6c778aaf892d0,0.2553191489361702
872a8209f379fa,665bf0cc3a0762,864f81a22a1fa2,0.8723404255319149
5772a90e465970,dde86596429fbc,5f1bc9ec485742,0.6666666666666666
989269163e5879,d9eb954870c353,c194a8e60262eb,0.6071428571428571
09086bbe51ab82,796213d4a3de6c,26575d22f717af,0.1276595744680851
cabd7b2e669556,fc9792d81e126a,079e02c053fae3,0.25925925925925924
743b7cda1fc463,1c58a866e9723e,65ea9feb949836,0.6071428571428571
dc23c0b9c51341,f55461d35d96bb,02b1a92a3c7cac,0.32142857142857145
fc8a7fb0b6a722,021a8f31401454,142e2b8e5b35ab,0.11538461538461539
6ad841dcb7b6ce,019812b14256ae,6b8d86d2867ded,0.7307692307692307
0bce9b5cdf5039,1f75018a468dd7,8546d3d4d73146,0.14583333333333334
b44e6f51a597b4,ad09b4c2e99d24,90d4e16492dba2,0.6458333333333334
6c3cf60d4dac95,646811521771fe,1a9ed9a5531fee,0.2692307692307692
6890bb06d25187,614c8877ad7802,fa88dc900e20ef,0.26804123711340205
39667866974b93,a48909a5f41e56,9329f87dfd5325,0.3125
8052ad43453bcd,83f67a1df142d7,3237885f947153,0.5979381443298969
3f67d5d8edfc1e,5ef40945a5a203,23a55862bde868,0.4175824175824176
db1c2f0cacc104,288435c0f25ba0,29fc53a093a0ab,0.7659574468085106
e4eef56ac90a79,e7f630c64ad910,0647666c40639a,0.8367346938775511
4bf34ebc371876,b431bd5e1f920d,55b4ce7f7cb977,0.8181818181818182
ff3877390a4641,5525ca9e2d0aab,eb8204e4aaffd2,0.3473684210526316
f52c701f4992ec,f1df2f59630c3e,0488cefb93dfba,0.4444444444444444
2d8027ebccb109,3a84ddecb1661e,d4d1f4ffb58931,0.2962962962962963
6e9a554c5a5fdf,477f2563f210e4,a5ea7cd65d9d11,0.3368421052631579
c6b37825401f35,90bcbd27067cf3,41f65c076de760,0.9230769230769231
86f5f8496b5fd4,db010ed89a4a5c,9b7eb95e4b6e82,0.16326530612244897
782d3f5189069b,b73b44a182768d,9a78d6df9db41a,0.43617021276595747
58773149ecf6dd,2fe4710e0132f5,1b8677d61cb013,0.6041666666666666
f5b48dcd0e5392,4ba64e8c2adf3d,e42a645caf9bb5,0.25
7bd681acb7450b,f5d566f5403914,57008a0d6ffc4b,0.14893617021276595
c8ea66137cf1e0,6ea2635ff84357,ef18ed270aa374,0.8518518518518519
834a7b9377791b,a8c8ccf8a93964,2b31055b63a529,0.9259259259259259
8fc6c2aec256f7,84d07e003cf4f8,2f4bce1418d3ce,0.7333333333333333
5385f8a4c25ba9,8ca94d3632759e,fa14c5a48eb39d,0.6296296296296297
673e5e15a785fd,97d7f04344d422,22f4e075c16eec,0.6666666666666666
d430e86e453871,096eefba54d3bf,fc2c094c11c66d,0.5925925925925926
401de32a779b07,673bff8cb598dc,347634fdb8c4d6,0.8461538461538461
3abff652c80e9a,3ab8fed8e0825a,501623c6ea5ea8,0.8
531c21bc624835,2a9d0883d6fde1,5143bee6c5b441,0.9230769230769231
98faeafc077411,bbf6c7df279105,bb58cff6542ead,0.041666666666666664
d613081f1824f8,e7d1e2c433debe,e05f33046a739f,0.7142857142857143
6957e2205665a1,a1253a6f9e00d7,219a1d3124f214,0.14583333333333334
4e2c2f699237c6,c9f21b63e9e6c7,30930efe171e91,0.8260869565217391
ee48d85315068c,2fe6807f4f0699,7787e492077dc6,0.36
6c881b0bdb561a,1939e7924d74d7,55f52846d3b4d9,0.5833333333333334
cab6f03038aaf7,2ffd7eec4c104f,c57ed4c978317a,0.4444444444444444
e85f2cb1193cee,a84b6e144bba32,555c5a517839d6,0.9642857142857143
69a3c9c123caa9,"2,66E+13",37b423d92db958,0.4666666666666667
c041408b1c2e95,f0f93654d86173,ffa7886b409ee5,0.1111111111111111
905f63bf067a5f,8f75a9f47a5163,c67600dbe9fbab,0.8
b5ec58e28eb36f,234a21a64e59fb,6ea25cee583b27,0.07692307692307693
bbcc9540bd3097,1466d9d0e4c711,12f597cc96cd04,0.10714285714285714
97698e8979ad75,81c274ee52cbe3,d69e82e81e1c08,0.8928571428571429
fd1e6f49186637,ababcdc13c5153,faee422d1d4040,0.32
45931323d1c691,389acfdaf88f6c,d8c6b3f4820209,0.7894736842105263
a5d4eecde7768c,f5e4188ce68b92,1d712a908c67a1,0.9263157894736842
3058e7af5df52d,f8a251149b606c,14e6d082460993,0.28125
c1c0fbd57441c8,7474fe93f520a5,75ef2d544df96c,0.8947368421052632
be9283196cf4f3,59fa99b24f2af7,232466a8608e1a,0.9387755102040817
c5c208b5504652,d230c8c91b30d3,cc22e3adebd66e,0.5517241379310345
f6539161f1b0ba,a29466bbdc94de,8b9b225cfa1495,0.17857142857142858
7055b737eace8c,64e25d8cac65c9,7b247a3402e399,0.28
e4129fefbe6b31,6afd369534bcd2,05c01b6f6aedd0,0.4731182795698925
43d4e1c6cdf490,12a815777a3280,1808cc2fd70bec,0.7346938775510204
c0b872494d396e,842d5d589608fc,6a0436d5c12676,0.20833333333333334
1af4cc6fdf1768,29c22d726d2c87,4d0f3e51c6300d,0.0
ef07f07f9281c1,09edff6b1d1d27,a6780d7e3d68bd,0.23076923076923078
4283bc752013a7,1279a662cb1ebd,c7294fa42290e6,0.37037037037037035
001e70b9b1d4cf,10451032ec0925,c527a32ab2284f,0.3723404255319149
87a7d251a6749b,9c4ad702053cb7,ee990f33720116,0.8315789473684211
cc23f4219593cc,e486d8f6013b30,831e4ba9ece227,0.8076923076923077
ad49e1cb3cb01a,1392b44928dddd,46cb35ebb3e189,0.061224489795918366
773c80375303f6,508497c5b69f6d,0cbf1cc2f238c2,0.9787234042553191
08d71b36940ee6,4554b4a2979176,18d6f9b5edc885,0.020833333333333332
9d04c6a9a3da3f,f331496cd88b57,abf2b2a7e20e8c,0.023255813953488372
59c5c9b6872a5b,5a224de45697da,b47a637d64f574,0.5357142857142857
f97fc8d21104dc,f5c3108ddbf160,07c7283bdcc9cb,0.17857142857142858
f84d764c209c5d,6734f822cbed83,7136d688bde10e,0.4387755102040816
1711af91ebe6a1,ceedfe4f61141e,a6687adffab54f,0.8723404255319149
6554fa4f01a5be,87e3ef8723a1a8,ccc799364d37e6,0.020833333333333332
3994427410df0b,4ca6a4fd4545e4,a67d15168177da,0.2857142857142857
3e50bc29028b02,1232d98df452a8,ae773baf5da8eb,0.8125
46d86044771b08,dd14e80b58bc7e,f281ccbea2b954,0.8571428571428571
6f1ee838f56038,cee012e86ed081,5afb90af0b6116,0.7446808510638298
48d7210ab3a1ee,690837eb37036f,37ce8bbc5f270b,0.6086956521739131
238c8b699efead,0cffb179938ccb,4f3c107935d063,0.2692307692307692
eb90f6715ab174,05026fd2421fff,8537391b48e3a7,0.23404255319148937
c84e1606fa0770,183edbd1449a83,b867ae7d8fcfef,0.6923076923076923
f6e30a8637bad5,9f7e1feef0ed19,3d5ee766d1c9e8,0.8125
2dc747a1c6e002,dcd592cc4f60d5,1718a56270a743,0.5555555555555556
f8ede5ba709f53,3935cfa3d9f464,d0a0f445738419,0.14285714285714285
f023eb0814354d,f52f1853a5b789,f6c070fc2771ac,0.6382978723404256
28d1f299aa38d3,e726e9bc3dca8d,9082f882c43771,1.0
d9f5d2ff6b0243,490b75726c84e2,570f33e18de679,0.4166666666666667
484f08ed5f6e42,b8233713cb2d2f,d7455020bbbffb,0.3333333333333333
c7ac064f3fe2e0,69d6e8b5d0b598,af042750e7b7b1,0.2222222222222222
455dbad149080a,d5127847182900,291b083a17eb30,0.08
9025283cfe2c17,1ef2b7fc2b7cb8,c20a2db9a848e6,0.3225806451612903
2bece0548e4ada,b0dc4670145cfd,4d6aad1756f330,0.2127659574468085
7d011fc501375c,494fcb1e1a3385,b4548b88c9e1e1,0.8
894e1303c7a83b,1b09fce44ff5ad,dcd20983019793,0.3673469387755102
d4324f45d945a6,507404f32fd6a8,8b9b225cfa1495,0.07142857142857142
0e7548318e37de,1883c8048524c6,cbe19b96a64b48,0.5185185185185185
14011405ac2b5a,8a039f155b2421,19e3c5c591eb68,0.20833333333333334
5d632715ab7fe9,75742eda465e06,69d0a76a24ab03,0.2127659574468085
bc93db35dcfa7b,4a1698e50e4fa4,4b0665ab3258a9,0.5806451612903226
d8880c45d3ca86,af00ea19ef7095,1e55e8fc7cde45,0.14814814814814814
09df82cb8cd5d5,be913ac35cb298,31e4bc1a10f728,0.4772727272727273
b861e0d1206e50,7666d096dfbe12,652a50e206b90f,0.5666666666666667
a053e9910295b9,1bc84fe7d02a3c,e162ea406f6b96,0.2222222222222222
6944528491f4a8,55ce22096be940,d4830365a2e566,0.14285714285714285
1878a4d0c2e7cf,24ae6e078896e3,4b0920e58b17a3,0.23404255319148937
8652dbd4dff2a8,4c4d09a9e7bbb9,b1c4c98c625785,0.2857142857142857
862b3f99b58dc6,7fa09f56be9763,9f5a7aef20e3cc,0.3617021276595745
b98f9d55622d9c,55b971b069ad23,a343b93ea893b7,0.3917525773195876
0eb1ffff21d88d,238453fcc95737,640c8e2d318921,0.8518518518518519
a11bdb929df751,9fe57bfba25dbe,8f7c444c1a9d9e,0.4827586206896552
f1200b2940a74e,db02d7b1784e9a,1f44492b853531,0.05319148936170213
57500e1ecd8b6c,da74678b13ba0c,337ab5f5140cea,0.574468085106383
480f420c873211,56aaa5232658a0,e5769dae1a6c51,0.8
042594e39b013d,09254e34fd600d,3a716ea780afae,0.9069767441860465
fe9a88274bf084,3581d98cd8f421,ebd8d8125d0a91,0.6896551724137931
0efcc3065eaba9,69b3b60188bcd6,924429f41bf2ef,0.19230769230769232
5b8eaa98aa127c,73b1dc6b9e204a,d0abc228b60164,0.723404255319149
8edffb4be9008c,aa67fba762fcfa,88effe208280ca,0.02127659574468085
fb976123394104,0c884d40ffd0c4,de66cb485dc5d9,0.038461538461538464
157263c278dd5c,06ef690f317c15,9ae2cdf0da508c,0.45454545454545453
202fb133dc0961,d17239f373f5a6,a00f85a37f172e,0.8571428571428571
2bcfbd689b78a1,4a8449e94a55ba,065c7139de61d8,0.8936170212765957
2e2c77cb4d7dd7,365c9369c1d71a,d8699c6c68a769,0.3793103448275862
dab5d973e794f0,a840700c48f43c,64da475e1b2a87,0.04
ae97d088e43399,4c14c34370bd72,d49a8eaf27ff48,0.35714285714285715
37d511d1ff8abe,a02ea0049ab47c,6dbf8b236ac348,0.4444444444444444
1f295b14f7f0d1,2d9d403667cb30,2e22cd4a2fa761,0.2
012ef436cb604e,ea77cf191845f3,d484ffabe927e2,0.64
59fcd90447004c,079853b7d3dcea,09b0ac225c002e,0.391304347826087
1c0f947bea6c62,7309a5750fb6f6,6f748b86a6034e,0.7692307692307693
b801721daf069c,52e54e8d36e8e7,ff22bf4cb253ad,0.10344827586206896
93a59f64b60c45,26d46c37a87d4a,39f5ef2db4ef08,0.37037037037037035
ecec10f6ca6f9a,a77734f786e4fd,8bcfc0b0748f2d,0.4666666666666667
af28962da4c79f,7cdd00e2150b5f,f2090c9ae1eef8,0.19148936170212766
f77c010c30b679,e38e518b725015,570f33e18de679,0.4583333333333333
4f16e2f3dba087,1a7eddd75dc772,ee6841bd100c24,0.46153846153846156
81bc93bc7e9fdb,22d3d65865a363,103686ae1956ce,0.0
39573f3cd87856,fffde4b574437b,8c6dbb80d99a37,0.19230769230769232
2e6167ef70ec52,1f3eefdd8dc090,c5da6006a7d0c8,0.6785714285714286
c2765f9bd3b436,225eb73899e05a,8802b9ebb1af3a,0.22916666666666666
a02a042d2283f6,1ef6c7ecbec5c0,9ef7c9ada2d467,0.8602150537634409
ff065df69b2959,4d020490521aa9,2a46a722cf5960,0.5208333333333334
ef4b5209a1f835,3463f0b4fb684a,83a016d07c993b,0.14583333333333334
ef11f8ad90e2fd,4c2413d1cae24e,9fe27a2fd42c01,0.4230769230769231
5fd12221a3c180,bf2b41c68e9445,cb50205785a3f2,0.7391304347826086
56e5aa37a3ce86,4f2b26ce30faf1,fec91cc39e6e32,0.35714285714285715
5a82d30fb6f45a,e2505246ea4dc2,ec3a5a1518c342,0.2857142857142857
7b83fbc53fbd41,d1573036c49258,593671cce7c24f,0.3548387096774194
0cd21b6686912d,52770e6a777198,7cdd24ebfce73a,0.3404255319148936
b1eeb5e9b4a171,06d04aca61c920,d56a7b05017bd8,0.14285714285714285
e40970eb4ebf5c,77c92a5fb34742,a2bef4fd4f0074,0.5
4d695c7e20163b,a8a0ef47c46d55,315f6508e0c1c2,0.25925925925925924
9ddf811a9d359a,0ab7241149f78e,8e8887077d4674,0.20408163265306123
7d918da5392a29,34575e5c80aeb1,4e5a31bc77efef,0.8888888888888888
6084a3fd9e9b93,65cbdeb1b2ebd9,90223e677bd015,0.07692307692307693
1c39bf64aa3d44,40d363008cad99,e14eb4b90b1d79,0.020833333333333332
3175116b7256e8,11a1c93e83d904,4c5b971cc41497,0.20408163265306123
30b1c16fcbdaa9,f3476fe7d3e347,8308df66a9a223,0.6428571428571429
9729a6b18e03c7,f1c5ee27752abd,c46bb0d3bb4b67,0.5
2a746466abba4c,70c744fa8bab10,c531c1917b650e,0.5357142857142857
52247dd1c81715,00fb1d3ab73394,141bc221f72f3f,0.08333333333333333
7ae7fb49ab1f99,7f0d0cf208da85,797878e6952f95,0.15625
0b7a0500183385,6a3a41435d4588,2c105a080e40d7,0.6428571428571429
a31f22ad1daa66,1952aae8e3cb65,ae164bd58476bf,0.125
f83dd9fd5522d6,6e609f4d105eb0,d3bb660375dbda,0.8571428571428571
159c05dfa2b1a5,24d25ea87f7a21,b4a3dc684ae118,0.8571428571428571
ef54768562e0d4,a091a240a1d83c,0147525c4ae166,0.8571428571428571
a0b6a03e8b3123,005a5430429890,67be192cd6cd6c,0.25555555555555554
32971ab05b8f9d,ed6f817e1f70a5,8643b93a1211e7,0.2857142857142857
9302b7fde98a41,fd7d2e460ed8c6,038544ebbefd1e,0.7916666666666666
e8562f90abd170,88924a511512ec,fccfaa2cc9c40d,0.9333333333333333
e3ae3ce657caf1,1c08cf4a67ff92,bf4411bb190f25,0.07407407407407407
b9f43d2689af3f,d1de23a981d072,f1f6c90004397f,0.5769230769230769
e318dd0350a210,151558fe63baf3,c35a286c60346b,0.8541666666666666
287cef76ae596d,b336a05883c2a3,"4,46E+13",0.07142857142857142
4cea27756c308d,18b638e9b54efa,817f7c68cc5be6,0.5111111111111111
ada60f830a6df1,1cedfe63f7e16c,d967ac36917270,0.020833333333333332
b289ab5b46b72c,628614bffbf570,d0a05123bed714,0.25925925925925924
9b6ace750a2c97,38638b00a2d301,06b0a122029964,0.06896551724137931
a906f9314b2b60,90a58473e050bf,9999a6a072f019,0.44
a2351c74685228,d477217b90059d,88503bd0d8252c,0.9642857142857143
dc4089cf40eba3,720f908e072d30,4378ecca9056ef,0.5319148936170213
b752a47a58a5db,3562a63457869e,46d5fd764e914e,0.9347826086956522
674b1cb8f3a2c1,044b860ddebb49,10b31cf391c031,0.391304347826087
29210188817f1c,549875faa6130b,e1d93478b0fbad,0.14285714285714285
c6844acb669aff,d4afd99b7679fe,bd93844aa82ebf,0.8928571428571429
92735ebeb40d70,311681406ba60f,46562862be6c8b,0.7857142857142857
90c1c9beb795d8,8c122d277e2d64,e6ed32fb94f131,0.9789473684210527
bb3d3e506e0bad,8fc65a254b2674,b06e8168882aac,0.8636363636363636
86d893e368a6a5,2ab29a6794a3b2,7710bd279e9526,0.3894736842105263
92fd911d46f22f,1b2825947db3cd,2b26906d18896f,0.37037037037037035
00f3b8c2419349,b133d54b65f31a,c44aa9ca54d88a,0.8936170212765957
7f0dcf5f507226,88dbcee2b9ece6,e1a540696b7bd9,0.11538461538461539
b65c5ff45951a9,f66be248a0fe90,af44919e1e278e,0.28888888888888886
311e7364bb7d35,7421da6e77e36b,dfea127e249559,0.8541666666666666
e43ccf5bb2b957,edcbaf61999e3a,04411a21a872c3,0.13793103448275862
aec376019599b7,828c36d42fe14a,015dde12341ccf,0.23255813953488372
59c352ae2a08d5,fbac5ffeb9d41f,bee10d8ccecb6a,0.41379310344827586
090c4a913220f9,7e1551f71afd66,84e2155d9ef806,0.1111111111111111
a7ed0cf2c9e038,6992a009f43511,2be15103c9b978,0.041237113402061855
c529d9eaec4d6a,1e0c5b73531a15,967050da2fddea,0.08421052631578947
eeefa7455337c6,842a699016a9c4,97bfceee9d0ac5,0.32142857142857145
05f298e720286e,d52501546185e7,20d5ab02c2325d,0.5531914893617021
bb37c60af9f5e4,46b37872c4ba77,393820d7de4423,0.2692307692307692
ba1cb0df72f823,c0e9cf77e35021,713834a1f78853,0.8333333333333334
34f6e301768252,efdb12afc2a204,8a0c40bf77eee8,0.375
553729a540c353,219d70d3b72093,ecd0d6a62d45b8,0.8148148148148148
7792736c63f213,030847f0ddda3e,3143b226c997cb,0.6521739130434783
251a5212909b1a,185c9c6e9ce1c0,9ae2cdf0da508c,0.5454545454545454
31477407d8b951,c6544b21326ce1,51724304de19ad,0.18181818181818182
85ffe8469bd1c5,3f6a28752146f2,d0329f0f37bb25,0.8620689655172413
373ec1fd05e64f,0279d9fd219c1e,a38a7acf7eba9e,0.17391304347826086
88bdef1994935d,acc36566f46343,6ae64d47e9d87e,0.6428571428571429
46f314e7ab00f0,97f2f7eedffca6,6322911da23d1e,0.29896907216494845
344cbfcaae2921,0c137be05d03a7,08c4c0908a192a,0.8
417df9a1fb0191,ac52c968e172c5,4b159216cda625,0.8125
54f1d461fd11d4,ff701d382504b7,691f042ae43071,0.23076923076923078
0c424a55be312b,a5decdb694cd80,86fd45244f9e5e,0.8494623655913979
41a2e875bec996,225d27aed48af8,d20407a41247e5,0.9574468085106383
49c7b9312874c4,4e987291bf62f4,252f68df39451b,0.02127659574468085
5c98412c8f88a3,eb67753dc1c08e,3177e44f88a2c8,0.5217391304347826
e05b3cfe45aa19,cff4acb821bf6d,9886a7c9180934,0.7777777777777778
7e5c5c7079584c,ed3df451630a3c,f3cb27d1f4e69c,0.9387755102040817
0382ca79eef4cf,ded155eb2c4aa5,9d5f0c4c8e2b8b,0.0
b885bc513afe20,d0645ffde2424f,525b6bf4240a9f,0.7407407407407407
62175e6b4282ea,d4bf7261201d37,2f0167eecf0e29,0.3333333333333333
b826a589beab3f,ef258c63109ae5,560b4ccfe4be41,0.6744186046511628
56fef4cc49b092,a7b6f1bc39ef28,07133489fefb42,0.07407407407407407
5da0292e13501d,7b1434926f03bb,eea1dd768f8d3e,0.96
4753989a15a8b2,fbb712b82b7c8a,674a099d77cbcf,0.8928571428571429
7956628279fdd6,301927eab055b9,931428da2d82d6,0.9615384615384616
16d925e86fd7aa,53d8c730b2e417,376b4c5856d485,0.5666666666666667
7e2c51dad5e019,1b82afc30e30a4,671277322dae45,0.38461538461538464
9a1bce7cb68e86,ad092f81b275c7,aecd20cbb86df5,0.8222222222222222
54d4fae25a2a54,7301160c2a83c0,1ef28989327710,0.875
3882ec6ef93019,948b45003aaf50,953c714422db9f,0.20833333333333334
13dcb3d5fa977e,d78e7540994151,0a9f6a636d4e62,0.0
4cd8e0621d267a,3084283ec4f52f,9a108326034ddc,0.5357142857142857
236df7b8f6a6a9,e471ea277d25d1,b532a70547be60,0.5625
1863f7128177e6,c5922f3f7d8bc3,6925c7c3c7385a,0.14814814814814814
12309c0d7911dd,38b7e9f2bd83db,388997011bac9c,0.3958333333333333
9885966043177a,e05163b21ef446,9e77fcf796bc26,0.0
a4e4883d2eb4b0,2aa3d617fd890f,e2959d62d2c26a,0.875
1b6aeeeeffb99e,13f7a730bd918c,46562862be6c8b,0.4642857142857143
1d30812973f5ec,9ab84fb8d48d62,3589392186c75d,0.8620689655172413
e6bb33a3e7473d,0726cca803cfd2,c3cef575b96e06,0.9583333333333334
8d263211664236,75bcbd0ce3645a,51559c4b51a99b,0.8214285714285714
38834ef23c11f1,8b7efdc4089838,3559cf8c975757,0.48
a22481c8843c6a,35d6f67c7a56fb,ca6cbe11927ec7,0.20689655172413793
431cddf6a43357,134ff53556f893,22aa32769929f1,0.7916666666666666
1f7c34369a7284,3e6482cebeb6a9,8a6cf9f9bc9f11,0.038461538461538464
31a8ef5cb8a7e4,f94ef5f869d348,91edce17d1a9c0,0.5925925925925926
0a94c6f44e19df,a1c862b0847de7,d2e15a3b72c300,0.42857142857142855
7772d4df9a0e16,f60f3543001936,082127b4c41057,0.35051546391752575
f3a1ab03eb00d6,5dccbb800b6ef4,9b3e2b77740852,0.9565217391304348
2fdf38cebd29e3,0a69b75c311a70,55bab29cd2f9fd,0.34782608695652173
3220a016744c62,12d286394ab30e,f9bc7a0ea47db6,0.2857142857142857
ec83262a1f0714,371081d54b2ce5,de60d438a24a9a,0.6451612903225806
62fcd4a28f7d34,10675e1c2a37c7,431408b3bdc739,0.2696629213483146
b9c774abe7345e,36697b7143614a,202bf868b6cd0b,0.6333333333333333
d06c4e8bbbc851,d805b972ad0f03,4aee2b4abe8ced,0.8854166666666666
523a651bb50248,41330737f485f4,b6bfa534eee800,0.391304347826087
afeea52bc70cb4,e8c5045cd34b42,9e37630869c054,0.3448275862068966
da4f72b83a3b36,7ae97cda711f8b,7619ccf998cdc7,0.9166666666666666
de7e779ec604ca,2682fe45902ae6,176fe980cea623,0.5833333333333334
92649ac4b55f95,aa94f89a27ee0f,7aa59cbd347d01,0.59375
3d7382bf523978,c51725774f6240,4a66a0bb36bd8c,0.20430107526881722
8901e49fa5f40e,d8b402d5d76270,b6540d2537ccc9,0.041666666666666664
8d6e195c973e12,305ae0be5788f8,e099e45c596cce,0.17045454545454544
2dd6f427922502,914ed42c9fc8e8,2437337e05a825,0.36
1207fb62b2015e,3e22a5a77827b5,09692cc28fc6e4,0.5833333333333334
cd8d2fd46b4227,5507f594055039,2a7f2e99fc803a,0.3333333333333333
31190a2eaa5e90,87efa25fe842c4,396b7b32ce65b6,0.9361702127659575
b8c3e0d586ad54,53cb0e05665830,1d687b5bca3da1,0.6666666666666666
8b4a2a4b81dc29,19a926958dcc65,667039a13db2e4,0.8478260869565217
94e8ba9ba02d33,276fb000e009ad,89757b112e5eec,0.1702127659574468
409d42f3ceb5e2,f18907cac1ee4a,8be1538642b28d,0.32653061224489793
84e63baa9ff561,5239880646ffad,997bcd82a3a08e,0.44
8589bfb1045183,5253d3e231cec6,e3d021010bb0b9,0.5116279069767442
f2333e440ddbd5,b1859eca2efc0d,bf3d453f6d0b51,0.2727272727272727
f2442e357fc0f6,efec2adeb1513d,f1b3a1ab451dc9,0.37037037037037035
d58e9f1c425434,e4489b1a3bc5c3,dc7eb371d76ae7,0.125
1322d11053cd1e,7e7f06c824612d,7c8b61785ddc39,0.10714285714285714
e81e06864ed02a,7d1e4e17514d64,df85f253d592e8,0.6333333333333333
34d4a294e92053,b30cfde9e98a47,27fbda8ebb76f3,0.14285714285714285
5cc8183910a2e9,413dc2269edf67,c1c19ed804f0f0,0.7142857142857143
2cf0a756cd6669,7cefa9cb697956,e8b0381fde64f9,0.6041666666666666
a2d3fdc6a61d71,ccb2f5d5761b82,8c0f696e71aa9d,0.9782608695652174
6b8d4e95c3e938,1b32bee69827cb,6c1c74ac339043,0.7083333333333334
ba570e048edfde,2672eefb05511c,35e3ea56f3a625,0.19230769230769232
4c27ed3f65d111,0bdf1ecd811d53,a073da74852c47,0.07142857142857142
194bec3536a895,61487ae39b3717,22a0901b607b98,0.9032258064516129
a9a776dc5e156d,4aa526f2f3bc8f,607573ef9136f8,0.6170212765957447
d1af0915526d0d,4e2efc67b9cd15,50287e6eebcd2e,0.05102040816326531
be0a86908cf881,bae73884fec20c,8c057805daee2b,0.5918367346938775
4796761bcfce1a,e17d0ca2a1a128,f03aab7090105c,0.5714285714285714
0f78b0f49ad532,a23e94141cf92c,02c6da9f0aabf4,0.6185567010309279
37fddbf9450337,a69341edf67ab9,94d9402bda8898,0.17857142857142858
3801133862d233,49d63ebb75b64b,dce188d8e19ce3,0.3333333333333333
0cdc6be250527d,b7f28f92871126,9037a85bef5efd,0.17857142857142858
a2044070173bdf,c2459655edd417,83bafee797bf99,0.8181818181818182
d1a0ef608bf92d,42c8a0e9eef174,a31b95d1edbf4b,0.8863636363636364
57b5e15595e233,48b71153ba63e0,3467ef4a79fa3d,0.5357142857142857
f7d2808306d246,69fa8c81c19b02,5143bee6c5b441,0.38461538461538464
47fc67e7d7dab7,1789d5d8450458,cf18740f9c0965,0.5957446808510638
3522e9eeae9951,0f73d079b406f7,11b855a946c153,0.18681318681318682
8b394584ab3032,0be3de917dd68a,256f60706ebb25,0.08163265306122448
66591b82f72b0a,7c3471f14bf77e,544fa0e788f54b,0.4148936170212766
1388b530953c36,ef0a96ac1b43c9,767359e41280d4,0.9259259259259259
9134f867c97ffc,0c445b07b78776,0f403057fc8805,0.10344827586206896
ed1888166fbed4,aa37d8af58731c,11aaa506842874,0.6206896551724138
c43b44cd32fa6b,2386a7f5d89caa,c48b4b6fc3eaca,0.7551020408163265
2bbe98c06d8ebc,297bbf032fa4c0,58ff3a80a95c3c,0.125
7da3ca742656fb,2027d7c2e885d5,8bcc1ede914756,0.9285714285714286
bbca1237648b1d,b2a2d4593194ca,d66a969e3e0bc7,0.3103448275862069
2eced6bc83d815,9a7daa36122060,a5c4820bafef37,0.7083333333333334
a1f1bde041a14b,c99c8c13b02fa1,095e66f4d832da,0.2682926829268293
79061be685b946,4ab278e4fb0895,5ee43cb98cc89e,0.2
70f6822175531e,6070eb4b850333,8ba8d1b0b4affa,0.4489795918367347
88149d2141e897,d1311602cf0dde,40492d977adeb6,0.92
32d8fadcfe920b,ee55c661c9c1f2,b6a4aa3b81c724,0.2962962962962963
ed63859b5ac5b1,6b8bd7a7bda85c,93f142d3ce4f7e,0.7708333333333334
ee287e3ae83646,7f89e6986cd315,f44317f0c8d6fc,0.0
8a13a9a783420a,8e57b074d71859,5bfa264193df4f,0.03571428571428571
093910bee74493,9b06e27f7016b9,370f2c4901ffef,0.8518518518518519
4d74d3a37c8cc5,fc11a59de734ac,3001d98a0a61e6,0.13829787234042554
3095a4b74f9ef6,bb232c8fd97631,9307183d7b472e,0.7978723404255319
3fb89ce1084e42,b2eeecef574e05,6ac6360c627ea3,0.31958762886597936
c2a2c9385e38b5,45f6b831cfc151,27e8f4420ec0e8,0.4166666666666667
4741d717bc7ea8,6b9b3b3173ea0f,d4c4a358432234,0.11538461538461539
4b77d3212dfbbe,adeb3247853cf3,96b9fa9bf80d4b,1.0
1640f11967d774,887127f3f1cd7e,896e319cb82e79,0.1
18839dddb7da6e,da846cf26c8aa7,347f6c598e3377,0.9259259259259259
4fc9c9b087f242,3ca824fcfb2ac6,76c866e6a0ca9e,0.3617021276595745
379734288319a7,636ba64e688807,4bcfb20fd6e0cd,0.8846153846153846
8a3e18c1ec4afb,4b27b046b72485,04699c5540e711,0.7346938775510204
60f03e7ff5a699,acc1210f064905,766b37892febd3,0.3333333333333333
c9aaf7228eb07b,e4b87c37ff67e3,79210b4374e942,0.7422680412371134
ef252d1a2e38a0,9fac82fdeaf7be,226bbf02869419,0.4230769230769231
97990679ff3abc,6ce76243563e06,e7342067a82bfc,0.7021276595744681
ecfbf5b892a0f3,ab305a5db5cac5,ce1cb3ded88c44,0.35555555555555557
d60579fae49154,e14b1d5babce76,f55fe8f2fe7449,0.3684210526315789
dd1f79a9a41837,accc279487146c,f53005a4c4f615,0.03571428571428571
76c70ab9d08428,497b7dab3d8cd2,ecbe952eb2264f,0.12
1f85a8439e4cae,7afa901107e649,89fc5f2f303cc5,0.40425531914893614
8f20bd5c5469b0,3712ae054b4164,10f229bd8a9009,0.8571428571428571
17c286df0205ec,38783291bac66d,1e5508fdd9c621,0.7659574468085106
a65654315bd805,9e4a0192511411,ab5cd588b64b06,0.2413793103448276
2516d50f170d03,2bdfbeb2fdd2c9,37bebadec43b30,0.20408163265306123
a0c5de9669915d,776d856daa4f1d,254d35cb4688fc,0.9175257731958762
d48ba36429bc07,936417f7899a9d,9fb3f4cc80394a,0.4074074074074074
cfb56041a9abf9,11382672ab3876,2a52079a7f39ad,0.43333333333333335
0cd15cd8ac177f,2f6e1c16f9c828,d868c02166813e,0.5
9db3b3a67ede94,d5b69e463fa42f,f9042eb68c194c,0.9555555555555556
e761b6b3809292,74d98876b5da98,c575d97471dffb,0.5
a1ed35e0cfe7cd,d2b2fcb1e42e4b,532a14810eea07,0.5208333333333334
1dec16f648749d,b0c74ecd30989b,c1ce7a34e1c421,0.42857142857142855
f1f12b7777318d,d901dd12c49f14,048b37c62c77f9,0.92
b85ff1e5a02363,611624d167a549,5c86465c1c0631,0.19148936170212766
33e941956a3808,98e67c5ca36d6c,fe99e9e8c7edec,0.3854166666666667
7536bacacdc8f1,6416dea1187404,f644215aec9fc8,0.034482758620689655
6d7682255e3dc6,2c479765ac1941,f20b1a8bd953ad,0.2222222222222222
7c96d33d12eeed,daca654834a99b,efb5ddd9a9879c,0.7608695652173914
54e0a07623c4fb,0b0ea25a7bf679,8821661cc35db3,0.2708333333333333
e39c4fa4e03d2d,384ada47951ce0,98219fe0e6a817,0.7407407407407407
6841a69db13e04,05a242e9f201d8,801d9843d99d19,0.5806451612903226
4b828d76e00d40,3c476572f4e805,5e536a8824e394,0.0
20bf2c12e6011d,9d5b5ee037a145,08c2b5b8db8701,0.7037037037037037
a1fa20444196ae,c75a6a943bf6ef,705f28993059a5,0.2962962962962963
982b7a0b019032,bae7df3be0ac8d,a0ed52cf9dace1,0.425531914893617
