source_row,winRankPercentage,raw_prediction,prediction,expected_value,residual,absolute_error
56,0.3871,0.6438875170895455,0.6438875170895455,0.47247335302377824,0.2567875170895455,0.2567875170895455
66,0.7604,0.8514164935275805,0.8514164935275805,0.47247335302377824,0.09101649352758057,0.09101649352758057
69,0.5,0.3953788446123869,0.3953788446123869,0.47247335302377824,-0.10462115538761307,0.10462115538761307
72,0.75,0.6201702862281625,0.6201702862281625,0.47247335302377824,-0.1298297137718375,0.1298297137718375
93,0.1724,0.15170122418985554,0.15170122418985554,0.47247335302377824,-0.020698775810144454,0.020698775810144454
145,0.875,0.9243657484853334,0.9243657484853334,0.47247335302377824,0.04936574848533337,0.04936574848533337
147,0.8462,0.6732777056560925,0.6732777056560925,0.47247335302377824,-0.1729222943439075,0.1729222943439075
161,0.4894,0.48053628240883467,0.48053628240883467,0.47247335302377824,-0.008863717591165332,0.008863717591165332
168,0.8148,0.6858243694811896,0.6858243694811896,0.47247335302377824,-0.12897563051881034,0.12897563051881034
176,0.2222,0.18865813862471548,0.18865813862471548,0.47247335302377824,-0.03354186137528453,0.03354186137528453
184,0.5185,0.6439128404490584,0.6439128404490584,0.47247335302377824,0.12541284044905843,0.12541284044905843
185,0.8077,0.8035441481320806,0.8035441481320806,0.47247335302377824,-0.004155851867919336,0.004155851867919336
195,0.7037,0.6344238688693262,0.6344238688693262,0.47247335302377824,-0.06927613113067377,0.06927613113067377
231,0.8519,0.7713563949788323,0.7713563949788323,0.47247335302377824,-0.08054360502116764,0.08054360502116764
245,0.6071,0.6077758125315491,0.6077758125315491,0.47247335302377824,0.0006758125315491359,0.0006758125315491359
246,0.5517,0.49241657050662074,0.49241657050662074,0.47247335302377824,-0.059283429493379225,0.059283429493379225
302,0.0659,0.08091489766618837,0.08091489766618837,0.47247335302377824,0.015014897666188368,0.015014897666188368
305,0.5926,0.5406685281581822,0.5406685281581822,0.47247335302377824,-0.05193147184181779,0.05193147184181779
341,0.28,0.2545303709967247,0.2545303709967247,0.47247335302377824,-0.025469629003275318,0.025469629003275318
352,0.7551,0.8652876616335241,0.8652876616335241,0.47247335302377824,0.11018766163352411,0.11018766163352411
366,0.3929,0.5398994193962915,0.5398994193962915,0.47247335302377824,0.14699941939629146,0.14699941939629146
374,0.9615,0.9072719934240618,0.9072719934240618,0.47247335302377824,-0.05422800657593818,0.05422800657593818
393,0.7021,0.8659076817028009,0.8659076817028009,0.47247335302377824,0.1638076817028009,0.1638076817028009
423,0.7826,0.8220192320793209,0.8220192320793209,0.47247335302377824,0.039419232079320965,0.039419232079320965
431,0.6596,0.7656508697853325,0.7656508697853325,0.47247335302377824,0.10605086978533251,0.10605086978533251
475,0.0417,0.05244915693397073,0.05244915693397073,0.47247335302377824,0.01074915693397073,0.01074915693397073
481,0.234,0.21600321628676689,0.21600321628676689,0.47247335302377824,-0.017996783713233128,0.017996783713233128
522,0.8163,0.7661102993761058,0.7661102993761058,0.47247335302377824,-0.05018970062389427,0.05018970062389427
542,0.9255,0.851528670779697,0.851528670779697,0.47247335302377824,-0.07397132922030303,0.07397132922030303
570,0.6939,0.5678731554567029,0.5678731554567029,0.47247335302377824,-0.12602684454329705,0.12602684454329705
574,0.1935,0.12543347919111647,0.12543347919111647,0.47247335302377824,-0.06806652080888353,0.06806652080888353
593,0.6923,0.8621876666372741,0.8621876666372741,0.47247335302377824,0.16988766663727406,0.16988766663727406
630,0.0,-0.030619001786932,0.0,0.47247335302377824,0.0,0.0
674,0.1111,0.09161712375285125,0.09161712375285125,0.47247335302377824,-0.019482876247148756,0.019482876247148756
695,0.5385,0.5192422772819348,0.5192422772819348,0.47247335302377824,-0.01925772271806514,0.01925772271806514
705,0.6667,0.5333966345066187,0.5333966345066187,0.47247335302377824,-0.1333033654933813,0.1333033654933813
719,0.3125,0.3316261757388316,0.3316261757388316,0.47247335302377824,0.019126175738831575,0.019126175738831575
769,0.2414,0.18401165881881382,0.18401165881881382,0.47247335302377824,-0.05738834118118619,0.05738834118118619
791,0.32,0.2333342606967994,0.2333342606967994,0.47247335302377824,-0.0866657393032006,0.0866657393032006
801,0.6667,0.686549643994707,0.686549643994707,0.47247335302377824,0.01984964399470701,0.01984964399470701
807,0.2593,0.23168079745469344,0.23168079745469344,0.47247335302377824,-0.02761920254530653,0.02761920254530653
813,0.5918,0.527673006952697,0.527673006952697,0.47247335302377824,-0.06412699304730296,0.06412699304730296
819,0.8462,0.9701202420275239,0.9701202420275239,0.47247335302377824,0.12392024202752394,0.12392024202752394
880,0.7692,0.9723426461229465,0.9723426461229465,0.47247335302377824,0.20314264612294652,0.20314264612294652
903,0.8261,0.8540125007542203,0.8540125007542203,0.47247335302377824,0.02791250075422036,0.02791250075422036
935,1.0,0.9177212257308491,0.9177212257308491,0.47247335302377824,-0.08227877426915087,0.08227877426915087
953,0.087,0.10766846475968728,0.10766846475968728,0.47247335302377824,0.020668464759687283,0.020668464759687283
1002,0.6875,0.6923925379249134,0.6923925379249134,0.47247335302377824,0.004892537924913398,0.004892537924913398
1025,0.75,0.8750391448065977,0.8750391448065977,0.47247335302377824,0.12503914480659772,0.12503914480659772
1042,0.3103,0.33137969622762864,0.33137969622762864,0.47247335302377824,0.02107969622762862,0.02107969622762862
1054,0.449,0.44129290177362196,0.44129290177362196,0.47247335302377824,-0.007707098226378051,0.007707098226378051
1131,0.0417,0.030271583372835198,0.030271583372835198,0.47247335302377824,-0.011428416627164803,0.011428416627164803
1156,0.4286,0.5166064237813651,0.5166064237813651,0.47247335302377824,0.08800642378136514,0.08800642378136514
1210,0.3077,0.3738580241497008,0.3738580241497008,0.47247335302377824,0.06615802414970084,0.06615802414970084
1261,0.1852,0.19650366521787888,0.19650366521787888,0.47247335302377824,0.011303665217878872,0.011303665217878872
1270,0.7407,0.5842491951040035,0.5842491951040035,0.47247335302377824,-0.1564508048959965,0.1564508048959965
1302,0.1154,0.11100056998619728,0.11100056998619728,0.47247335302377824,-0.004399430013802719,0.004399430013802719
1308,0.2526,0.28125586384331147,0.28125586384331147,0.47247335302377824,0.02865586384331148,0.02865586384331148
1320,0.7917,0.7475018456770139,0.7475018456770139,0.47247335302377824,-0.044198154322986016,0.044198154322986016
1368,0.3704,0.3546073911109398,0.3546073911109398,0.47247335302377824,-0.0157926088890602,0.0157926088890602
1369,1.0,0.7975516344295813,0.7975516344295813,0.47247335302377824,-0.20244836557041868,0.20244836557041868
1371,0.9565,0.8517234266868265,0.8517234266868265,0.47247335302377824,-0.10477657331317347,0.10477657331317347
1384,0.3846,0.4070785687822558,0.4070785687822558,0.47247335302377824,0.022478568782255792,0.022478568782255792
1393,0.2444,0.25658449349439705,0.25658449349439705,0.47247335302377824,0.012184493494397042,0.012184493494397042
1415,0.2222,0.32629318311045186,0.32629318311045186,0.47247335302377824,0.10409318311045185,0.10409318311045185
1467,0.7292,0.7579455579483027,0.7579455579483027,0.47247335302377824,0.02874555794830269,0.02874555794830269
1512,0.5185,0.5357682213217121,0.5357682213217121,0.47247335302377824,0.01726822132171213,0.01726822132171213
1566,0.0652,0.12862288698407204,0.12862288698407204,0.47247335302377824,0.06342288698407204,0.06342288698407204
1581,0.8846,0.7468363428655567,0.7468363428655567,0.47247335302377824,-0.13776365713444338,0.13776365713444338
1583,0.375,0.5256296171648268,0.5256296171648268,0.47247335302377824,0.1506296171648268,0.1506296171648268
1624,0.0833,0.09474906176057474,0.09474906176057474,0.47247335302377824,0.011449061760574739,0.011449061760574739
1638,0.6957,0.7053221246358586,0.7053221246358586,0.47247335302377824,0.009622124635858653,0.009622124635858653
1673,0.9167,0.9134174387503959,0.9134174387503959,0.47247335302377824,-0.0032825612496040213,0.0032825612496040213
1719,0.2692,0.2888209199771485,0.2888209199771485,0.47247335302377824,0.019620919977148488,0.019620919977148488
1747,0.1556,0.1938377963772902,0.1938377963772902,0.47247335302377824,0.03823779637729022,0.03823779637729022
1748,0.6818,0.7404948241293757,0.7404948241293757,0.47247335302377824,0.05869482412937577,0.05869482412937577
1750,0.4643,0.5575033076392291,0.5575033076392291,0.47247335302377824,0.09320330763922907,0.09320330763922907
1761,1.0,0.9858563856726654,0.9858563856726654,0.47247335302377824,-0.014143614327334575,0.014143614327334575
1766,0.5,0.3755302297576444,0.3755302297576444,0.47247335302377824,-0.12446977024235562,0.12446977024235562
1815,0.2609,0.28334625178147177,0.28334625178147177,0.47247335302377824,0.02244625178147175,0.02244625178147175
1871,0.8519,0.7327880107322673,0.7327880107322673,0.47247335302377824,-0.1191119892677327,0.1191119892677327
1962,0.1111,0.07001501991180731,0.07001501991180731,0.47247335302377824,-0.041084980088192696,0.041084980088192696
1978,0.0,0.007992920701923478,0.007992920701923478,0.47247335302377824,0.007992920701923478,0.007992920701923478
2040,0.2041,0.22216746476092109,0.22216746476092109,0.47247335302377824,0.01806746476092108,0.01806746476092108
2090,0.6458,0.8057828287103761,0.8057828287103761,0.47247335302377824,0.15998282871037606,0.15998282871037606
2099,0.8333,0.8162567383600601,0.8162567383600601,0.47247335302377824,-0.017043261639939966,0.017043261639939966
2120,0.9184,0.9696440629705941,0.9696440629705941,0.47247335302377824,0.05124406297059414,0.05124406297059414
2130,0.1064,0.08632692429402494,0.08632692429402494,0.47247335302377824,-0.020073075705975052,0.020073075705975052
2141,0.0,0.00017086952895511986,0.00017086952895511986,0.47247335302377824,0.00017086952895511986,0.00017086952895511986
2144,0.5769,0.3955921153539692,0.3955921153539692,0.47247335302377824,-0.18130788464603076,0.18130788464603076
2148,0.1064,0.09756666429577837,0.09756666429577837,0.47247335302377824,-0.008833335704221623,0.008833335704221623
2149,0.2581,0.3821993331530594,0.3821993331530594,0.47247335302377824,0.12409933315305938,0.12409933315305938
2166,0.7551,0.8577819528143937,0.8577819528143937,0.47247335302377824,0.10268195281439374,0.10268195281439374
2224,0.7586,0.6381058635965963,0.6381058635965963,0.47247335302377824,-0.12049413640340378,0.12049413640340378
2239,0.9375,0.876058984770598,0.876058984770598,0.47247335302377824,-0.06144101522940204,0.06144101522940204
2241,0.0,0.0007097668746641195,0.0007097668746641195,0.47247335302377824,0.0007097668746641195,0.0007097668746641195
2282,0.8958,0.9803294644793116,0.9803294644793116,0.47247335302377824,0.08452946447931153,0.08452946447931153
2292,0.2143,0.3193788446142991,0.3193788446142991,0.47247335302377824,0.10507884461429912,0.10507884461429912
2312,0.6429,0.6233083830004499,0.6233083830004499,0.47247335302377824,-0.019591616999550143,0.019591616999550143
2366,0.6042,0.6113463354651966,0.6113463354651966,0.47247335302377824,0.007146335465196607,0.007146335465196607
2373,0.68,0.5962402701965741,0.5962402701965741,0.47247335302377824,-0.08375972980342594,0.08375972980342594
2392,0.7021,0.6331370744788827,0.6331370744788827,0.47247335302377824,-0.06896292552111727,0.06896292552111727
2395,0.5625,0.6019266297796291,0.6019266297796291,0.47247335302377824,0.039426629779629074,0.039426629779629074
2438,0.2414,0.21162981121488778,0.21162981121488778,0.47247335302377824,-0.029770188785112228,0.029770188785112228
2440,0.0625,0.0626022607467272,0.0626022607467272,0.47247335302377824,0.00010226074672720076,0.00010226074672720076
2496,0.2069,0.32884160203242874,0.32884160203242874,0.47247335302377824,0.12194160203242874,0.12194160203242874
2519,0.2105,0.25698067403584574,0.25698067403584574,0.47247335302377824,0.04648067403584574,0.04648067403584574
2549,0.6207,0.654720893492102,0.654720893492102,0.47247335302377824,0.03402089349210202,0.03402089349210202
2568,0.5769,0.6154980299396771,0.6154980299396771,0.47247335302377824,0.03859802993967709,0.03859802993967709
2594,0.0,0.010842029550998722,0.010842029550998722,0.47247335302377824,0.010842029550998722,0.010842029550998722
2644,0.8571,0.779882349064803,0.779882349064803,0.47247335302377824,-0.07721765093519695,0.07721765093519695
2665,0.8333,0.6265095520982732,0.6265095520982732,0.47247335302377824,-0.20679044790172685,0.20679044790172685
2687,0.7556,0.7635289314759728,0.7635289314759728,0.47247335302377824,0.007928931475972734,0.007928931475972734
2704,0.8542,0.8321496175865832,0.8321496175865832,0.47247335302377824,-0.022050382413416725,0.022050382413416725
2733,0.0222,0.044876111987946665,0.044876111987946665,0.47247335302377824,0.022676111987946664,0.022676111987946664
2758,0.1667,0.13315038071685004,0.13315038071685004,0.47247335302377824,-0.03354961928314995,0.03354961928314995
2848,0.9574,0.9576215248029498,0.9576215248029498,0.47247335302377824,0.0002215248029497907,0.0002215248029497907
2900,0.8333,0.6757768503587273,0.6757768503587273,0.47247335302377824,-0.15752314964127279,0.15752314964127279
2920,1.0,0.9766930829005874,0.9766930829005874,0.47247335302377824,-0.023306917099412572,0.023306917099412572
2956,0.0425,0.06587207894129138,0.06587207894129138,0.47247335302377824,0.023372078941291376,0.023372078941291376
2980,0.7407,0.7159721034906189,0.7159721034906189,0.47247335302377824,-0.02472789650938112,0.02472789650938112
3007,0.0213,0.01686942785226886,0.01686942785226886,0.47247335302377824,-0.0044305721477311405,0.0044305721477311405
3015,0.0,-0.0017633545769907277,0.0,0.47247335302377824,0.0,0.0
3059,0.1224,0.07913111645298149,0.07913111645298149,0.47247335302377824,-0.04326888354701851,0.04326888354701851
3090,0.5208,0.5551861351486197,0.5551861351486197,0.47247335302377824,0.034386135148619656,0.034386135148619656
3091,0.0,0.037583431417694824,0.037583431417694824,0.47247335302377824,0.037583431417694824,0.037583431417694824
3123,0.2857,0.3043061171241861,0.3043061171241861,0.47247335302377824,0.018606117124186083,0.018606117124186083
3222,0.5172,0.5071293414210831,0.5071293414210831,0.47247335302377824,-0.010070658578916869,0.010070658578916869
3231,0.2766,0.3484740648093419,0.3484740648093419,0.47247335302377824,0.07187406480934189,0.07187406480934189
3234,0.7308,0.8069388427253805,0.8069388427253805,0.47247335302377824,0.07613884272538052,0.07613884272538052
3247,0.0833,0.1443082345642735,0.1443082345642735,0.47247335302377824,0.0610082345642735,0.0610082345642735
3278,0.0345,0.026645495678374542,0.026645495678374542,0.47247335302377824,-0.00785450432162546,0.00785450432162546
3283,0.617,0.6094721044742021,0.6094721044742021,0.47247335302377824,-0.007527895525797912,0.007527895525797912
3324,0.8061,0.8542059649251639,0.8542059649251639,0.47247335302377824,0.048105964925163835,0.048105964925163835
3363,0.8214,0.7389996678615987,0.7389996678615987,0.47247335302377824,-0.08240033213840137,0.08240033213840137
3382,1.0,0.8644292602090562,0.8644292602090562,0.47247335302377824,-0.1355707397909438,0.1355707397909438
3405,0.0345,0.07299042342972895,0.07299042342972895,0.47247335302377824,0.03849042342972894,0.03849042342972894
3413,0.75,0.6541370032632734,0.6541370032632734,0.47247335302377824,-0.0958629967367266,0.0958629967367266
3436,0.4643,0.4122412590319151,0.4122412590319151,0.47247335302377824,-0.05205874096808488,0.05205874096808488
3511,0.383,0.37797025384943445,0.37797025384943445,0.47247335302377824,-0.005029746150565562,0.005029746150565562
3539,0.2069,0.25286736465434445,0.25286736465434445,0.47247335302377824,0.04596736465434445,0.04596736465434445
3545,0.0,0.08272606923629222,0.08272606923629222,0.47247335302377824,0.08272606923629222,0.08272606923629222
3552,0.0741,0.13977955558073113,0.13977955558073113,0.47247335302377824,0.06567955558073113,0.06567955558073113
3561,0.5833,0.5966381465970871,0.5966381465970871,0.47247335302377824,0.013338146597087097,0.013338146597087097
3605,0.8864,0.8979393481724048,0.8979393481724048,0.47247335302377824,0.011539348172404873,0.011539348172404873
3624,0.5833,0.6015908262749219,0.6015908262749219,0.47247335302377824,0.018290826274921845,0.018290826274921845
3633,0.0,0.004675551967384839,0.004675551967384839,0.47247335302377824,0.004675551967384839,0.004675551967384839
3664,0.56,0.575986377978755,0.575986377978755,0.47247335302377824,0.015986377978754907,0.015986377978754907
3681,0.0417,0.048248441822576815,0.048248441822576815,0.47247335302377824,0.006548441822576814,0.006548441822576814
3690,0.6154,0.3770040102894561,0.3770040102894561,0.47247335302377824,-0.23839598971054382,0.23839598971054382
3700,0.3043,0.2925981450988673,0.2925981450988673,0.47247335302377824,-0.011701854901132736,0.011701854901132736
3702,0.1489,0.18328151385889113,0.18328151385889113,0.47247335302377824,0.03438151385889113,0.03438151385889113
3714,0.48,0.44950626718823106,0.44950626718823106,0.47247335302377824,-0.030493732811768925,0.030493732811768925
3744,0.2143,0.24418121581549782,0.24418121581549782,0.47247335302377824,0.029881215815497825,0.029881215815497825
3757,0.5532,0.48065024831767744,0.48065024831767744,0.47247335302377824,-0.07254975168232258,0.07254975168232258
3763,0.9574,0.8839106351233132,0.8839106351233132,0.47247335302377824,-0.07348936487668678,0.07348936487668678
3771,0.0,0.023508086750019863,0.023508086750019863,0.47247335302377824,0.023508086750019863,0.023508086750019863
3801,0.4444,0.4305203521942673,0.4305203521942673,0.47247335302377824,-0.013879647805732698,0.013879647805732698
3803,0.0667,0.11468243592957195,0.11468243592957195,0.47247335302377824,0.04798243592957195,0.04798243592957195
3829,0.3077,0.3525498835816217,0.3525498835816217,0.47247335302377824,0.04484988358162173,0.04484988358162173
3848,0.3793,0.3423241345567569,0.3423241345567569,0.47247335302377824,-0.036975865443243106,0.036975865443243106
3916,0.5714,0.6208887590028349,0.6208887590028349,0.47247335302377824,0.04948875900283489,0.04948875900283489
3959,0.0,0.018088735598289496,0.018088735598289496,0.47247335302377824,0.018088735598289496,0.018088735598289496
3981,0.9286,0.738016242323603,0.738016242323603,0.47247335302377824,-0.19058375767639701,0.19058375767639701
3991,0.037,0.024270424534174606,0.024270424534174606,0.47247335302377824,-0.012729575465825392,0.012729575465825392
4046,0.6,0.7233106418205433,0.7233106418205433,0.47247335302377824,0.1233106418205433,0.1233106418205433
4073,0.1591,0.20112941988373384,0.20112941988373384,0.47247335302377824,0.04202941988373385,0.04202941988373385
4102,0.2857,0.2487073374365569,0.2487073374365569,0.47247335302377824,-0.03699266256344311,0.03699266256344311
4107,0.4615,0.4261632384976345,0.4261632384976345,0.47247335302377824,-0.03533676150236553,0.03533676150236553
4116,0.2,0.36577302342223633,0.36577302342223633,0.47247335302377824,0.16577302342223632,0.16577302342223632
4125,0.4074,0.48689692267111995,0.48689692267111995,0.47247335302377824,0.07949692267111996,0.07949692267111996
4134,0.1481,0.22868375797347754,0.22868375797347754,0.47247335302377824,0.08058375797347753,0.08058375797347753
4163,0.3438,0.64658233166452,0.64658233166452,0.47247335302377824,0.30278233166451995,0.30278233166451995
4175,0.3673,0.3537960841887371,0.3537960841887371,0.47247335302377824,-0.013503915811262923,0.013503915811262923
4198,0.9259,0.7972693171497776,0.7972693171497776,0.47247335302377824,-0.1286306828502224,0.1286306828502224
4220,0.1596,0.169600015867017,0.169600015867017,0.47247335302377824,0.010000015867017015,0.010000015867017015
4242,0.8077,0.8485216188326898,0.8485216188326898,0.47247335302377824,0.040821618832689865,0.040821618832689865
4296,0.7021,0.7482058134913456,0.7482058134913456,0.47247335302377824,0.04610581349134568,0.04610581349134568
4330,0.8462,0.7983194264399146,0.7983194264399146,0.47247335302377824,-0.04788057356008535,0.04788057356008535
4335,0.898,0.7736288410906463,0.7736288410906463,0.47247335302377824,-0.12437115890935369,0.12437115890935369
4365,0.7174,0.6940236293319539,0.6940236293319539,0.47247335302377824,-0.023376370668046098,0.023376370668046098
4418,0.9615,0.909542144520114,0.909542144520114,0.47247335302377824,-0.05195785547988607,0.05195785547988607
4431,0.0385,0.05295060051684147,0.05295060051684147,0.47247335302377824,0.014450600516841473,0.014450600516841473
4524,0.913,0.8876970213202187,0.8876970213202187,0.47247335302377824,-0.025302978679781374,0.025302978679781374
4537,0.8542,0.9339586418020598,0.9339586418020598,0.47247335302377824,0.07975864180205983,0.07975864180205983
4585,0.0741,0.08413770068427923,0.08413770068427923,0.47247335302377824,0.010037700684279227,0.010037700684279227
4609,0.617,0.6211117612617929,0.6211117612617929,0.47247335302377824,0.004111761261792912,0.004111761261792912
4648,0.25,0.24777226008408898,0.24777226008408898,0.47247335302377824,-0.00222773991591102,0.00222773991591102
4678,0.1154,0.05457251655443851,0.05457251655443851,0.47247335302377824,-0.06082748344556149,0.06082748344556149
4684,0.1087,0.10342196861549963,0.10342196861549963,0.47247335302377824,-0.0052780313845003785,0.0052780313845003785
4692,0.7857,0.8363593719867415,0.8363593719867415,0.47247335302377824,0.05065937198674153,0.05065937198674153
4695,0.1786,0.1478402163419994,0.1478402163419994,0.47247335302377824,-0.03075978365800061,0.03075978365800061
4713,0.9615,0.9371755819032499,0.9371755819032499,0.47247335302377824,-0.024324418096750122,0.024324418096750122
4719,0.6702,0.838795499324936,0.838795499324936,0.47247335302377824,0.168595499324936,0.168595499324936
4785,1.0,0.8994702135346191,0.8994702135346191,0.47247335302377824,-0.10052978646538091,0.10052978646538091
4786,0.72,0.7321243383804515,0.7321243383804515,0.47247335302377824,0.012124338380451571,0.012124338380451571
4803,0.0208,0.01988226797881537,0.01988226797881537,0.47247335302377824,-0.0009177320211846279,0.0009177320211846279
4822,0.4105,0.43123445994589715,0.43123445994589715,0.47247335302377824,0.020734459945897177,0.020734459945897177
4895,0.7292,0.7320085032848818,0.7320085032848818,0.47247335302377824,0.0028085032848818026,0.0028085032848818026
4904,0.5102,0.5083346857660941,0.5083346857660941,0.47247335302377824,-0.0018653142339059015,0.0018653142339059015
4947,0.7391,0.8326793151486038,0.8326793151486038,0.47247335302377824,0.09357931514860385,0.09357931514860385
4959,0.3125,0.341968420257342,0.341968420257342,0.47247335302377824,0.029468420257341976,0.029468420257341976
4965,0.6122,0.7014413824892937,0.7014413824892937,0.47247335302377824,0.0892413824892937,0.0892413824892937
4976,0.1875,0.17650729057342301,0.17650729057342301,0.47247335302377824,-0.010992709426576985,0.010992709426576985
4977,0.0,0.047095922496271536,0.047095922496271536,0.47247335302377824,0.047095922496271536,0.047095922496271536
4997,1.0,0.9646218473631345,0.9646218473631345,0.47247335302377824,-0.0353781526368655,0.0353781526368655
5019,0.7708,0.7205599184095082,0.7205599184095082,0.47247335302377824,-0.05024008159049187,0.05024008159049187
5042,0.5652,0.6329276267727524,0.6329276267727524,0.47247335302377824,0.06772762677275235,0.06772762677275235
5072,0.4583,0.4280670343771889,0.4280670343771889,0.47247335302377824,-0.03023296562281108,0.03023296562281108
5075,0.7857,0.7520430182311915,0.7520430182311915,0.47247335302377824,-0.03365698176880849,0.03365698176880849
5076,0.5185,0.486082633694708,0.486082633694708,0.47247335302377824,-0.03241736630529196,0.03241736630529196
5082,0.1923,0.1220952287046615,0.1220952287046615,0.47247335302377824,-0.0702047712953385,0.0702047712953385
5093,0.0,0.014531609422663072,0.014531609422663072,0.47247335302377824,0.014531609422663072,0.014531609422663072
5109,0.4444,0.45335567015913825,0.45335567015913825,0.47247335302377824,0.00895567015913823,0.00895567015913823
5112,0.48,0.5067808271433977,0.5067808271433977,0.47247335302377824,0.02678082714339769,0.02678082714339769
5118,0.8367,0.9444081955326002,0.9444081955326002,0.47247335302377824,0.10770819553260025,0.10770819553260025
5125,0.375,0.33964495677226136,0.33964495677226136,0.47247335302377824,-0.035355043227738636,0.035355043227738636
5155,1.0,0.8164571299882615,0.8164571299882615,0.47247335302377824,-0.18354287001173852,0.18354287001173852
5168,0.1753,0.16957790110991472,0.16957790110991472,0.47247335302377824,-0.005722098890085292,0.005722098890085292
5184,0.4074,0.3293942361209467,0.3293942361209467,0.47247335302377824,-0.07800576387905328,0.07800576387905328
5190,0.3958,0.406063778098953,0.406063778098953,0.47247335302377824,0.010263778098953014,0.010263778098953014
5203,0.5,0.5804242227493891,0.5804242227493891,0.47247335302377824,0.0804242227493891,0.0804242227493891
5247,0.5833,0.753753184175596,0.753753184175596,0.47247335302377824,0.17045318417559596,0.17045318417559596
5288,0.2667,0.35642060951749055,0.35642060951749055,0.47247335302377824,0.08972060951749056,0.08972060951749056
5297,0.0,0.01259495997440968,0.01259495997440968,0.47247335302377824,0.01259495997440968,0.01259495997440968
5361,0.0435,0.00910449334744956,0.00910449334744956,0.47247335302377824,-0.03439550665255044,0.03439550665255044
5377,0.1852,0.23621364767952294,0.23621364767952294,0.47247335302377824,0.05101364767952293,0.05101364767952293
5393,0.2083,0.21447262363570668,0.21447262363570668,0.47247335302377824,0.00617262363570667,0.00617262363570667
5416,0.6087,0.7220010765079923,0.7220010765079923,0.47247335302377824,0.11330107650799226,0.11330107650799226
5459,0.9574,0.8811632952181718,0.8811632952181718,0.47247335302377824,-0.0762367047818282,0.0762367047818282
5470,0.4583,0.30566072085796525,0.30566072085796525,0.47247335302377824,-0.15263927914203473,0.15263927914203473
5487,0.7128,0.7027956523447902,0.7027956523447902,0.47247335302377824,-0.010004347655209744,0.010004347655209744
5504,0.9149,0.8923191630574683,0.8923191630574683,0.47247335302377824,-0.022580836942531768,0.022580836942531768
5517,0.0741,0.09706157010268629,0.09706157010268629,0.47247335302377824,0.02296157010268629,0.02296157010268629
5575,0.7308,0.7786926183593099,0.7786926183593099,0.47247335302377824,0.04789261835930991,0.04789261835930991
5623,0.625,0.6522987175263334,0.6522987175263334,0.47247335302377824,0.027298717526333394,0.027298717526333394
5626,0.1875,0.18202981811871288,0.18202981811871288,0.47247335302377824,-0.005470181881287117,0.005470181881287117
5633,0.8085,0.81770080335713,0.81770080335713,0.47247335302377824,0.009200803357130027,0.009200803357130027
5663,0.413,0.3723475531254785,0.3723475531254785,0.47247335302377824,-0.040652446874521464,0.040652446874521464
5677,0.04,0.08194882703219797,0.08194882703219797,0.47247335302377824,0.04194882703219797,0.04194882703219797
5712,0.2444,0.22674207644797323,0.22674207644797323,0.47247335302377824,-0.017657923552026777,0.017657923552026777
5760,0.7097,0.7587077859119544,0.7587077859119544,0.47247335302377824,0.04900778591195443,0.04900778591195443
5768,0.0833,0.06217267544091509,0.06217267544091509,0.47247335302377824,-0.021127324559084906,0.021127324559084906
5806,0.1064,0.10204981263881224,0.10204981263881224,0.47247335302377824,-0.004350187361187752,0.004350187361187752
5811,0.6296,0.5221090336891848,0.5221090336891848,0.47247335302377824,-0.10749096631081523,0.10749096631081523
5818,0.2593,0.2702994158975953,0.2702994158975953,0.47247335302377824,0.010999415897595344,0.010999415897595344
5846,0.76,0.8156858091536828,0.8156858091536828,0.47247335302377824,0.05568580915368282,0.05568580915368282
5864,0.7143,0.7053691471014228,0.7053691471014228,0.47247335302377824,-0.008930852898577202,0.008930852898577202
5876,1.0,0.8464387392580757,0.8464387392580757,0.47247335302377824,-0.15356126074192433,0.15356126074192433
5901,0.8409,0.8552786357583537,0.8552786357583537,0.47247335302377824,0.014378635758353742,0.014378635758353742
5920,0.92,0.9494435193734512,0.9494435193734512,0.47247335302377824,0.029443519373451132,0.029443519373451132
5921,0.449,0.3991430048859368,0.3991430048859368,0.47247335302377824,-0.04985699511406322,0.04985699511406322
5943,0.1481,0.0449020519775124,0.0449020519775124,0.47247335302377824,-0.1031979480224876,0.1031979480224876
5962,0.4742,0.511631843208634,0.511631843208634,0.47247335302377824,0.037431843208633964,0.037431843208633964
5964,0.1429,0.05494508659358538,0.05494508659358538,0.47247335302377824,-0.08795491340641462,0.08795491340641462
6004,0.9062,0.8925902313636043,0.8925902313636043,0.47247335302377824,-0.013609768636395736,0.013609768636395736
6028,0.4286,0.35002166679732427,0.35002166679732427,0.47247335302377824,-0.07857833320267571,0.07857833320267571
6050,0.3333,0.32330746966821994,0.32330746966821994,0.47247335302377824,-0.009992530331780047,0.009992530331780047
6071,0.0,0.04271253831489219,0.04271253831489219,0.47247335302377824,0.04271253831489219,0.04271253831489219
6081,0.8673,0.8750138163137039,0.8750138163137039,0.47247335302377824,0.007713816313703936,0.007713816313703936
6100,0.2842,0.2572384006568917,0.2572384006568917,0.47247335302377824,-0.026961599343108322,0.026961599343108322
6105,0.5833,0.4602830667700293,0.4602830667700293,0.47247335302377824,-0.12301693322997076,0.12301693322997076
6123,0.6064,0.6559701000530224,0.6559701000530224,0.47247335302377824,0.049570100053022315,0.049570100053022315
6126,0.069,0.19138346416787333,0.19138346416787333,0.47247335302377824,0.12238346416787332,0.12238346416787332
6162,0.7037,0.7446234405453219,0.7446234405453219,0.47247335302377824,0.04092344054532193,0.04092344054532193
6176,0.0741,0.07388350295416984,0.07388350295416984,0.47247335302377824,-0.00021649704583015517,0.00021649704583015517
6191,0.04,0.08497083915594994,0.08497083915594994,0.47247335302377824,0.04497083915594994,0.04497083915594994
6198,0.3265,0.4059352446850864,0.4059352446850864,0.47247335302377824,0.07943524468508639,0.07943524468508639
6226,0.1786,0.21472639201175736,0.21472639201175736,0.47247335302377824,0.03612639201175735,0.03612639201175735
6257,0.6207,0.6359602079671262,0.6359602079671262,0.47247335302377824,0.015260207967126127,0.015260207967126127
6261,0.6923,0.7956932971645526,0.7956932971645526,0.47247335302377824,0.10339329716455259,0.10339329716455259
6275,0.1837,0.26386710838475047,0.26386710838475047,0.47247335302377824,0.08016710838475047,0.08016710838475047
6304,0.3488,0.38096451335741965,0.38096451335741965,0.47247335302377824,0.032164513357419655,0.032164513357419655
6316,0.3929,0.49380996487236545,0.49380996487236545,0.47247335302377824,0.10090996487236542,0.10090996487236542
6317,0.0,0.031474658750922424,0.031474658750922424,0.47247335302377824,0.031474658750922424,0.031474658750922424
6358,0.963,0.9229320135169493,0.9229320135169493,0.47247335302377824,-0.040067986483050655,0.040067986483050655
6359,1.0,0.8898810521074686,0.8898810521074686,0.47247335302377824,-0.1101189478925314,0.1101189478925314
6382,0.4643,0.39017618411541155,0.39017618411541155,0.47247335302377824,-0.07412381588458844,0.07412381588458844
6397,0.25,0.21590085788195545,0.21590085788195545,0.47247335302377824,-0.034099142118044545,0.034099142118044545
6399,0.0,0.028935445750078503,0.028935445750078503,0.47247335302377824,0.028935445750078503,0.028935445750078503
6401,0.3913,0.3984792441414423,0.3984792441414423,0.47247335302377824,0.007179244141442331,0.007179244141442331
6403,1.0,0.3069549780185633,0.3069549780185633,0.47247335302377824,-0.6930450219814367,0.6930450219814367
6416,0.7586,0.7214609103586402,0.7214609103586402,0.47247335302377824,-0.03713908964135981,0.03713908964135981
6423,1.0,0.9829836377535627,0.9829836377535627,0.47247335302377824,-0.017016362246437322,0.017016362246437322
6531,0.3704,0.3068036246092971,0.3068036246092971,0.47247335302377824,-0.0635963753907029,0.0635963753907029
6552,0.64,0.6104342731405016,0.6104342731405016,0.47247335302377824,-0.02956572685949843,0.02956572685949843
6563,0.8148,0.6377726989136646,0.6377726989136646,0.47247335302377824,-0.17702730108633535,0.17702730108633535
6631,0.04,0.05956855059531768,0.05956855059531768,0.47247335302377824,0.01956855059531768,0.01956855059531768
6634,0.8571,0.9231674131269059,0.9231674131269059,0.47247335302377824,0.0660674131269059,0.0660674131269059
6638,0.1667,0.16732179291684912,0.16732179291684912,0.47247335302377824,0.0006217929168491343,0.0006217929168491343
6647,0.0632,0.10069056762477313,0.10069056762477313,0.47247335302377824,0.037490567624773125,0.037490567624773125
6656,0.8462,0.9488744160299292,0.9488744160299292,0.47247335302377824,0.10267441602992922,0.10267441602992922
6669,0.3579,0.40186188618333796,0.40186188618333796,0.47247335302377824,0.04396188618333796,0.04396188618333796
6702,0.0667,0.06297634329548679,0.06297634329548679,0.47247335302377824,-0.0037236567045132035,0.0037236567045132035
6773,0.5312,0.5665041430373614,0.5665041430373614,0.47247335302377824,0.0353041430373614,0.0353041430373614
6786,0.3704,0.3651696887911532,0.3651696887911532,0.47247335302377824,-0.005230311208846816,0.005230311208846816
6804,0.05,0.00014984051675848153,0.00014984051675848153,0.47247335302377824,-0.04985015948324152,0.04985015948324152
6837,0.8763,0.80313088605831,0.80313088605831,0.47247335302377824,-0.07316911394169001,0.07316911394169001
6855,0.3125,0.34161714953690614,0.34161714953690614,0.47247335302377824,0.02911714953690614,0.02911714953690614
6897,0.0333,0.3185326823063175,0.3185326823063175,0.47247335302377824,0.2852326823063175,0.2852326823063175
6905,0.3404,0.39103952383784313,0.39103952383784313,0.47247335302377824,0.05063952383784315,0.05063952383784315
6932,0.1042,0.14087696136139288,0.14087696136139288,0.47247335302377824,0.03667696136139288,0.03667696136139288
6952,0.2889,0.28915270749833316,0.28915270749833316,0.47247335302377824,0.0002527074983331712,0.0002527074983331712
6964,0.6154,0.7352425332762329,0.7352425332762329,0.47247335302377824,0.11984253327623295,0.11984253327623295
6971,0.08,0.105919021741051,0.105919021741051,0.47247335302377824,0.025919021741051,0.025919021741051
7011,0.5357,0.5473470546659214,0.5473470546659214,0.47247335302377824,0.01164705466592142,0.01164705466592142
7016,0.2766,0.19730249548768625,0.19730249548768625,0.47247335302377824,-0.07929750451231377,0.07929750451231377
7018,0.0833,0.08370341570824441,0.08370341570824441,0.47247335302377824,0.00040341570824441175,0.00040341570824441175
7021,0.2128,0.16175619948140857,0.16175619948140857,0.47247335302377824,-0.05104380051859142,0.05104380051859142
7026,0.5851,0.496880044363853,0.496880044363853,0.47247335302377824,-0.08821995563614693,0.08821995563614693
7061,0.3854,0.35840144151152115,0.35840144151152115,0.47247335302377824,-0.026998558488478874,0.026998558488478874
7092,0.6458,0.614427207466661,0.614427207466661,0.47247335302377824,-0.03137279253333902,0.03137279253333902
7125,0.8519,0.8705058074978049,0.8705058074978049,0.47247335302377824,0.018605807497804938,0.018605807497804938
7142,1.0,0.8009534566467877,0.8009534566467877,0.47247335302377824,-0.19904654335321226,0.19904654335321226
7144,0.2737,0.39794157083793813,0.39794157083793813,0.47247335302377824,0.12424157083793813,0.12424157083793813
7201,0.6296,0.839587705862703,0.839587705862703,0.47247335302377824,0.209987705862703,0.209987705862703
7211,0.9348,0.91147187055918,0.91147187055918,0.47247335302377824,-0.023328129440819967,0.023328129440819967
7228,0.3462,0.467620661613997,0.467620661613997,0.47247335302377824,0.121420661613997,0.121420661613997
7253,0.5926,0.5474341909551719,0.5474341909551719,0.47247335302377824,-0.04516580904482814,0.04516580904482814
7349,0.1111,0.10061881633794206,0.10061881633794206,0.47247335302377824,-0.010481183662057941,0.010481183662057941
7356,0.8163,0.8361344138650049,0.8361344138650049,0.47247335302377824,0.01983441386500484,0.01983441386500484
7359,0.1379,0.2689244858142708,0.2689244858142708,0.47247335302377824,0.1310244858142708,0.1310244858142708
7398,0.9792,0.9169788379620458,0.9169788379620458,0.47247335302377824,-0.062221162037954136,0.062221162037954136
7424,0.7551,0.728608741284122,0.728608741284122,0.47247335302377824,-0.026491258715877986,0.026491258715877986
7433,0.1489,0.14373280478570766,0.14373280478570766,0.47247335302377824,-0.005167195214292347,0.005167195214292347
7442,0.9565,0.8170245578163613,0.8170245578163613,0.47247335302377824,-0.13947544218363872,0.13947544218363872
7489,0.7308,0.7452917451397478,0.7452917451397478,0.47247335302377824,0.014491745139747825,0.014491745139747825
7490,0.7708,0.8451720764203605,0.8451720764203605,0.47247335302377824,0.07437207642036048,0.07437207642036048
7497,0.9231,0.9352786023866413,0.9352786023866413,0.47247335302377824,0.012178602386641257,0.012178602386641257
7522,0.963,0.8407813206813719,0.8407813206813719,0.47247335302377824,-0.12221867931862807,0.12221867931862807
7553,0.7037,0.8405139313725865,0.8405139313725865,0.47247335302377824,0.13681393137258646,0.13681393137258646
7563,0.087,0.1637833936527215,0.1637833936527215,0.47247335302377824,0.0767833936527215,0.0767833936527215
7573,0.4667,0.4710090016830218,0.4710090016830218,0.47247335302377824,0.004309001683021785,0.004309001683021785
7658,0.6,0.37800995434662765,0.37800995434662765,0.47247335302377824,-0.22199004565337233,0.22199004565337233
7673,0.8846,0.76020501206957,0.76020501206957,0.47247335302377824,-0.12439498793043002,0.12439498793043002
7722,0.9348,0.9173334453568905,0.9173334453568905,0.47247335302377824,-0.017466554643109422,0.017466554643109422
7758,0.2593,0.26543765349638215,0.26543765349638215,0.47247335302377824,0.006137653496382178,0.006137653496382178
7763,0.28,0.3134890014469902,0.3134890014469902,0.47247335302377824,0.033489001446990185,0.033489001446990185
7784,0.625,0.6973772913016298,0.6973772913016298,0.47247335302377824,0.07237729130162984,0.07237729130162984
7817,0.8125,0.7232729108194053,0.7232729108194053,0.47247335302377824,-0.08922708918059474,0.08922708918059474
7844,0.44,0.5048966962723814,0.5048966962723814,0.47247335302377824,0.06489669627238143,0.06489669627238143
7855,0.0385,0.05355603907234929,0.05355603907234929,0.47247335302377824,0.015056039072349293,0.015056039072349293
7931,0.3,0.17829477144964812,0.17829477144964812,0.47247335302377824,-0.12170522855035187,0.12170522855035187
7936,0.8148,0.8066371705968748,0.8066371705968748,0.47247335302377824,-0.008162829403125182,0.008162829403125182
7942,0.4375,0.37796567065364944,0.37796567065364944,0.47247335302377824,-0.059534329346350556,0.059534329346350556
7979,0.6222,0.6989513958563782,0.6989513958563782,0.47247335302377824,0.07675139585637825,0.07675139585637825
7986,0.1915,0.22139314175243469,0.22139314175243469,0.47247335302377824,0.029893141752434682,0.029893141752434682
7987,0.5,0.4897118193899268,0.4897118193899268,0.47247335302377824,-0.010288180610073194,0.010288180610073194
8048,0.9286,0.7438114007778069,0.7438114007778069,0.47247335302377824,-0.18478859922219304,0.18478859922219304
8131,0.0851,0.10689519247235868,0.10689519247235868,0.47247335302377824,0.021795192472358685,0.021795192472358685
8138,0.3846,0.39342358438600616,0.39342358438600616,0.47247335302377824,0.008823584386006167,0.008823584386006167
8140,0.6207,0.49415073615419514,0.49415073615419514,0.47247335302377824,-0.1265492638458049,0.1265492638458049
8163,0.1852,0.3472750042923467,0.3472750042923467,0.47247335302377824,0.1620750042923467,0.1620750042923467
8240,0.963,0.8746352827969822,0.8746352827969822,0.47247335302377824,-0.08836471720301775,0.08836471720301775
8280,0.375,0.387003539703363,0.387003539703363,0.47247335302377824,0.012003539703362986,0.012003539703362986
8403,0.0,0.016574163201045322,0.016574163201045322,0.47247335302377824,0.016574163201045322,0.016574163201045322
8487,0.1778,0.12631687553918436,0.12631687553918436,0.47247335302377824,-0.051483124460815655,0.051483124460815655
8533,0.6667,0.5670979634792924,0.5670979634792924,0.47247335302377824,-0.09960203652070754,0.09960203652070754
8554,0.0208,0.020942900228651085,0.020942900228651085,0.47247335302377824,0.00014290022865108554,0.00014290022865108554
8564,0.6897,0.6255380502995433,0.6255380502995433,0.47247335302377824,-0.06416194970045663,0.06416194970045663
8582,0.0,0.09755903954619444,0.09755903954619444,0.47247335302377824,0.09755903954619444,0.09755903954619444
8592,0.8571,0.8158000514683987,0.8158000514683987,0.47247335302377824,-0.04129994853160124,0.04129994853160124
8605,0.0,0.20925647127176605,0.20925647127176605,0.47247335302377824,0.20925647127176605,0.20925647127176605
8616,0.4043,0.26246587898520196,0.26246587898520196,0.47247335302377824,-0.14183412101479803,0.14183412101479803
8675,0.0,0.018619136923151314,0.018619136923151314,0.47247335302377824,0.018619136923151314,0.018619136923151314
8767,0.5769,0.7510882925504079,0.7510882925504079,0.47247335302377824,0.1741882925504079,0.1741882925504079
8794,0.1099,0.09510281441281093,0.09510281441281093,0.47247335302377824,-0.014797185587189066,0.014797185587189066
8854,0.7407,0.5865131371005221,0.5865131371005221,0.47247335302377824,-0.15418686289947792,0.15418686289947792
8865,0.5682,0.5184534933779781,0.5184534933779781,0.47247335302377824,-0.04974650662202196,0.04974650662202196
8899,0.2963,0.4444531927616898,0.4444531927616898,0.47247335302377824,0.1481531927616898,0.1481531927616898
9016,0.1071,0.07947505678390576,0.07947505678390576,0.47247335302377824,-0.02762494321609424,0.02762494321609424
9039,0.2759,0.15119762868572917,0.15119762868572917,0.47247335302377824,-0.12470237131427081,0.12470237131427081
9048,0.4898,0.504963861748062,0.504963861748062,0.47247335302377824,0.015163861748061946,0.015163861748061946
9085,0.9643,0.9636985035955161,0.9636985035955161,0.47247335302377824,-0.0006014964044839255,0.0006014964044839255
9098,0.0,0.0043288499700985805,0.0043288499700985805,0.47247335302377824,0.0043288499700985805,0.0043288499700985805
9128,0.9897,0.9358922461292216,0.9358922461292216,0.47247335302377824,-0.05380775387077841,0.05380775387077841
9137,0.7674,0.8240374213003274,0.8240374213003274,0.47247335302377824,0.05663742130032745,0.05663742130032745
9144,0.84,0.908273213500014,0.908273213500014,0.47247335302377824,0.06827321350001403,0.06827321350001403
9336,0.6667,0.7179151057248545,0.7179151057248545,0.47247335302377824,0.05121510572485455,0.05121510572485455
9337,0.1522,0.1383475613452504,0.1383475613452504,0.47247335302377824,-0.01385243865474961,0.01385243865474961
9446,0.3265,0.3567635621228533,0.3567635621228533,0.47247335302377824,0.030263562122853305,0.030263562122853305
9459,0.3704,0.39606543370679403,0.39606543370679403,0.47247335302377824,0.025665433706794027,0.025665433706794027
9496,0.6458,0.6592105554919387,0.6592105554919387,0.47247335302377824,0.013410555491938703,0.013410555491938703
9543,0.36,0.5455686143504394,0.5455686143504394,0.47247335302377824,0.18556861435043936,0.18556861435043936
9592,0.5208,0.4479721649590944,0.4479721649590944,0.47247335302377824,-0.07282783504090562,0.07282783504090562
9639,0.5357,0.753916222359581,0.753916222359581,0.47247335302377824,0.21821622235958105,0.21821622235958105
9664,0.3617,0.2981043260726515,0.2981043260726515,0.47247335302377824,-0.0635956739273485,0.0635956739273485
9672,0.7778,0.6711878597576371,0.6711878597576371,0.47247335302377824,-0.10661214024236298,0.10661214024236298
9681,0.2143,0.145990306352752,0.145990306352752,0.47247335302377824,-0.06830969364724798,0.06830969364724798
9731,0.75,0.7198341925710307,0.7198341925710307,0.47247335302377824,-0.03016580742896935,0.03016580742896935
9738,0.0,0.012773603071222883,0.012773603071222883,0.47247335302377824,0.012773603071222883,0.012773603071222883
9795,0.1154,0.09319080533519009,0.09319080533519009,0.47247335302377824,-0.022209194664809917,0.022209194664809917
9815,0.3333,0.4149561527238428,0.4149561527238428,0.47247335302377824,0.0816561527238428,0.0816561527238428
9863,0.9574,0.9119999239733756,0.9119999239733756,0.47247335302377824,-0.045400076026624436,0.045400076026624436
9902,0.4043,0.43527683074898627,0.43527683074898627,0.47247335302377824,0.030976830748986273,0.030976830748986273
9946,0.8889,0.40782946376268786,0.40782946376268786,0.47247335302377824,-0.48107053623731216,0.48107053623731216
9951,0.7037,0.5945552449033858,0.5945552449033858,0.47247335302377824,-0.10914475509661414,0.10914475509661414
10004,0.0357,0.11142212082139469,0.11142212082139469,0.47247335302377824,0.07572212082139468,0.07572212082139468
10043,0.3409,0.32188953266361653,0.32188953266361653,0.47247335302377824,-0.019010467336383452,0.019010467336383452
10072,0.52,0.32405017065416053,0.32405017065416053,0.47247335302377824,-0.1959498293458395,0.1959498293458395
10114,0.4444,0.5294091751974371,0.5294091751974371,0.47247335302377824,0.08500917519743711,0.08500917519743711
10119,0.4479,0.5572189442655113,0.5572189442655113,0.47247335302377824,0.10931894426551131,0.10931894426551131
10127,0.3462,0.31941138988144446,0.31941138988144446,0.47247335302377824,-0.026788610118555545,0.026788610118555545
10140,0.0385,0.005904373793979234,0.005904373793979234,0.47247335302377824,-0.032595626206020765,0.032595626206020765
10186,0.4138,0.37927446514504803,0.37927446514504803,0.47247335302377824,-0.03452553485495197,0.03452553485495197
10216,0.069,0.10795221175421477,0.10795221175421477,0.47247335302377824,0.03895221175421476,0.03895221175421476
10219,0.6429,0.1720126768942678,0.1720126768942678,0.47247335302377824,-0.4708873231057322,0.4708873231057322
10232,0.5385,0.6897888076947154,0.6897888076947154,0.47247335302377824,0.15128880769471542,0.15128880769471542
10255,0.1828,0.18857365687188338,0.18857365687188338,0.47247335302377824,0.005773656871883387,0.005773656871883387
10262,0.5,0.5040152816979876,0.5040152816979876,0.47247335302377824,0.004015281697987594,0.004015281697987594
10306,0.5957,0.615705107810858,0.615705107810858,0.47247335302377824,0.02000510781085796,0.02000510781085796
10366,0.76,0.8960871161537713,0.8960871161537713,0.47247335302377824,0.13608711615377134,0.13608711615377134
10536,0.0769,0.030296984327246257,0.030296984327246257,0.47247335302377824,-0.04660301567275374,0.04660301567275374
10540,0.0357,0.017755258413560016,0.017755258413560016,0.47247335302377824,-0.017944741586439987,0.017944741586439987
10582,0.7037,0.6694831039207436,0.6694831039207436,0.47247335302377824,-0.034216896079256376,0.034216896079256376
10632,0.0,-0.0009912509156542737,0.0,0.47247335302377824,0.0,0.0
10639,0.931,0.8594762974392169,0.8594762974392169,0.47247335302377824,-0.07152370256078311,0.07152370256078311
10650,0.0454,0.07420629459909306,0.07420629459909306,0.47247335302377824,0.028806294599093056,0.028806294599093056
10694,0.5556,0.40788593965104036,0.40788593965104036,0.47247335302377824,-0.14771406034895962,0.14771406034895962
10720,0.931,0.866631019602667,0.866631019602667,0.47247335302377824,-0.06436898039733308,0.06436898039733308
10726,0.7449,0.6638992316701761,0.6638992316701761,0.47247335302377824,-0.08100076832982395,0.08100076832982395
10766,0.9592,0.8638042293383126,0.8638042293383126,0.47247335302377824,-0.09539577066168747,0.09539577066168747
10807,0.1596,0.17769667426286778,0.17769667426286778,0.47247335302377824,0.01809667426286779,0.01809667426286779
10855,0.3462,0.3199249911650656,0.3199249911650656,0.47247335302377824,-0.026275008834934388,0.026275008834934388
10888,0.6667,0.8428417268605006,0.8428417268605006,0.47247335302377824,0.17614172686050067,0.17614172686050067
10909,0.08,0.196553487037312,0.196553487037312,0.47247335302377824,0.11655348703731201,0.11655348703731201
10926,1.0,0.9506822639536737,0.9506822639536737,0.47247335302377824,-0.04931773604632628,0.04931773604632628
10934,0.9286,0.4266630389724232,0.4266630389724232,0.47247335302377824,-0.5019369610275768,0.5019369610275768
10971,0.4043,0.3237563578961956,0.3237563578961956,0.47247335302377824,-0.08054364210380438,0.08054364210380438
10972,0.1087,0.1295534675763249,0.1295534675763249,0.47247335302377824,0.020853467576324905,0.020853467576324905
11008,0.72,0.796837230994954,0.796837230994954,0.47247335302377824,0.07683723099495399,0.07683723099495399
11029,0.0,0.04972111310196764,0.04972111310196764,0.47247335302377824,0.04972111310196764,0.04972111310196764
11049,0.4239,0.47122879253711497,0.47122879253711497,0.47247335302377824,0.04732879253711497,0.04732879253711497
11068,0.3093,0.29173127417638706,0.29173127417638706,0.47247335302377824,-0.017568725823612963,0.017568725823612963
11078,0.0638,0.05558996710120151,0.05558996710120151,0.47247335302377824,-0.008210032898798486,0.008210032898798486
11109,0.0,0.01807031414737048,0.01807031414737048,0.47247335302377824,0.01807031414737048,0.01807031414737048
11118,0.963,0.831993705869176,0.831993705869176,0.47247335302377824,-0.13100629413082399,0.13100629413082399
11120,0.5543,0.6529246252121786,0.6529246252121786,0.47247335302377824,0.09862462521217863,0.09862462521217863
11125,0.7308,0.717756546000946,0.717756546000946,0.47247335302377824,-0.013043453999054044,0.013043453999054044
11132,0.7143,0.5598345086309978,0.5598345086309978,0.47247335302377824,-0.15446549136900223,0.15446549136900223
11144,0.1087,0.10129627859615681,0.10129627859615681,0.47247335302377824,-0.007403721403843197,0.007403721403843197
11146,0.0408,0.15054731917972985,0.15054731917972985,0.47247335302377824,0.10974731917972985,0.10974731917972985
11161,0.0345,0.025393370565114037,0.025393370565114037,0.47247335302377824,-0.009106629434885966,0.009106629434885966
11163,0.75,0.7623157170020118,0.7623157170020118,0.47247335302377824,0.012315717002011839,0.012315717002011839
11171,0.0,0.0013967519786667326,0.0013967519786667326,0.47247335302377824,0.0013967519786667326,0.0013967519786667326
11207,0.2222,0.2854336048727262,0.2854336048727262,0.47247335302377824,0.06323360487272617,0.06323360487272617
11214,0.1923,0.09345164967288927,0.09345164967288927,0.47247335302377824,-0.09884835032711073,0.09884835032711073
11231,0.4043,0.3224853023258086,0.3224853023258086,0.47247335302377824,-0.08181469767419142,0.08181469767419142
11259,0.1333,0.2609218177905156,0.2609218177905156,0.47247335302377824,0.1276218177905156,0.1276218177905156
11300,0.9792,0.8190699766675515,0.8190699766675515,0.47247335302377824,-0.1601300233324484,0.1601300233324484
11384,0.5,0.42398445396116935,0.42398445396116935,0.47247335302377824,-0.07601554603883065,0.07601554603883065
11391,0.5357,0.5348203320231395,0.5348203320231395,0.47247335302377824,-0.0008796679768604543,0.0008796679768604543
11400,0.1263,0.13647979668604326,0.13647979668604326,0.47247335302377824,0.010179796686043269,0.010179796686043269
11443,0.5714,0.8512662577877518,0.8512662577877518,0.47247335302377824,0.27986625778775176,0.27986625778775176
11458,0.7234,0.6654806284623717,0.6654806284623717,0.47247335302377824,-0.057919371537628384,0.057919371537628384
11498,0.551,0.5831679460938478,0.5831679460938478,0.47247335302377824,0.032167946093847766,0.032167946093847766
11542,0.5116,0.49149050440645314,0.49149050440645314,0.47247335302377824,-0.02010949559354691,0.02010949559354691
11568,0.299,0.3279860020285599,0.3279860020285599,0.47247335302377824,0.028986002028559887,0.028986002028559887
11572,0.08,0.08833359538596414,0.08833359538596414,0.47247335302377824,0.008333595385964135,0.008333595385964135
11586,0.037,0.06225964690890423,0.06225964690890423,0.47247335302377824,0.025259646908904233,0.025259646908904233
11675,0.5,0.4510684188594372,0.4510684188594372,0.47247335302377824,-0.048931581140562785,0.048931581140562785
11688,0.6702,0.7850222694114526,0.7850222694114526,0.47247335302377824,0.11482226941145257,0.11482226941145257
11700,0.9783,0.879189520339194,0.879189520339194,0.47247335302377824,-0.099110479660806,0.099110479660806
11746,0.7857,0.8817352097325097,0.8817352097325097,0.47247335302377824,0.09603520973250979,0.09603520973250979
11809,0.7708,0.797621807883818,0.797621807883818,0.47247335302377824,0.02682180788381794,0.02682180788381794
11820,0.5862,0.5443933974450001,0.5443933974450001,0.47247335302377824,-0.041806602554999905,0.041806602554999905
11828,0.7037,0.6925911026704341,0.6925911026704341,0.47247335302377824,-0.011108897329565881,0.011108897329565881
11872,0.6531,0.6823585696398132,0.6823585696398132,0.47247335302377824,0.029258569639813214,0.029258569639813214
11874,1.0,0.9638127572142259,0.9638127572142259,0.47247335302377824,-0.03618724278577412,0.03618724278577412
11892,0.1786,0.15119434589854458,0.15119434589854458,0.47247335302377824,-0.02740565410145543,0.02740565410145543
11908,0.1923,0.1705273292923794,0.1705273292923794,0.47247335302377824,-0.021772670707620595,0.021772670707620595
11925,0.0417,0.061062225050518726,0.061062225050518726,0.47247335302377824,0.019362225050518725,0.019362225050518725
11970,0.5106,0.20833888199393946,0.20833888199393946,0.47247335302377824,-0.3022611180060606,0.3022611180060606
11979,0.1481,0.20290550721558254,0.20290550721558254,0.47247335302377824,0.05480550721558253,0.05480550721558253
12029,0.8333,0.834849709361025,0.834849709361025,0.47247335302377824,0.0015497093610249424,0.0015497093610249424
12048,0.9545,0.8525369214347982,0.8525369214347982,0.47247335302377824,-0.10196307856520181,0.10196307856520181
12123,0.7143,0.7671856292081213,0.7671856292081213,0.47247335302377824,0.05288562920812123,0.05288562920812123
12130,0.6804,0.6068456828785509,0.6068456828785509,0.47247335302377824,-0.07355431712144911,0.07355431712144911
12139,0.617,0.614813277792293,0.614813277792293,0.47247335302377824,-0.0021867222077069925,0.0021867222077069925
12180,0.1837,0.1669930688661661,0.1669930688661661,0.47247335302377824,-0.016706931133833897,0.016706931133833897
12214,0.0213,0.05410346962982221,0.05410346962982221,0.47247335302377824,0.03280346962982221,0.03280346962982221
12217,0.3187,0.2931445971096678,0.2931445971096678,0.47247335302377824,-0.0255554028903322,0.0255554028903322
12241,0.7292,0.6869206406225918,0.6869206406225918,0.47247335302377824,-0.04227935937740812,0.04227935937740812
12242,0.6923,0.6864037561411662,0.6864037561411662,0.47247335302377824,-0.005896243858833805,0.005896243858833805
12276,0.4828,0.40904232192068257,0.40904232192068257,0.47247335302377824,-0.07375767807931743,0.07375767807931743
12280,0.3929,0.600857759654274,0.600857759654274,0.47247335302377824,0.207957759654274,0.207957759654274
12297,0.2857,0.44534841526612273,0.44534841526612273,0.47247335302377824,0.15964841526612272,0.15964841526612272
12322,0.8913,0.85841870454199,0.85841870454199,0.47247335302377824,-0.032881295458009996,0.032881295458009996
12351,0.0417,0.054125908723735294,0.054125908723735294,0.47247335302377824,0.012425908723735293,0.012425908723735293
12357,0.9643,0.9267210517542867,0.9267210517542867,0.47247335302377824,-0.037578948245713395,0.037578948245713395
12423,0.72,0.6199887205959204,0.6199887205959204,0.47247335302377824,-0.10001127940407961,0.10001127940407961
12444,0.8214,0.854869260026589,0.854869260026589,0.47247335302377824,0.03346926002658901,0.03346926002658901
12453,0.931,0.8457106841601001,0.8457106841601001,0.47247335302377824,-0.08528931583989996,0.08528931583989996
12461,0.1959,0.20270977210195157,0.20270977210195157,0.47247335302377824,0.006809772101951578,0.006809772101951578
12505,0.4222,0.49762116384823185,0.49762116384823185,0.47247335302377824,0.07542116384823183,0.07542116384823183
12519,0.6277,0.7337338933574507,0.7337338933574507,0.47247335302377824,0.10603389335745061,0.10603389335745061
12560,0.5926,0.5786258940236271,0.5786258940236271,0.47247335302377824,-0.013974105976372941,0.013974105976372941
12580,0.2857,0.37138671154043656,0.37138671154043656,0.47247335302377824,0.08568671154043656,0.08568671154043656
12583,0.36,0.3519178570765156,0.3519178570765156,0.47247335302377824,-0.008082142923484414,0.008082142923484414
12588,0.76,0.8007946746394072,0.8007946746394072,0.47247335302377824,0.040794674639407225,0.040794674639407225
12598,0.6538,0.8385922685038749,0.8385922685038749,0.47247335302377824,0.18479226850387487,0.18479226850387487
12615,0.4433,0.4501028396769603,0.4501028396769603,0.47247335302377824,0.006802839676960271,0.006802839676960271
12631,0.5521,0.5081660253338391,0.5081660253338391,0.47247335302377824,-0.04393397466616089,0.04393397466616089
12659,0.0,0.016559747006401115,0.016559747006401115,0.47247335302377824,0.016559747006401115,0.016559747006401115
12681,0.25,0.20555818415097193,0.20555818415097193,0.47247335302377824,-0.044441815849028066,0.044441815849028066
12691,0.7083,0.7413171859719572,0.7413171859719572,0.47247335302377824,0.03301718597195713,0.03301718597195713
12695,0.2414,0.28917635930491864,0.28917635930491864,0.47247335302377824,0.047776359304918636,0.047776359304918636
12750,0.3673,0.25469034868492124,0.25469034868492124,0.47247335302377824,-0.11260965131507877,0.11260965131507877
12763,0.6538,0.4918747140726489,0.4918747140726489,0.47247335302377824,-0.16192528592735117,0.16192528592735117
12775,0.381,0.5229843581653563,0.5229843581653563,0.47247335302377824,0.14198435816535626,0.14198435816535626
12795,0.7037,0.7927960232068418,0.7927960232068418,0.47247335302377824,0.08909602320684185,0.08909602320684185
12798,0.5652,0.5996096311931906,0.5996096311931906,0.47247335302377824,0.034409631193190515,0.034409631193190515
12808,0.52,0.48207175185821755,0.48207175185821755,0.47247335302377824,-0.03792824814178247,0.03792824814178247
12812,0.9792,0.9460474912075902,0.9460474912075902,0.47247335302377824,-0.03315250879240972,0.03315250879240972
12816,0.7778,0.8524680184258744,0.8524680184258744,0.47247335302377824,0.07466801842587434,0.07466801842587434
12876,0.7174,0.6150464736227655,0.6150464736227655,0.47247335302377824,-0.1023535263772345,0.1023535263772345
12940,0.4035,0.41370010010786534,0.41370010010786534,0.47247335302377824,0.010200100107865318,0.010200100107865318
12952,0.3214,0.28979614256448516,0.28979614256448516,0.47247335302377824,-0.03160385743551486,0.03160385743551486
12990,0.8913,0.79398458805373,0.79398458805373,0.47247335302377824,-0.09731541194627003,0.09731541194627003
13029,0.2692,0.371935102560296,0.371935102560296,0.47247335302377824,0.102735102560296,0.102735102560296
13051,1.0,0.8997080753936654,0.8997080753936654,0.47247335302377824,-0.10029192460633463,0.10029192460633463
13087,0.1042,0.11943683362331958,0.11943683362331958,0.47247335302377824,0.015236833623319582,0.015236833623319582
13129,0.1154,0.15345367087077533,0.15345367087077533,0.47247335302377824,0.038053670870775325,0.038053670870775325
13134,0.0,0.009499431752517606,0.009499431752517606,0.47247335302377824,0.009499431752517606,0.009499431752517606
13146,0.0417,0.1007556336226818,0.1007556336226818,0.47247335302377824,0.059055633622681805,0.059055633622681805
13148,0.6809,0.6377518868412859,0.6377518868412859,0.47247335302377824,-0.04314811315871403,0.04314811315871403
13199,0.1071,0.13024807002633798,0.13024807002633798,0.47247335302377824,0.02314807002633798,0.02314807002633798
13224,0.6596,0.8039180096455094,0.8039180096455094,0.47247335302377824,0.14431800964550945,0.14431800964550945
13247,0.1786,0.18923699510302444,0.18923699510302444,0.47247335302377824,0.010636995103024433,0.010636995103024433
13260,0.375,0.3578400824292645,0.3578400824292645,0.47247335302377824,-0.017159917570735483,0.017159917570735483
13298,0.0,0.011889532618860443,0.011889532618860443,0.47247335302377824,0.011889532618860443,0.011889532618860443
13317,0.7609,0.6623786033295691,0.6623786033295691,0.47247335302377824,-0.09852139667043092,0.09852139667043092
13323,0.0,0.04810805725700379,0.04810805725700379,0.47247335302377824,0.04810805725700379,0.04810805725700379
13346,0.5521,0.617864091339007,0.617864091339007,0.47247335302377824,0.06576409133900696,0.06576409133900696
13357,0.5,0.48550891474949925,0.48550891474949925,0.47247335302377824,-0.014491085250500746,0.014491085250500746
13386,0.6552,0.6455822837315983,0.6455822837315983,0.47247335302377824,-0.009617716268401688,0.009617716268401688
13419,0.3571,0.3047258645042705,0.3047258645042705,0.47247335302377824,-0.052374135495729446,0.052374135495729446
13438,0.52,0.5225637366670628,0.5225637366670628,0.47247335302377824,0.002563736667062777,0.002563736667062777
13484,0.4286,0.38324796394078525,0.38324796394078525,0.47247335302377824,-0.04535203605921473,0.04535203605921473
13590,0.8764,0.9331013885392132,0.9331013885392132,0.47247335302377824,0.05670138853921325,0.05670138853921325
13600,0.4898,0.569992323351856,0.569992323351856,0.47247335302377824,0.080192323351856,0.080192323351856
13601,0.25,0.24041486528777825,0.24041486528777825,0.47247335302377824,-0.009585134712221749,0.009585134712221749
13631,0.4333,0.40367630443004915,0.40367630443004915,0.47247335302377824,-0.02962369556995087,0.02962369556995087
13663,0.9231,0.9342143138599563,0.9342143138599563,0.47247335302377824,0.011114313859956315,0.011114313859956315
13708,0.9643,0.9351911001622846,0.9351911001622846,0.47247335302377824,-0.029108899837715474,0.029108899837715474
13760,0.0,0.021843766814134413,0.021843766814134413,0.47247335302377824,0.021843766814134413,0.021843766814134413
13776,0.3061,0.36588052019376816,0.36588052019376816,0.47247335302377824,0.05978052019376817,0.05978052019376817
13779,0.2273,0.258185186461287,0.258185186461287,0.47247335302377824,0.030885186461287018,0.030885186461287018
13781,0.0,0.03656378756047485,0.03656378756047485,0.47247335302377824,0.03656378756047485,0.03656378756047485
13832,0.7895,0.7516661819139745,0.7516661819139745,0.47247335302377824,-0.037833818086025484,0.037833818086025484
13854,0.0345,0.01745156288353128,0.01745156288353128,0.47247335302377824,-0.017048437116468723,0.017048437116468723
13858,0.5185,0.5735926830082747,0.5735926830082747,0.47247335302377824,0.055092683008274745,0.055092683008274745
13872,1.0,0.9556395881317381,0.9556395881317381,0.47247335302377824,-0.044360411868261895,0.044360411868261895
13876,0.5618,0.8752149653302141,0.8752149653302141,0.47247335302377824,0.3134149653302142,0.3134149653302142
13900,0.0435,0.05451988183623169,0.05451988183623169,0.47247335302377824,0.01101988183623169,0.01101988183623169
13912,0.1196,0.11486322744875643,0.11486322744875643,0.47247335302377824,-0.004736772551243565,0.004736772551243565
13928,0.8621,0.8635442588283594,0.8635442588283594,0.47247335302377824,0.0014442588283594127,0.0014442588283594127
13974,0.3462,0.3652462212706068,0.3652462212706068,0.47247335302377824,0.01904622127060679,0.01904622127060679
13978,0.8866,0.9455986914026306,0.9455986914026306,0.47247335302377824,0.05899869140263059,0.05899869140263059
13985,0.3191,0.23334504271591258,0.23334504271591258,0.47247335302377824,-0.08575495728408741,0.08575495728408741
14001,0.0,0.04356643459848891,0.04356643459848891,0.47247335302377824,0.04356643459848891,0.04356643459848891
14016,0.413,0.35514611138005864,0.35514611138005864,0.47247335302377824,-0.05785388861994134,0.05785388861994134
14024,0.5385,0.45286454764710754,0.45286454764710754,0.47247335302377824,-0.08563545235289244,0.08563545235289244
14038,0.1087,0.06464729580347156,0.06464729580347156,0.47247335302377824,-0.044052704196528444,0.044052704196528444
14046,0.1786,0.2838768722674997,0.2838768722674997,0.47247335302377824,0.10527687226749968,0.10527687226749968
14056,0.7849,0.7321532908571281,0.7321532908571281,0.47247335302377824,-0.05274670914287194,0.05274670914287194
14060,0.1837,0.14739819657140135,0.14739819657140135,0.47247335302377824,-0.03630180342859865,0.03630180342859865
14092,0.9677,0.9643715970686417,0.9643715970686417,0.47247335302377824,-0.0033284029313582764,0.0033284029313582764
14131,0.5769,0.701644634935262,0.701644634935262,0.47247335302377824,0.124744634935262,0.124744634935262
14141,0.0,0.009683922542386092,0.009683922542386092,0.47247335302377824,0.009683922542386092,0.009683922542386092
14144,0.6,0.680237943808592,0.680237943808592,0.47247335302377824,0.08023794380859206,0.08023794380859206
14146,0.5769,0.29223508217156535,0.29223508217156535,0.47247335302377824,-0.2846649178284346,0.2846649178284346
14160,0.8077,0.908415202417292,0.908415202417292,0.47247335302377824,0.10071520241729204,0.10071520241729204
14167,0.4231,0.4608505909110345,0.4608505909110345,0.47247335302377824,0.0377505909110345,0.0377505909110345
14191,0.9149,0.8753195601789607,0.8753195601789607,0.47247335302377824,-0.039580439821039315,0.039580439821039315
14200,0.0,-0.02007995160980669,0.0,0.47247335302377824,0.0,0.0
14301,0.4444,0.4737555367875591,0.4737555367875591,0.47247335302377824,0.02935553678755909,0.02935553678755909
14367,0.5876,0.6371661952097217,0.6371661952097217,0.47247335302377824,0.04956619520972172,0.04956619520972172
14372,0.8958,0.8894425640412886,0.8894425640412886,0.47247335302377824,-0.00635743595871141,0.00635743595871141
14474,0.2727,0.27270513526365575,0.27270513526365575,0.47247335302377824,5.1352636557533415e-06,5.1352636557533415e-06
14510,0.3469,0.328659301251928,0.328659301251928,0.47247335302377824,-0.018240698748071993,0.018240698748071993
14544,0.3333,0.371926797453181,0.371926797453181,0.47247335302377824,0.03862679745318104,0.03862679745318104
14549,0.1071,0.1574209895601522,0.1574209895601522,0.47247335302377824,0.05032098956015221,0.05032098956015221
14576,0.9362,0.9056510717491992,0.9056510717491992,0.47247335302377824,-0.0305489282508008,0.0305489282508008
14584,0.2692,0.2918279719382801,0.2918279719382801,0.47247335302377824,0.02262797193828009,0.02262797193828009
14666,0.12,0.11491418147566962,0.11491418147566962,0.47247335302377824,-0.005085818524330377,0.005085818524330377
14725,0.7241,0.7986790848833293,0.7986790848833293,0.47247335302377824,0.07457908488332932,0.07457908488332932
14756,0.75,0.7364572674726444,0.7364572674726444,0.47247335302377824,-0.013542732527355605,0.013542732527355605
14769,0.7857,0.49410757874032274,0.49410757874032274,0.47247335302377824,-0.2915924212596772,0.2915924212596772
14788,0.5745,0.5270074796106522,0.5270074796106522,0.47247335302377824,-0.047492520389347814,0.047492520389347814
14801,0.7857,0.8257007936091783,0.8257007936091783,0.47247335302377824,0.0400007936091783,0.0400007936091783
14864,0.64,0.6801987755986325,0.6801987755986325,0.47247335302377824,0.0401987755986325,0.0401987755986325
14892,0.0357,0.030305725279100137,0.030305725279100137,0.47247335302377824,-0.005394274720899865,0.005394274720899865
14968,0.0,0.043881067145338126,0.043881067145338126,0.47247335302377824,0.043881067145338126,0.043881067145338126
15035,0.5185,0.5103541576024978,0.5103541576024978,0.47247335302377824,-0.008145842397502157,0.008145842397502157
15040,0.7292,0.6659498303843112,0.6659498303843112,0.47247335302377824,-0.06325016961568874,0.06325016961568874
15052,0.7407,0.7255013285405507,0.7255013285405507,0.47247335302377824,-0.015198671459449309,0.015198671459449309
15069,0.8351,0.7990286505380859,0.7990286505380859,0.47247335302377824,-0.03607134946191404,0.03607134946191404
15074,1.0,0.9913142960571072,0.9913142960571072,0.47247335302377824,-0.008685703942892808,0.008685703942892808
15083,0.7931,0.8012696938621793,0.8012696938621793,0.47247335302377824,0.00816969386217925,0.00816969386217925
15133,0.1458,0.14102759060247405,0.14102759060247405,0.47247335302377824,-0.004772409397525962,0.004772409397525962
15147,0.8936,0.9170272554268785,0.9170272554268785,0.47247335302377824,0.023427255426878513,0.023427255426878513
15171,0.1856,0.2108147622588991,0.2108147622588991,0.47247335302377824,0.025214762258899126,0.025214762258899126
15204,0.1852,0.1958374187962726,0.1958374187962726,0.47247335302377824,0.010637418796272585,0.010637418796272585
15243,0.8804,0.8771011090726107,0.8771011090726107,0.47247335302377824,-0.0032988909273892197,0.0032988909273892197
15244,0.1154,0.21354742111535646,0.21354742111535646,0.47247335302377824,0.09814742111535646,0.09814742111535646
15245,0.2222,0.3289167341812025,0.3289167341812025,0.47247335302377824,0.10671673418120248,0.10671673418120248
15261,0.4286,0.3795839527927685,0.3795839527927685,0.47247335302377824,-0.04901604720723146,0.04901604720723146
15292,0.12,0.057235138938147634,0.057235138938147634,0.47247335302377824,-0.06276486106185236,0.06276486106185236
15366,0.9556,0.9632266027442122,0.9632266027442122,0.47247335302377824,0.00762660274421223,0.00762660274421223
15422,0.3929,0.4655305393676977,0.4655305393676977,0.47247335302377824,0.0726305393676977,0.0726305393676977
15437,0.1786,0.1678331944949909,0.1678331944949909,0.47247335302377824,-0.010766805505009108,0.010766805505009108
15444,0.2857,0.44969186087395374,0.44969186087395374,0.47247335302377824,0.16399186087395373,0.16399186087395373
15462,0.7778,0.6377572345666142,0.6377572345666142,0.47247335302377824,-0.1400427654333859,0.1400427654333859
15486,0.6667,0.4846335557031657,0.4846335557031657,0.47247335302377824,-0.18206644429683427,0.18206644429683427
15562,0.8085,0.8988438380040431,0.8988438380040431,0.47247335302377824,0.09034383800404311,0.09034383800404311
15611,0.125,0.17055333548935692,0.17055333548935692,0.47247335302377824,0.045553335489356916,0.045553335489356916
15617,0.7037,0.587582465879458,0.587582465879458,0.47247335302377824,-0.11611753412054204,0.11611753412054204
15642,0.5385,0.460158756176419,0.460158756176419,0.47247335302377824,-0.07834124382358099,0.07834124382358099
15678,0.4483,0.38514276259448954,0.38514276259448954,0.47247335302377824,-0.06315723740551044,0.06315723740551044
15721,0.3333,0.6637671583854996,0.6637671583854996,0.47247335302377824,0.3304671583854996,0.3304671583854996
15824,0.037,0.04263652718258154,0.04263652718258154,0.47247335302377824,0.0056365271825815425,0.0056365271825815425
15826,0.5968,0.5952702435780964,0.5952702435780964,0.47247335302377824,-0.0015297564219035609,0.0015297564219035609
15887,0.5652,0.6695483368096776,0.6695483368096776,0.47247335302377824,0.10434833680967759,0.10434833680967759
15888,0.44,0.4589192733678371,0.4589192733678371,0.47247335302377824,0.01891927336783711,0.01891927336783711
15901,0.8571,0.9416430398556752,0.9416430398556752,0.47247335302377824,0.08454303985567524,0.08454303985567524
15930,0.1158,0.18726203468007413,0.18726203468007413,0.47247335302377824,0.07146203468007413,0.07146203468007413
15938,0.2222,0.2490913923740392,0.2490913923740392,0.47247335302377824,0.026891392374039202,0.026891392374039202
15963,0.2571,0.4106384430993657,0.4106384430993657,0.47247335302377824,0.1535384430993657,0.1535384430993657
15987,0.1667,0.10760399702825596,0.10760399702825596,0.47247335302377824,-0.05909600297174403,0.05909600297174403
16016,0.1724,0.22545350711844198,0.22545350711844198,0.47247335302377824,0.05305350711844198,0.05305350711844198
16056,0.0,0.026954693261323215,0.026954693261323215,0.47247335302377824,0.026954693261323215,0.026954693261323215
16088,0.3191,0.31023486546555357,0.31023486546555357,0.47247335302377824,-0.008865134534446428,0.008865134534446428
16094,0.8736,0.8220991023011386,0.8220991023011386,0.47247335302377824,-0.05150089769886146,0.05150089769886146
16108,0.0,0.0006708183704411397,0.0006708183704411397,0.47247335302377824,0.0006708183704411397,0.0006708183704411397
16195,0.1957,0.19807229061775533,0.19807229061775533,0.47247335302377824,0.0023722906177553182,0.0023722906177553182
16199,0.2917,0.2625123993364805,0.2625123993364805,0.47247335302377824,-0.029187600663519497,0.029187600663519497
16219,0.8958,0.8809465115060031,0.8809465115060031,0.47247335302377824,-0.014853488493996925,0.014853488493996925
16302,0.0714,0.06843784543819559,0.06843784543819559,0.47247335302377824,-0.002962154561804417,0.002962154561804417
16312,0.0333,0.08877353434950203,0.08877353434950203,0.47247335302377824,0.05547353434950202,0.05547353434950202
16345,0.0,0.0015397477840971008,0.0015397477840971008,0.47247335302377824,0.0015397477840971008,0.0015397477840971008
16360,0.8462,0.682367847455687,0.682367847455687,0.47247335302377824,-0.16383215254431294,0.16383215254431294
16376,0.3864,0.36041555945358594,0.36041555945358594,0.47247335302377824,-0.025984440546414078,0.025984440546414078
16416,0.1429,0.15275758438093412,0.15275758438093412,0.47247335302377824,0.00985758438093412,0.00985758438093412
16460,1.0,0.9320326873871937,0.9320326873871937,0.47247335302377824,-0.06796731261280631,0.06796731261280631
16529,0.0408,0.06454608012778296,0.06454608012778296,0.47247335302377824,0.023746080127782954,0.023746080127782954
16591,0.3846,0.3553632625743014,0.3553632625743014,0.47247335302377824,-0.0292367374256986,0.0292367374256986
16606,0.8542,0.8640634107827156,0.8640634107827156,0.47247335302377824,0.009863410782715687,0.009863410782715687
16614,0.16,0.2640762494585758,0.2640762494585758,0.47247335302377824,0.10407624945857577,0.10407624945857577
16616,0.7931,0.6973621152300604,0.6973621152300604,0.47247335302377824,-0.09573788476993961,0.09573788476993961
16627,0.4643,0.5407435516275529,0.5407435516275529,0.47247335302377824,0.07644355162755295,0.07644355162755295
16635,0.3125,0.3260788030275583,0.3260788030275583,0.47247335302377824,0.013578803027558317,0.013578803027558317
16647,0.6786,0.719691133074141,0.719691133074141,0.47247335302377824,0.04109113307414103,0.04109113307414103
16675,0.7111,0.75593113927667,0.75593113927667,0.47247335302377824,0.04483113927667004,0.04483113927667004
16687,0.92,0.8720945394554735,0.8720945394554735,0.47247335302377824,-0.04790546054452649,0.04790546054452649
16705,0.4255,0.5135243095605643,0.5135243095605643,0.47247335302377824,0.08802430956056428,0.08802430956056428
16719,0.8511,0.8754004004789404,0.8754004004789404,0.47247335302377824,0.024300400478940443,0.024300400478940443
16739,0.08,0.04531055365810899,0.04531055365810899,0.47247335302377824,-0.034689446341891014,0.034689446341891014
16802,0.3,0.2795545624490971,0.2795545624490971,0.47247335302377824,-0.02044543755090289,0.02044543755090289
16805,0.2083,0.2087255118570172,0.2087255118570172,0.47247335302377824,0.00042551185701719674,0.00042551185701719674
16811,0.602,0.656861710871741,0.656861710871741,0.47247335302377824,0.054861710871740965,0.054861710871740965
16821,0.9286,0.8785906201211116,0.8785906201211116,0.47247335302377824,-0.05000937987888843,0.05000937987888843
16857,0.4948,0.6478688982936709,0.6478688982936709,0.47247335302377824,0.15306889829367087,0.15306889829367087
16871,0.7174,0.8508919948510011,0.8508919948510011,0.47247335302377824,0.13349199485100105,0.13349199485100105
16889,0.0,0.07121525326557082,0.07121525326557082,0.47247335302377824,0.07121525326557082,0.07121525326557082
16948,0.9583,0.8084750301547831,0.8084750301547831,0.47247335302377824,-0.14982496984521698,0.14982496984521698
17040,0.1684,0.1884669469280722,0.1884669469280722,0.47247335302377824,0.020066946928072205,0.020066946928072205
17076,0.0,0.014337864368799136,0.014337864368799136,0.47247335302377824,0.014337864368799136,0.014337864368799136
17083,0.4787,0.5195650236395561,0.5195650236395561,0.47247335302377824,0.04086502363955613,0.04086502363955613
17186,0.1379,0.14358004313374112,0.14358004313374112,0.47247335302377824,0.005680043133741125,0.005680043133741125
17188,0.9792,0.8931728654274417,0.8931728654274417,0.47247335302377824,-0.08602713457255828,0.08602713457255828
17194,0.7273,0.8126045139215958,0.8126045139215958,0.47247335302377824,0.08530451392159588,0.08530451392159588
17240,0.2222,0.2419964018509381,0.2419964018509381,0.47247335302377824,0.01979640185093809,0.01979640185093809
17272,0.1071,0.047902855721915716,0.047902855721915716,0.47247335302377824,-0.059197144278084285,0.059197144278084285
17336,0.1915,0.20302187107481567,0.20302187107481567,0.47247335302377824,0.01152187107481567,0.01152187107481567
17355,0.1429,0.14206964957902157,0.14206964957902157,0.47247335302377824,-0.0008303504209784263,0.0008303504209784263
17358,0.0,0.005010146599211451,0.005010146599211451,0.47247335302377824,0.005010146599211451,0.005010146599211451
17362,0.1702,0.17466536017446088,0.17466536017446088,0.47247335302377824,0.004465360174460892,0.004465360174460892
17369,0.7241,0.7904369792814622,0.7904369792814622,0.47247335302377824,0.0663369792814622,0.0663369792814622
17408,0.8298,0.7177890574888389,0.7177890574888389,0.47247335302377824,-0.11201094251116106,0.11201094251116106
17499,0.4483,0.5708842568849335,0.5708842568849335,0.47247335302377824,0.12258425688493352,0.12258425688493352
17500,0.0425,0.07650378680038766,0.07650378680038766,0.47247335302377824,0.03400378680038766,0.03400378680038766
17558,0.6596,0.6022238178552946,0.6022238178552946,0.47247335302377824,-0.05737618214470541,0.05737618214470541
17568,0.0,0.01599418290264415,0.01599418290264415,0.47247335302377824,0.01599418290264415,0.01599418290264415
17617,1.0,0.9442010231860312,0.9442010231860312,0.47247335302377824,-0.05579897681396884,0.05579897681396884
17636,0.8333,0.7739490338319643,0.7739490338319643,0.47247335302377824,-0.0593509661680357,0.0593509661680357
17638,0.4468,0.37159740910516353,0.37159740910516353,0.47247335302377824,-0.07520259089483644,0.07520259089483644
17658,0.5,0.5893602144294443,0.5893602144294443,0.47247335302377824,0.0893602144294443,0.0893602144294443
17699,0.6786,0.6608840596689392,0.6608840596689392,0.47247335302377824,-0.01771594033106083,0.01771594033106083
17734,0.0357,0.017109051516730145,0.017109051516730145,0.47247335302377824,-0.018590948483269858,0.018590948483269858
17776,0.4074,0.43521085211838734,0.43521085211838734,0.47247335302377824,0.027810852118387352,0.027810852118387352
17842,0.4792,0.5091449038842619,0.5091449038842619,0.47247335302377824,0.02994490388426191,0.02994490388426191
17865,0.1111,0.288806244495711,0.288806244495711,0.47247335302377824,0.177706244495711,0.177706244495711
17877,0.7766,0.6928359701611153,0.6928359701611153,0.47247335302377824,-0.08376402983888465,0.08376402983888465
17919,0.5,0.5445276458684685,0.5445276458684685,0.47247335302377824,0.04452764586846847,0.04452764586846847
17920,0.1429,0.10269412911503895,0.10269412911503895,0.47247335302377824,-0.040205870884961054,0.040205870884961054
17971,0.8526,0.8865912545403911,0.8865912545403911,0.47247335302377824,0.03399125454039109,0.03399125454039109
17972,0.079,0.1723448020823945,0.1723448020823945,0.47247335302377824,0.0933448020823945,0.0933448020823945
17991,0.2308,0.22583876302119701,0.22583876302119701,0.47247335302377824,-0.004961236978802991,0.004961236978802991
18019,0.1064,0.09191148378766045,0.09191148378766045,0.47247335302377824,-0.014488516212339542,0.014488516212339542
18049,0.1481,0.14124472509799668,0.14124472509799668,0.47247335302377824,-0.006855274902003328,0.006855274902003328
18083,0.1522,0.11351962828943851,0.11351962828943851,0.47247335302377824,-0.03868037171056149,0.03868037171056149
18121,0.413,0.44113606046589904,0.44113606046589904,0.47247335302377824,0.02813606046589906,0.02813606046589906
18123,0.5,0.48705555625879504,0.48705555625879504,0.47247335302377824,-0.012944443741204958,0.012944443741204958
18193,0.7407,0.7055146527405802,0.7055146527405802,0.47247335302377824,-0.0351853472594198,0.0351853472594198
18220,0.5556,0.6606295241462811,0.6606295241462811,0.47247335302377824,0.10502952414628108,0.10502952414628108
18222,0.7308,0.5994074239398218,0.5994074239398218,0.47247335302377824,-0.13139257606017818,0.13139257606017818
18235,0.2857,0.20317336468830388,0.20317336468830388,0.47247335302377824,-0.08252663531169613,0.08252663531169613
18277,0.2143,0.27093347254214634,0.27093347254214634,0.47247335302377824,0.056633472542146346,0.056633472542146346
18292,0.6667,0.7178632552513554,0.7178632552513554,0.47247335302377824,0.051163255251355455,0.051163255251355455
18325,0.6071,0.6165717314885567,0.6165717314885567,0.47247335302377824,0.009471731488556734,0.009471731488556734
18345,0.6146,0.6059875533020915,0.6059875533020915,0.47247335302377824,-0.008612446697908505,0.008612446697908505
18346,0.0208,0.016500662532682286,0.016500662532682286,0.47247335302377824,-0.004299337467317713,0.004299337467317713
18355,0.2414,0.27540517771365164,0.27540517771365164,0.47247335302377824,0.034005177713651635,0.034005177713651635
18361,0.2692,0.3464254488893929,0.3464254488893929,0.47247335302377824,0.07722544888939292,0.07722544888939292
18368,0.4074,0.3550547068888962,0.3550547068888962,0.47247335302377824,-0.05234529311110381,0.05234529311110381
18375,0.8646,0.8487460432629169,0.8487460432629169,0.47247335302377824,-0.01585395673708312,0.01585395673708312
18381,0.6429,0.6232792721086459,0.6232792721086459,0.47247335302377824,-0.01962072789135416,0.01962072789135416
18389,0.1111,0.05804391634405098,0.05804391634405098,0.47247335302377824,-0.05305608365594902,0.05305608365594902
18404,0.5185,0.34983216704335246,0.34983216704335246,0.47247335302377824,-0.1686678329566475,0.1686678329566475
18426,0.8462,0.88981179552661,0.88981179552661,0.47247335302377824,0.0436117955266101,0.0436117955266101
18429,0.1667,0.25835295195800234,0.25835295195800234,0.47247335302377824,0.09165295195800235,0.09165295195800235
18446,0.8333,0.8575221915864042,0.8575221915864042,0.47247335302377824,0.02422219158640415,0.02422219158640415
18454,0.48,0.42239912306174393,0.42239912306174393,0.47247335302377824,-0.05760087693825605,0.05760087693825605
18511,0.1522,0.11659423805529107,0.11659423805529107,0.47247335302377824,-0.035605761944708936,0.035605761944708936
18528,0.9362,0.9588626415896875,0.9588626415896875,0.47247335302377824,0.02266264158968745,0.02266264158968745
18536,0.2041,0.2048434224472876,0.2048434224472876,0.47247335302377824,0.0007434224472875894,0.0007434224472875894
18542,0.875,0.8746783492405985,0.8746783492405985,0.47247335302377824,-0.0003216507594014928,0.0003216507594014928
18545,0.6939,0.7587577291232885,0.7587577291232885,0.47247335302377824,0.06485772912328858,0.06485772912328858
18582,0.0,0.0007960799520230211,0.0007960799520230211,0.47247335302377824,0.0007960799520230211,0.0007960799520230211
18584,0.7895,0.881766726615371,0.881766726615371,0.47247335302377824,0.09226672661537105,0.09226672661537105
18615,1.0,0.9161969787313444,0.9161969787313444,0.47247335302377824,-0.08380302126865558,0.08380302126865558
18655,0.4043,0.38768807899896607,0.38768807899896607,0.47247335302377824,-0.016611921001033925,0.016611921001033925
18657,0.6429,0.6584200382239174,0.6584200382239174,0.47247335302377824,0.015520038223917343,0.015520038223917343
18661,0.7273,0.8333899896336205,0.8333899896336205,0.47247335302377824,0.1060899896336206,0.1060899896336206
18734,0.9375,0.9309135931807673,0.9309135931807673,0.47247335302377824,-0.006586406819232726,0.006586406819232726
18759,0.8043,0.7658053321393233,0.7658053321393233,0.47247335302377824,-0.03849466786067668,0.03849466786067668
18777,0.4792,0.4739125231200529,0.4739125231200529,0.47247335302377824,-0.005287476879947128,0.005287476879947128
18815,0.3333,0.3255517464335972,0.3255517464335972,0.47247335302377824,-0.007748253566402796,0.007748253566402796
18820,1.0,0.6238563743241801,0.6238563743241801,0.47247335302377824,-0.37614362567581994,0.37614362567581994
18832,0.2069,0.18640514867330538,0.18640514867330538,0.47247335302377824,-0.020494851326694624,0.020494851326694624
18861,0.3333,0.33647372600987036,0.33647372600987036,0.47247335302377824,0.00317372600987037,0.00317372600987037
18886,0.0,-0.006761981652210924,0.0,0.47247335302377824,0.0,0.0
18887,0.4082,0.49932817785277667,0.49932817785277667,0.47247335302377824,0.09112817785277666,0.09112817785277666
18888,0.0104,0.03585275768992169,0.03585275768992169,0.47247335302377824,0.02545275768992169,0.02545275768992169
18896,0.8667,0.7201674762102352,0.7201674762102352,0.47247335302377824,-0.14653252378976478,0.14653252378976478
18973,0.4444,0.39036505336438354,0.39036505336438354,0.47247335302377824,-0.054034946635616476,0.054034946635616476
19028,0.8043,0.7209236247928769,0.7209236247928769,0.47247335302377824,-0.08337637520712315,0.08337637520712315
19033,0.3125,0.4246959822646733,0.4246959822646733,0.47247335302377824,0.11219598226467331,0.11219598226467331
19068,0.68,0.7574833785605448,0.7574833785605448,0.47247335302377824,0.07748337856054477,0.07748337856054477
19077,0.383,0.42457379624109665,0.42457379624109665,0.47247335302377824,0.04157379624109664,0.04157379624109664
19143,0.8065,0.874780137523612,0.874780137523612,0.47247335302377824,0.06828013752361195,0.06828013752361195
19161,0.4783,0.2611284401590178,0.2611284401590178,0.47247335302377824,-0.2171715598409822,0.2171715598409822
19181,0.9615,0.836487467016046,0.836487467016046,0.47247335302377824,-0.12501253298395398,0.12501253298395398
19228,0.0638,0.052929947319032666,0.052929947319032666,0.47247335302377824,-0.01087005268096733,0.01087005268096733
19239,0.4444,0.4189095740183396,0.4189095740183396,0.47247335302377824,-0.025490425981660403,0.025490425981660403
19245,0.5769,0.5931581844329288,0.5931581844329288,0.47247335302377824,0.016258184432928813,0.016258184432928813
19312,0.7778,0.6860048414801543,0.6860048414801543,0.47247335302377824,-0.09179515851984577,0.09179515851984577
19313,0.1839,0.21098884503975684,0.21098884503975684,0.47247335302377824,0.027088845039756837,0.027088845039756837
19317,0.0476,0.10311015419691882,0.10311015419691882,0.47247335302377824,0.05551015419691882,0.05551015419691882
19337,0.0,0.09868749383599401,0.09868749383599401,0.47247335302377824,0.09868749383599401,0.09868749383599401
19387,0.6538,0.5947230187523743,0.5947230187523743,0.47247335302377824,-0.059076981247625726,0.059076981247625726
19390,0.9175,0.9808284999183228,0.9808284999183228,0.47247335302377824,0.06332849991832279,0.06332849991832279
19434,0.8696,0.8690630275234432,0.8690630275234432,0.47247335302377824,-0.0005369724765568185,0.0005369724765568185
19442,0.5714,0.6896055420455327,0.6896055420455327,0.47247335302377824,0.11820554204553269,0.11820554204553269
19444,1.0,0.9057643883045826,0.9057643883045826,0.47247335302377824,-0.09423561169541739,0.09423561169541739
19476,0.125,0.12809197827743007,0.12809197827743007,0.47247335302377824,0.003091978277430074,0.003091978277430074
19506,0.7917,0.8507363729789549,0.8507363729789549,0.47247335302377824,0.05903637297895492,0.05903637297895492
19509,0.84,0.8401083465908592,0.8401083465908592,0.47247335302377824,0.00010834659085923182,0.00010834659085923182
19570,0.0,0.0484907703535461,0.0484907703535461,0.47247335302377824,0.0484907703535461,0.0484907703535461
19618,0.0714,0.03971011515245226,0.03971011515245226,0.47247335302377824,-0.03168988484754774,0.03168988484754774
19644,0.8947,0.7898960441200313,0.7898960441200313,0.47247335302377824,-0.10480395587996871,0.10480395587996871
19676,0.9615,0.8630305796097462,0.8630305796097462,0.47247335302377824,-0.09846942039025386,0.09846942039025386
19726,0.4375,0.3938935134930595,0.3938935134930595,0.47247335302377824,-0.04360648650694049,0.04360648650694049
19791,0.9286,0.9064838654587487,0.9064838654587487,0.47247335302377824,-0.022116134541251276,0.022116134541251276
19806,0.1111,0.13417925817587162,0.13417925817587162,0.47247335302377824,0.023079258175871614,0.023079258175871614
19808,0.6154,0.6881617131376002,0.6881617131376002,0.47247335302377824,0.07276171313760027,0.07276171313760027
19846,0.6,0.4507945252149947,0.4507945252149947,0.47247335302377824,-0.1492054747850053,0.1492054747850053
19864,0.3776,0.36314669513845743,0.36314669513845743,0.47247335302377824,-0.01445330486154256,0.01445330486154256
19876,0.1481,0.1947227185107379,0.1947227185107379,0.47247335302377824,0.046622718510737904,0.046622718510737904
19888,0.0714,0.11043249327293142,0.11043249327293142,0.47247335302377824,0.039032493272931415,0.039032493272931415
19916,0.2759,0.44825647254259493,0.44825647254259493,0.47247335302377824,0.17235647254259495,0.17235647254259495
19928,0.6512,0.8040184016344443,0.8040184016344443,0.47247335302377824,0.15281840163444427,0.15281840163444427
19932,0.1786,0.2505002024965557,0.2505002024965557,0.47247335302377824,0.07190020249655568,0.07190020249655568
19967,0.3929,0.5543662118252971,0.5543662118252971,0.47247335302377824,0.16146621182529708,0.16146621182529708
19998,0.8571,0.9050319968899475,0.9050319968899475,0.47247335302377824,0.04793199688994754,0.04793199688994754
20007,0.875,0.8774559980528986,0.8774559980528986,0.47247335302377824,0.0024559980528986447,0.0024559980528986447
20025,0.9263,0.9080007095976059,0.9080007095976059,0.47247335302377824,-0.018299290402394086,0.018299290402394086
20069,0.4444,0.6164550045605982,0.6164550045605982,0.47247335302377824,0.1720550045605982,0.1720550045605982
20084,0.16,0.1947988783367572,0.1947988783367572,0.47247335302377824,0.03479887833675718,0.03479887833675718
20087,0.8478,0.7931315659848011,0.7931315659848011,0.47247335302377824,-0.05466843401519894,0.05466843401519894
20093,1.0,0.9906279314242675,0.9906279314242675,0.47247335302377824,-0.009372068575732473,0.009372068575732473
20123,0.3617,0.29900606147619224,0.29900606147619224,0.47247335302377824,-0.06269393852380778,0.06269393852380778
20126,0.3846,0.29670295448718825,0.29670295448718825,0.47247335302377824,-0.08789704551281174,0.08789704551281174
20143,0.7083,0.7437427986218076,0.7437427986218076,0.47247335302377824,0.03544279862180755,0.03544279862180755
20144,0.1429,0.1789719225422129,0.1789719225422129,0.47247335302377824,0.03607192254221289,0.03607192254221289
20163,0.5208,0.5760862049689439,0.5760862049689439,0.47247335302377824,0.055286204968943875,0.055286204968943875
20195,0.2151,0.2603669151789153,0.2603669151789153,0.47247335302377824,0.04526691517891529,0.04526691517891529
20262,0.0,-0.012750492202165231,0.0,0.47247335302377824,0.0,0.0
20328,0.1579,0.24422661633485548,0.24422661633485548,0.47247335302377824,0.08632661633485547,0.08632661633485547
20367,0.3571,0.24215166269730654,0.24215166269730654,0.47247335302377824,-0.11494833730269344,0.11494833730269344
20371,0.7037,0.715225068692368,0.715225068692368,0.47247335302377824,0.011525068692368023,0.011525068692368023
20394,0.2759,0.1758026499657721,0.1758026499657721,0.47247335302377824,-0.10009735003422787,0.10009735003422787
20460,0.5957,0.4932552928867002,0.4932552928867002,0.47247335302377824,-0.10244470711329978,0.10244470711329978
20462,0.7391,0.8532179664659376,0.8532179664659376,0.47247335302377824,0.11411796646593764,0.11411796646593764
20473,0.3556,0.3754050301065842,0.3754050301065842,0.47247335302377824,0.019805030106584187,0.019805030106584187
20475,0.1277,0.12600999457660322,0.12600999457660322,0.47247335302377824,-0.0016900054233967843,0.0016900054233967843
20491,0.0425,0.04670767557390654,0.04670767557390654,0.47247335302377824,0.004207675573906534,0.004207675573906534
20496,0.2692,0.23084461774165418,0.23084461774165418,0.47247335302377824,-0.03835538225834581,0.03835538225834581
20513,0.0,-0.022123820163580776,0.0,0.47247335302377824,0.0,0.0
20517,0.2222,0.22363879611243564,0.22363879611243564,0.47247335302377824,0.0014387961124356363,0.0014387961124356363
20522,0.4444,0.49647973255759803,0.49647973255759803,0.47247335302377824,0.05207973255759801,0.05207973255759801
20525,0.7347,0.6441747354046983,0.6441747354046983,0.47247335302377824,-0.09052526459530175,0.09052526459530175
20566,0.2593,0.24046075466946804,0.24046075466946804,0.47247335302377824,-0.01883924533053194,0.01883924533053194
20570,0.9231,0.9731823788384842,0.9731823788384842,0.47247335302377824,0.05008237883848421,0.05008237883848421
20606,0.8571,0.80722524182781,0.80722524182781,0.47247335302377824,-0.049874758172190004,0.049874758172190004
20669,0.1429,0.15395888899645405,0.15395888899645405,0.47247335302377824,0.011058888996454047,0.011058888996454047
20673,0.1034,0.06844390147378066,0.06844390147378066,0.47247335302377824,-0.03495609852621935,0.03495609852621935
20691,0.1071,0.1981063796771534,0.1981063796771534,0.47247335302377824,0.09100637967715339,0.09100637967715339
20693,0.2979,0.2602234877553412,0.2602234877553412,0.47247335302377824,-0.03767651224465879,0.03767651224465879
20704,0.0122,0.01626463544898532,0.01626463544898532,0.47247335302377824,0.00406463544898532,0.00406463544898532
20719,0.7021,0.6333955213286941,0.6333955213286941,0.47247335302377824,-0.0687044786713058,0.0687044786713058
20725,0.0385,0.06049629758904246,0.06049629758904246,0.47247335302377824,0.02199629758904246,0.02199629758904246
20784,0.4,0.38578049465323605,0.38578049465323605,0.47247335302377824,-0.014219505346763972,0.014219505346763972
20809,0.359,0.4489312078397152,0.4489312078397152,0.47247335302377824,0.0899312078397152,0.0899312078397152
20817,0.8621,0.7150189352787185,0.7150189352787185,0.47247335302377824,-0.14708106472128146,0.14708106472128146
20819,0.0,-0.018309097506359617,0.0,0.47247335302377824,0.0,0.0
20822,0.8889,0.8678061812733926,0.8678061812733926,0.47247335302377824,-0.021093818726607427,0.021093818726607427
20831,0.5769,0.5174918944041527,0.5174918944041527,0.47247335302377824,-0.059408105595847305,0.059408105595847305
20851,0.069,0.025176489788390044,0.025176489788390044,0.47247335302377824,-0.04382351021160996,0.04382351021160996
20859,0.6071,0.6148769803487283,0.6148769803487283,0.47247335302377824,0.007776980348728313,0.007776980348728313
20876,0.8846,0.8582424815317033,0.8582424815317033,0.47247335302377824,-0.026357518468296703,0.026357518468296703
20925,0.2041,0.12556376358617932,0.12556376358617932,0.47247335302377824,-0.07853623641382068,0.07853623641382068
20972,0.0714,0.29823547517599974,0.29823547517599974,0.47247335302377824,0.22683547517599972,0.22683547517599972
20988,0.0357,0.03838402988610856,0.03838402988610856,0.47247335302377824,0.002684029886108559,0.002684029886108559
21130,1.0,0.8221299706376134,0.8221299706376134,0.47247335302377824,-0.1778700293623866,0.1778700293623866
21169,0.2593,0.29516193296547377,0.29516193296547377,0.47247335302377824,0.0358619329654738,0.0358619329654738
21190,0.5,0.4021577022475783,0.4021577022475783,0.47247335302377824,-0.0978422977524217,0.0978422977524217
21223,0.931,0.9427513827990139,0.9427513827990139,0.47247335302377824,0.011751382799013887,0.011751382799013887
21231,0.6596,0.7440994997105834,0.7440994997105834,0.47247335302377824,0.08449949971058346,0.08449949971058346
21245,0.1429,0.12643555080911256,0.12643555080911256,0.47247335302377824,-0.016464449190887437,0.016464449190887437
21259,0.5385,0.6876720399008371,0.6876720399008371,0.47247335302377824,0.14917203990083716,0.14917203990083716
21276,0.0,0.03113743128258678,0.03113743128258678,0.47247335302377824,0.03113743128258678,0.03113743128258678
21321,0.1923,0.18142798948151234,0.18142798948151234,0.47247335302377824,-0.010872010518487657,0.010872010518487657
21323,0.8854,0.9074946308321485,0.9074946308321485,0.47247335302377824,0.022094630832148576,0.022094630832148576
21328,0.3299,0.3541356670628954,0.3541356670628954,0.47247335302377824,0.024235667062895372,0.024235667062895372
21352,0.7111,0.7496109837897583,0.7496109837897583,0.47247335302377824,0.03851098378975837,0.03851098378975837
21380,0.2222,0.34376943612198596,0.34376943612198596,0.47247335302377824,0.12156943612198595,0.12156943612198595
21392,0.5625,0.6130593487250935,0.6130593487250935,0.47247335302377824,0.05055934872509349,0.05055934872509349
21424,0.7579,0.7419836080922972,0.7419836080922972,0.47247335302377824,-0.015916391907702776,0.015916391907702776
21449,0.1368,0.15131058170218692,0.15131058170218692,0.47247335302377824,0.014510581702186914,0.014510581702186914
21476,0.2143,0.24305777644207577,0.24305777644207577,0.47247335302377824,0.028757776442075778,0.028757776442075778
21502,0.2963,0.3848551614824241,0.3848551614824241,0.47247335302377824,0.0885551614824241,0.0885551614824241
21561,0.1154,0.21100501629049184,0.21100501629049184,0.47247335302377824,0.09560501629049184,0.09560501629049184
21635,0.1458,0.0919429296028787,0.0919429296028787,0.47247335302377824,-0.053857070397121315,0.053857070397121315
21661,0.0213,0.024420186358034168,0.024420186358034168,0.47247335302377824,0.0031201863580341688,0.0031201863580341688
21662,0.25,0.2606459121263844,0.2606459121263844,0.47247335302377824,0.010645912126384383,0.010645912126384383
21666,0.9259,0.8941955895523723,0.8941955895523723,0.47247335302377824,-0.03170441044762762,0.03170441044762762
21712,0.037,0.05619810700308897,0.05619810700308897,0.47247335302377824,0.019198107003088972,0.019198107003088972
21758,0.0,0.0038321799280529034,0.0038321799280529034,0.47247335302377824,0.0038321799280529034,0.0038321799280529034
21818,0.2043,0.15801740554363292,0.15801740554363292,0.47247335302377824,-0.04628259445636709,0.04628259445636709
21826,0.2308,0.2296838443045271,0.2296838443045271,0.47247335302377824,-0.001116155695472909,0.001116155695472909
21834,0.0,-0.0013402200021063182,0.0,0.47247335302377824,0.0,0.0
21889,0.3878,0.376693931518297,0.376693931518297,0.47247335302377824,-0.01110606848170298,0.01110606848170298
21914,0.7292,0.7678290638250831,0.7678290638250831,0.47247335302377824,0.03862906382508313,0.03862906382508313
21967,0.1786,0.1776130341093527,0.1776130341093527,0.47247335302377824,-0.0009869658906473122,0.0009869658906473122
22004,0.7778,0.8546737298533373,0.8546737298533373,0.47247335302377824,0.07687372985333729,0.07687372985333729
22015,0.52,0.41385868417938365,0.41385868417938365,0.47247335302377824,-0.10614131582061637,0.10614131582061637
22059,0.1071,0.11257883647162797,0.11257883647162797,0.47247335302377824,0.005478836471627974,0.005478836471627974
22072,0.4348,0.40728131564914133,0.40728131564914133,0.47247335302377824,-0.02751868435085869,0.02751868435085869
22095,0.0,0.028497083380783383,0.028497083380783383,0.47247335302377824,0.028497083380783383,0.028497083380783383
22122,0.8298,0.8168554539972679,0.8168554539972679,0.47247335302377824,-0.012944546002732094,0.012944546002732094
22138,0.2069,0.20868314073661148,0.20868314073661148,0.47247335302377824,0.0017831407366114826,0.0017831407366114826
22162,0.449,0.4236883198735508,0.4236883198735508,0.47247335302377824,-0.025311680126449188,0.025311680126449188
22169,0.8523,0.8587891194000111,0.8587891194000111,0.47247335302377824,0.0064891194000111785,0.0064891194000111785
22178,0.9792,0.8765222274247613,0.8765222274247613,0.47247335302377824,-0.10267777257523869,0.10267777257523869
22198,0.8043,0.8427297446964014,0.8427297446964014,0.47247335302377824,0.03842974469640137,0.03842974469640137
22224,0.1458,0.16063591809224365,0.16063591809224365,0.47247335302377824,0.014835918092243633,0.014835918092243633
22251,0.7347,0.8104153395529106,0.8104153395529106,0.47247335302377824,0.07571533955291054,0.07571533955291054
22285,0.7692,0.7927731616059464,0.7927731616059464,0.47247335302377824,0.023573161605946358,0.023573161605946358
22354,0.0619,0.12243773768139454,0.12243773768139454,0.47247335302377824,0.060537737681394546,0.060537737681394546
22386,1.0,0.9162463233232756,0.9162463233232756,0.47247335302377824,-0.0837536766767244,0.0837536766767244
22401,0.8077,0.8080455686335484,0.8080455686335484,0.47247335302377824,0.00034556863354839873,0.00034556863354839873
22421,0.0435,0.07683733795480818,0.07683733795480818,0.47247335302377824,0.033337337954808186,0.033337337954808186
22451,0.0213,0.05892603417771547,0.05892603417771547,0.47247335302377824,0.03762603417771547,0.03762603417771547
22454,0.8298,0.8807952509284902,0.8807952509284902,0.47247335302377824,0.05099525092849022,0.05099525092849022
22493,0.4667,0.6843824720173087,0.6843824720173087,0.47247335302377824,0.21768247201730873,0.21768247201730873
22521,0.0357,0.01094125857146172,0.01094125857146172,0.47247335302377824,-0.024758741428538282,0.024758741428538282
22552,0.5357,0.6243815310650865,0.6243815310650865,0.47247335302377824,0.08868153106508658,0.08868153106508658
22584,0.5455,0.6421188568885053,0.6421188568885053,0.47247335302377824,0.09661885688850536,0.09661885688850536
22603,0.125,0.10135153367214245,0.10135153367214245,0.47247335302377824,-0.023648466327857554,0.023648466327857554
22611,0.3929,0.369521082586277,0.369521082586277,0.47247335302377824,-0.023378917413723,0.023378917413723
22636,0.1875,0.2050513461891197,0.2050513461891197,0.47247335302377824,0.017551346189119688,0.017551346189119688
22664,0.5185,0.4376177779837634,0.4376177779837634,0.47247335302377824,-0.08088222201623657,0.08088222201623657
22673,0.303,0.2553143165553332,0.2553143165553332,0.47247335302377824,-0.04768568344466678,0.04768568344466678
22674,0.4074,0.4936280446255683,0.4936280446255683,0.47247335302377824,0.08622804462556832,0.08622804462556832
22679,0.0385,-0.005132577093578727,0.0,0.47247335302377824,-0.0385,0.0385
22728,0.6429,0.6766916499141402,0.6766916499141402,0.47247335302377824,0.03379164991414019,0.03379164991414019
22747,0.0,0.008013366082235407,0.008013366082235407,0.47247335302377824,0.008013366082235407,0.008013366082235407
22764,0.44,0.4337489295829904,0.4337489295829904,0.47247335302377824,-0.006251070417009619,0.006251070417009619
22800,0.0,0.01370188728392141,0.01370188728392141,0.47247335302377824,0.01370188728392141,0.01370188728392141
22807,0.2292,0.2900256653796641,0.2900256653796641,0.47247335302377824,0.060825665379664134,0.060825665379664134
22811,0.5435,0.47376092480935006,0.47376092480935006,0.47247335302377824,-0.06973907519064992,0.06973907519064992
22838,0.4783,0.46457679869722085,0.46457679869722085,0.47247335302377824,-0.013723201302779153,0.013723201302779153
22871,0.7391,0.643379918515077,0.643379918515077,0.47247335302377824,-0.09572008148492295,0.09572008148492295
22877,0.1667,0.2588126308041096,0.2588126308041096,0.47247335302377824,0.09211263080410961,0.09211263080410961
22887,0.7708,0.8104254439068355,0.8104254439068355,0.47247335302377824,0.03962544390683542,0.03962544390683542
22892,0.4074,0.4266394182268435,0.4266394182268435,0.47247335302377824,0.019239418226843497,0.019239418226843497
22902,0.4074,0.2933022367240646,0.2933022367240646,0.47247335302377824,-0.1140977632759354,0.1140977632759354
22931,0.8148,0.8175600795793792,0.8175600795793792,0.47247335302377824,0.002760079579379182,0.002760079579379182
22939,0.963,0.7794786156533057,0.7794786156533057,0.47247335302377824,-0.1835213843466943,0.1835213843466943
22954,0.9479,0.953735471685637,0.953735471685637,0.47247335302377824,0.005835471685637028,0.005835471685637028
22989,0.3214,0.4075390292582114,0.4075390292582114,0.47247335302377824,0.08613902925821137,0.08613902925821137
22993,0.551,0.5331732571389807,0.5331732571389807,0.47247335302377824,-0.017826742861019373,0.017826742861019373
23014,0.9551,0.9461540033876564,0.9461540033876564,0.47247335302377824,-0.00894599661234352,0.00894599661234352
23016,0.2766,0.36796518659975364,0.36796518659975364,0.47247335302377824,0.09136518659975362,0.09136518659975362
23017,0.4565,0.404082399263103,0.404082399263103,0.47247335302377824,-0.052417600736896997,0.052417600736896997
23081,0.1042,0.09260001313360183,0.09260001313360183,0.47247335302377824,-0.011599986866398168,0.011599986866398168
23111,0.898,0.886204253160395,0.886204253160395,0.47247335302377824,-0.011795746839605048,0.011795746839605048
23138,0.0851,0.07923712555129842,0.07923712555129842,0.47247335302377824,-0.00586287444870158,0.00586287444870158
23145,0.0833,0.10678366822182334,0.10678366822182334,0.47247335302377824,0.023483668221823337,0.023483668221823337
23157,0.8846,0.7017460332303833,0.7017460332303833,0.47247335302377824,-0.18285396676961674,0.18285396676961674
23199,0.2653,0.2433647597511719,0.2433647597511719,0.47247335302377824,-0.021935240248828092,0.021935240248828092
23202,0.2083,0.17882590626957745,0.17882590626957745,0.47247335302377824,-0.029474093730422563,0.029474093730422563
23234,0.0769,0.069005654288186,0.069005654288186,0.47247335302377824,-0.007894345711813994,0.007894345711813994
23241,0.0208,0.016397814663969557,0.016397814663969557,0.47247335302377824,-0.0044021853360304425,0.0044021853360304425
23261,0.5714,0.5059426415981683,0.5059426415981683,0.47247335302377824,-0.06545735840183176,0.06545735840183176
23298,0.875,0.854012022214752,0.854012022214752,0.47247335302377824,-0.02098797778524797,0.02098797778524797
23338,0.2692,0.1762827614871516,0.1762827614871516,0.47247335302377824,-0.09291723851284839,0.09291723851284839
23340,0.0,0.06130008651152319,0.06130008651152319,0.47247335302377824,0.06130008651152319,0.06130008651152319
23374,0.9231,0.8855622837888487,0.8855622837888487,0.47247335302377824,-0.03753771621115132,0.03753771621115132
23419,0.3571,0.18366500327844226,0.18366500327844226,0.47247335302377824,-0.1734349967215577,0.1734349967215577
23429,0.5926,0.5864108669076719,0.5864108669076719,0.47247335302377824,-0.0061891330923281584,0.0061891330923281584
23438,0.7083,0.8310539094701627,0.8310539094701627,0.47247335302377824,0.12275390947016263,0.12275390947016263
23466,0.0425,0.17345314090803476,0.17345314090803476,0.47247335302377824,0.13095314090803475,0.13095314090803475
23530,0.8214,0.8978939223423523,0.8978939223423523,0.47247335302377824,0.0764939223423523,0.0764939223423523
23584,0.5,0.4454876537924463,0.4454876537924463,0.47247335302377824,-0.054512346207553686,0.054512346207553686
23601,0.75,0.7402162230499416,0.7402162230499416,0.47247335302377824,-0.009783776950058387,0.009783776950058387
23607,0.5258,0.46084015976337694,0.46084015976337694,0.47247335302377824,-0.0649598402366231,0.0649598402366231
23667,0.1667,0.19032244586530417,0.19032244586530417,0.47247335302377824,0.02362244586530418,0.02362244586530418
23682,0.5833,0.47166316853966017,0.47166316853966017,0.47247335302377824,-0.11163683146033987,0.11163683146033987
23729,0.7826,0.8504265257844681,0.8504265257844681,0.47247335302377824,0.06782652578446813,0.06782652578446813
23792,1.0,0.9521905178467526,0.9521905178467526,0.47247335302377824,-0.04780948215324743,0.04780948215324743
23819,0.25,0.4247787911325975,0.4247787911325975,0.47247335302377824,0.17477879113259748,0.17477879113259748
23829,0.4468,0.4755185054154451,0.4755185054154451,0.47247335302377824,0.028718505415445128,0.028718505415445128
23851,0.2105,0.29890970011770174,0.29890970011770174,0.47247335302377824,0.08840970011770174,0.08840970011770174
23860,0.9429,0.6596039202785643,0.6596039202785643,0.47247335302377824,-0.28329607972143567,0.28329607972143567
23870,0.0714,0.09505977217199485,0.09505977217199485,0.47247335302377824,0.023659772171994845,0.023659772171994845
23877,0.9362,0.8583123609444998,0.8583123609444998,0.47247335302377824,-0.07788763905550022,0.07788763905550022
23925,0.7174,0.7254073510800516,0.7254073510800516,0.47247335302377824,0.008007351080051572,0.008007351080051572
23984,0.375,0.2970062913071051,0.2970062913071051,0.47247335302377824,-0.0779937086928949,0.0779937086928949
24002,0.8778,0.7620724146351223,0.7620724146351223,0.47247335302377824,-0.1157275853648777,0.1157275853648777
24007,0.069,0.035314218350954774,0.035314218350954774,0.47247335302377824,-0.03368578164904523,0.03368578164904523
24070,0.2708,0.3235846363259294,0.3235846363259294,0.47247335302377824,0.05278463632592939,0.05278463632592939
24075,0.0,0.14048191343810523,0.14048191343810523,0.47247335302377824,0.14048191343810523,0.14048191343810523
24076,0.6071,0.5642773088782947,0.5642773088782947,0.47247335302377824,-0.042822691121705225,0.042822691121705225
24080,0.0217,0.03710923749297812,0.03710923749297812,0.47247335302377824,0.01540923749297812,0.01540923749297812
24112,0.2857,0.2987651513301028,0.2987651513301028,0.47247335302377824,0.013065151330102776,0.013065151330102776
24127,0.1458,0.16340444811742044,0.16340444811742044,0.47247335302377824,0.01760444811742043,0.01760444811742043
24141,0.4615,0.5276150769994402,0.5276150769994402,0.47247335302377824,0.06611507699944019,0.06611507699944019
24150,0.4375,0.3588184092593069,0.3588184092593069,0.47247335302377824,-0.07868159074069309,0.07868159074069309
24158,0.9271,0.9221047132208955,0.9221047132208955,0.47247335302377824,-0.004995286779104546,0.004995286779104546
24196,0.7407,0.7068212980453914,0.7068212980453914,0.47247335302377824,-0.033878701954608625,0.033878701954608625
24323,0.0,0.007880578179387865,0.007880578179387865,0.47247335302377824,0.007880578179387865,0.007880578179387865
24342,0.0,0.015721336456778034,0.015721336456778034,0.47247335302377824,0.015721336456778034,0.015721336456778034
24361,0.1538,0.20972101076582866,0.20972101076582866,0.47247335302377824,0.05592101076582867,0.05592101076582867
24388,0.2128,0.3213880971955097,0.3213880971955097,0.47247335302377824,0.10858809719550971,0.10858809719550971
24391,0.5,0.4159046605732691,0.4159046605732691,0.47247335302377824,-0.08409533942673092,0.08409533942673092
24394,0.5111,0.525290041443866,0.525290041443866,0.47247335302377824,0.014190041443866042,0.014190041443866042
24403,0.3563,0.3832644928071631,0.3832644928071631,0.47247335302377824,0.02696449280716312,0.02696449280716312
24443,0.64,0.6746517845487088,0.6746517845487088,0.47247335302377824,0.034651784548708764,0.034651784548708764
24465,0.4222,0.390961653682609,0.390961653682609,0.47247335302377824,-0.03123834631739103,0.03123834631739103
24497,0.36,0.3407847046932453,0.3407847046932453,0.47247335302377824,-0.0192152953067547,0.0192152953067547
24503,0.4615,0.31244389614884355,0.31244389614884355,0.47247335302377824,-0.14905610385115647,0.14905610385115647
24510,0.5625,0.37181002023475496,0.37181002023475496,0.47247335302377824,-0.19068997976524504,0.19068997976524504
24513,0.8148,0.8136178128895033,0.8136178128895033,0.47247335302377824,-0.0011821871104966686,0.0011821871104966686
24543,0.3125,0.3276858537125149,0.3276858537125149,0.47247335302377824,0.015185853712514907,0.015185853712514907
24546,0.5385,0.6001065270458428,0.6001065270458428,0.47247335302377824,0.061606527045842796,0.061606527045842796
24547,0.3404,0.34718318997966036,0.34718318997966036,0.47247335302377824,0.006783189979660376,0.006783189979660376
24565,0.2188,0.13825494081659256,0.13825494081659256,0.47247335302377824,-0.08054505918340743,0.08054505918340743
24601,0.7872,0.7614764493005186,0.7614764493005186,0.47247335302377824,-0.0257235506994814,0.0257235506994814
24613,0.5652,0.6053228646545142,0.6053228646545142,0.47247335302377824,0.0401228646545142,0.0401228646545142
24632,0.8511,0.702182476940711,0.702182476940711,0.47247335302377824,-0.14891752305928896,0.14891752305928896
24667,0.72,0.8306764606951753,0.8306764606951753,0.47247335302377824,0.11067646069517534,0.11067646069517534
24737,0.1071,0.17411737439128483,0.17411737439128483,0.47247335302377824,0.06701737439128483,0.06701737439128483
24756,0.9205,0.7959051958097424,0.7959051958097424,0.47247335302377824,-0.12459480419025759,0.12459480419025759
24810,0.125,0.1265991410716245,0.1265991410716245,0.47247335302377824,0.0015991410716245102,0.0015991410716245102
24839,0.1522,0.1694911373380163,0.1694911373380163,0.47247335302377824,0.017291137338016294,0.017291137338016294
24852,0.5385,0.5219044845386153,0.5219044845386153,0.47247335302377824,-0.016595515461384713,0.016595515461384713
24860,0.4286,0.6597036103595305,0.6597036103595305,0.47247335302377824,0.23110361035953053,0.23110361035953053
24863,0.9667,0.9567015048220493,0.9567015048220493,0.47247335302377824,-0.009998495177950706,0.009998495177950706
24894,0.2414,0.18729187506227102,0.18729187506227102,0.47247335302377824,-0.054108124937728985,0.054108124937728985
25026,0.6735,0.6463257248812572,0.6463257248812572,0.47247335302377824,-0.02717427511874282,0.02717427511874282
25064,0.4615,0.5103044960966279,0.5103044960966279,0.47247335302377824,0.04880449609662785,0.04880449609662785
25067,0.1224,0.11206178948966766,0.11206178948966766,0.47247335302377824,-0.010338210510332332,0.010338210510332332
25089,0.2143,0.14577712372075868,0.14577712372075868,0.47247335302377824,-0.06852287627924131,0.06852287627924131
25093,0.5185,0.5290297166335236,0.5290297166335236,0.47247335302377824,0.010529716633523645,0.010529716633523645
25106,0.5333,0.40708769277679124,0.40708769277679124,0.47247335302377824,-0.12621230722320875,0.12621230722320875
25146,0.2979,0.2802531587897361,0.2802531587897361,0.47247335302377824,-0.017646841210263886,0.017646841210263886
25216,0.7292,0.8775405196320044,0.8775405196320044,0.47247335302377824,0.14834051963200445,0.14834051963200445
25330,0.6538,0.7586332710065246,0.7586332710065246,0.47247335302377824,0.10483327100652451,0.10483327100652451
25337,0.9615,0.9158254703985249,0.9158254703985249,0.47247335302377824,-0.04567452960147511,0.04567452960147511
25360,0.3913,0.41798914155375283,0.41798914155375283,0.47247335302377824,0.02668914155375285,0.02668914155375285
25403,0.3011,0.3650559562977537,0.3650559562977537,0.47247335302377824,0.06395595629775375,0.06395595629775375
25431,0.7857,0.9527094067929343,0.9527094067929343,0.47247335302377824,0.1670094067929343,0.1670094067929343
25446,0.3333,0.3142894648080669,0.3142894648080669,0.47247335302377824,-0.019010535191933076,0.019010535191933076
25506,0.0208,0.016358633486386498,0.016358633486386498,0.47247335302377824,-0.004441366513613501,0.004441366513613501
25515,0.9149,0.909309847934941,0.909309847934941,0.47247335302377824,-0.005590152065059084,0.005590152065059084
25540,0.2292,0.2657900843475179,0.2657900843475179,0.47247335302377824,0.0365900843475179,0.0365900843475179
25546,0.56,0.5672837724589453,0.5672837724589453,0.47247335302377824,0.007283772458945292,0.007283772458945292
25593,0.5714,0.5995126895351376,0.5995126895351376,0.47247335302377824,0.02811268953513757,0.02811268953513757
25636,0.9149,0.8867048554611825,0.8867048554611825,0.47247335302377824,-0.02819514453881755,0.02819514453881755
25650,0.5,0.47602254747024886,0.47602254747024886,0.47247335302377824,-0.023977452529751142,0.023977452529751142
25654,0.6591,0.6910450281672642,0.6910450281672642,0.47247335302377824,0.03194502816726419,0.03194502816726419
25660,0.7692,0.6800247648540261,0.6800247648540261,0.47247335302377824,-0.08917523514597392,0.08917523514597392
25667,0.4043,0.42777847556845006,0.42777847556845006,0.47247335302377824,0.023478475568450063,0.023478475568450063
25710,0.5455,0.6182971554247845,0.6182971554247845,0.47247335302377824,0.07279715542478449,0.07279715542478449
25729,0.8929,0.6619804528541895,0.6619804528541895,0.47247335302377824,-0.23091954714581053,0.23091954714581053
25738,0.3704,0.36365319300695886,0.36365319300695886,0.47247335302377824,-0.006746806993041143,0.006746806993041143
25740,0.1489,0.13779796923409426,0.13779796923409426,0.47247335302377824,-0.01110203076590574,0.01110203076590574
25752,0.4286,0.5070108718939446,0.5070108718939446,0.47247335302377824,0.07841087189394458,0.07841087189394458
25785,0.0385,0.11360847804558627,0.11360847804558627,0.47247335302377824,0.07510847804558626,0.07510847804558626
25790,0.3191,0.33814715319873,0.33814715319873,0.47247335302377824,0.019047153198730016,0.019047153198730016
25803,0.5521,0.5310159675223285,0.5310159675223285,0.47247335302377824,-0.021084032477671544,0.021084032477671544
25805,1.0,1.003525740032686,1.0,0.47247335302377824,0.0,0.0
25840,1.0,0.9493879773656486,0.9493879773656486,0.47247335302377824,-0.050612022634351383,0.050612022634351383
25850,0.3448,0.33916830412596183,0.33916830412596183,0.47247335302377824,-0.005631695874038167,0.005631695874038167
25856,0.8148,0.8616287747257985,0.8616287747257985,0.47247335302377824,0.046828774725798494,0.046828774725798494
25863,0.3704,0.5294825034708406,0.5294825034708406,0.47247335302377824,0.15908250347084057,0.15908250347084057
25875,0.4792,0.44419815311423766,0.44419815311423766,0.47247335302377824,-0.035001846885762355,0.035001846885762355
25894,0.1702,0.15748840691767413,0.15748840691767413,0.47247335302377824,-0.012711593082325862,0.012711593082325862
25908,0.866,0.806251835482253,0.806251835482253,0.47247335302377824,-0.059748164517747004,0.059748164517747004
25914,0.5714,0.7047167267841534,0.7047167267841534,0.47247335302377824,0.1333167267841534,0.1333167267841534
25921,0.6413,0.8247156833963813,0.8247156833963813,0.47247335302377824,0.18341568339638137,0.18341568339638137
25941,0.5833,0.6331673689798546,0.6331673689798546,0.47247335302377824,0.049867368979854554,0.049867368979854554
25955,0.2292,0.2766992262780465,0.2766992262780465,0.47247335302377824,0.04749922627804651,0.04749922627804651
25973,0.8065,0.884106005911736,0.884106005911736,0.47247335302377824,0.07760600591173605,0.07760600591173605
25993,0.8889,0.8349004313873281,0.8349004313873281,0.47247335302377824,-0.053999568612671967,0.053999568612671967
26006,0.1786,0.15583569568284583,0.15583569568284583,0.47247335302377824,-0.022764304317154177,0.022764304317154177
26007,0.2143,0.24413143876762636,0.24413143876762636,0.47247335302377824,0.029831438767626367,0.029831438767626367
26017,1.0,0.9589406438004648,0.9589406438004648,0.47247335302377824,-0.04105935619953516,0.04105935619953516
26047,0.8043,0.8022486987902466,0.8022486987902466,0.47247335302377824,-0.0020513012097533867,0.0020513012097533867
26112,0.3061,0.24576786571141024,0.24576786571141024,0.47247335302377824,-0.060332134288589745,0.060332134288589745
26147,0.6042,0.3866561569160185,0.3866561569160185,0.47247335302377824,-0.21754384308398145,0.21754384308398145
26223,0.7708,0.6474494372425884,0.6474494372425884,0.47247335302377824,-0.12335056275741163,0.12335056275741163
26236,1.0,0.9615352422903929,0.9615352422903929,0.47247335302377824,-0.03846475770960711,0.03846475770960711
26267,0.5714,0.5029799054907689,0.5029799054907689,0.47247335302377824,-0.06842009450923114,0.06842009450923114
26374,0.0,0.021319306402328264,0.021319306402328264,0.47247335302377824,0.021319306402328264,0.021319306402328264
26442,0.8462,0.8889435067423798,0.8889435067423798,0.47247335302377824,0.04274350674237981,0.04274350674237981
26449,0.3462,0.5413405492226933,0.5413405492226933,0.47247335302377824,0.19514054922269325,0.19514054922269325
26458,0.4894,0.419457887421561,0.419457887421561,0.47247335302377824,-0.06994211257843902,0.06994211257843902
26494,0.9355,0.7939934401488133,0.7939934401488133,0.47247335302377824,-0.14150655985118665,0.14150655985118665
26535,0.9655,0.9237927474632135,0.9237927474632135,0.47247335302377824,-0.04170725253678653,0.04170725253678653
26539,0.5532,0.5920731030671641,0.5920731030671641,0.47247335302377824,0.03887310306716407,0.03887310306716407
26541,0.4667,0.4474541648206772,0.4474541648206772,0.47247335302377824,-0.019245835179322823,0.019245835179322823
26589,0.8519,0.8370862972239489,0.8370862972239489,0.47247335302377824,-0.014813702776051096,0.014813702776051096
26596,0.2963,0.3411536260880712,0.3411536260880712,0.47247335302377824,0.0448536260880712,0.0448536260880712
26640,0.5833,0.47986219336110225,0.47986219336110225,0.47247335302377824,-0.10343780663889779,0.10343780663889779
26642,0.6667,0.6850661868383271,0.6850661868383271,0.47247335302377824,0.018366186838327136,0.018366186838327136
26682,0.08,0.14286128465955034,0.14286128465955034,0.47247335302377824,0.06286128465955033,0.06286128465955033
26683,1.0,0.8793330824607928,0.8793330824607928,0.47247335302377824,-0.12066691753920722,0.12066691753920722
26693,0.08,0.0442429446095331,0.0442429446095331,0.47247335302377824,-0.035757055390466905,0.035757055390466905
26695,0.2308,0.3906735176427681,0.3906735176427681,0.47247335302377824,0.15987351764276808,0.15987351764276808
26717,0.3125,0.19700703940800057,0.19700703940800057,0.47247335302377824,-0.11549296059199943,0.11549296059199943
26764,0.1154,0.15087500724500524,0.15087500724500524,0.47247335302377824,0.03547500724500524,0.03547500724500524
26796,0.0,0.010436830243309825,0.010436830243309825,0.47247335302377824,0.010436830243309825,0.010436830243309825
26839,0.7857,0.6591314840660905,0.6591314840660905,0.47247335302377824,-0.1265685159339095,0.1265685159339095
26883,0.9615,0.550361760805349,0.550361760805349,0.47247335302377824,-0.411138239194651,0.411138239194651
26885,0.76,0.5220939029112913,0.5220939029112913,0.47247335302377824,-0.2379060970887087,0.2379060970887087
26887,0.5,0.5075882037001983,0.5075882037001983,0.47247335302377824,0.007588203700198304,0.007588203700198304
26908,0.6207,0.696695791886639,0.696695791886639,0.47247335302377824,0.07599579188663896,0.07599579188663896
26927,0.1818,0.1385933052856803,0.1385933052856803,0.47247335302377824,-0.04320669471431968,0.04320669471431968
26931,0.25,0.24204943230608753,0.24204943230608753,0.47247335302377824,-0.007950567693912475,0.007950567693912475
26935,0.32,0.38078110738217164,0.38078110738217164,0.47247335302377824,0.06078110738217163,0.06078110738217163
26973,0.8163,0.7500944564812567,0.7500944564812567,0.47247335302377824,-0.0662055435187433,0.0662055435187433
26982,0.2553,0.3409240215719339,0.3409240215719339,0.47247335302377824,0.08562402157193388,0.08562402157193388
27006,0.9333,0.8442596709987178,0.8442596709987178,0.47247335302377824,-0.08904032900128223,0.08904032900128223
27012,0.3333,0.34570113216300646,0.34570113216300646,0.47247335302377824,0.012401132163006479,0.012401132163006479
27028,0.8261,0.9038922272355443,0.9038922272355443,0.47247335302377824,0.07779222723554435,0.07779222723554435
27067,0.7347,0.8328981985784557,0.8328981985784557,0.47247335302377824,0.09819819857845569,0.09819819857845569
27076,0.0,0.009333236213170282,0.009333236213170282,0.47247335302377824,0.009333236213170282,0.009333236213170282
27081,0.6667,0.8253450204952306,0.8253450204952306,0.47247335302377824,0.15864502049523066,0.15864502049523066
27098,0.6522,0.7629934315292597,0.7629934315292597,0.47247335302377824,0.11079343152925969,0.11079343152925969
27125,0.9259,0.9346468044492506,0.9346468044492506,0.47247335302377824,0.008746804449250689,0.008746804449250689
27206,0.7308,0.7610126420967156,0.7610126420967156,0.47247335302377824,0.030212642096715592,0.030212642096715592
27211,0.2955,0.2530901050693925,0.2530901050693925,0.47247335302377824,-0.042409894930607483,0.042409894930607483
27242,0.1042,0.09253916840897536,0.09253916840897536,0.47247335302377824,-0.011660831591024642,0.011660831591024642
27338,0.4444,0.4201146050916111,0.4201146050916111,0.47247335302377824,-0.024285394908388935,0.024285394908388935
27347,0.037,0.043343097896914595,0.043343097896914595,0.47247335302377824,0.006343097896914597,0.006343097896914597
27380,0.4483,0.5111390114431736,0.5111390114431736,0.47247335302377824,0.06283901144317366,0.06283901144317366
27391,0.9149,0.7952771391737221,0.7952771391737221,0.47247335302377824,-0.11962286082627793,0.11962286082627793
27443,0.7959,0.9393914306450659,0.9393914306450659,0.47247335302377824,0.14349143064506586,0.14349143064506586
27513,1.0,0.936748053325695,0.936748053325695,0.47247335302377824,-0.063251946674305,0.063251946674305
27538,0.28,0.2659424706693956,0.2659424706693956,0.47247335302377824,-0.014057529330604446,0.014057529330604446
27542,0.0,0.07532972793203346,0.07532972793203346,0.47247335302377824,0.07532972793203346,0.07532972793203346
27582,0.0741,0.06939226557236872,0.06939226557236872,0.47247335302377824,-0.004707734427631283,0.004707734427631283
27598,0.5385,0.7223256639762662,0.7223256639762662,0.47247335302377824,0.1838256639762662,0.1838256639762662
27624,0.0769,0.19443922540332614,0.19443922540332614,0.47247335302377824,0.11753922540332615,0.11753922540332615
27638,0.9583,0.7848637109480053,0.7848637109480053,0.47247335302377824,-0.1734362890519947,0.1734362890519947
27661,0.52,0.5032760398819796,0.5032760398819796,0.47247335302377824,-0.016723960118020464,0.016723960118020464
27670,0.4074,0.3340507879850026,0.3340507879850026,0.47247335302377824,-0.07334921201499739,0.07334921201499739
27671,0.1724,0.28421149003771806,0.28421149003771806,0.47247335302377824,0.11181149003771806,0.11181149003771806
27678,0.0357,0.044546246580697835,0.044546246580697835,0.47247335302377824,0.008846246580697832,0.008846246580697832
27684,0.8214,0.7379846853639946,0.7379846853639946,0.47247335302377824,-0.08341531463600538,0.08341531463600538
27705,0.4815,0.47021700863134824,0.47021700863134824,0.47247335302377824,-0.01128299136865174,0.01128299136865174
27714,0.1222,0.1629715189767848,0.1629715189767848,0.47247335302377824,0.0407715189767848,0.0407715189767848
27722,0.0549,0.07817181891567299,0.07817181891567299,0.47247335302377824,0.02327181891567299,0.02327181891567299
27723,0.551,0.5568407835183711,0.5568407835183711,0.47247335302377824,0.005840783518371029,0.005840783518371029
27732,0.0417,0.03751370085508687,0.03751370085508687,0.47247335302377824,-0.004186299144913128,0.004186299144913128
27736,0.24,0.29717787297069526,0.29717787297069526,0.47247335302377824,0.057177872970695265,0.057177872970695265
27771,0.7447,0.8508571076880727,0.8508571076880727,0.47247335302377824,0.10615710768807263,0.10615710768807263
27800,0.5185,0.5067345314182532,0.5067345314182532,0.47247335302377824,-0.011765468581746763,0.011765468581746763
27806,0.7111,0.6562229704873533,0.6562229704873533,0.47247335302377824,-0.05487702951264661,0.05487702951264661
27809,0.2083,0.3447402629065663,0.3447402629065663,0.47247335302377824,0.13644026290656627,0.13644026290656627
27829,0.3704,0.3008801255475253,0.3008801255475253,0.47247335302377824,-0.0695198744524747,0.0695198744524747
27842,0.878,0.908372094775076,0.908372094775076,0.47247335302377824,0.030372094775075964,0.030372094775075964
27855,0.2857,0.19811889653419307,0.19811889653419307,0.47247335302377824,-0.08758110346580694,0.08758110346580694
27887,0.0741,0.07608570742335918,0.07608570742335918,0.47247335302377824,0.0019857074233591843,0.0019857074233591843
27892,0.2,0.28589785134969525,0.28589785134969525,0.47247335302377824,0.08589785134969524,0.08589785134969524
27901,0.0532,0.05041044571234765,0.05041044571234765,0.47247335302377824,-0.002789554287652346,0.002789554287652346
27904,0.1429,0.187658936345435,0.187658936345435,0.47247335302377824,0.04475893634543501,0.04475893634543501
27978,0.5926,0.7400421531663126,0.7400421531663126,0.47247335302377824,0.1474421531663126,0.1474421531663126
27979,0.4545,0.4698105731988155,0.4698105731988155,0.47247335302377824,0.015310573198815458,0.015310573198815458
28009,0.25,0.3123509384462832,0.3123509384462832,0.47247335302377824,0.0623509384462832,0.0623509384462832
28032,0.5745,0.555778683882111,0.555778683882111,0.47247335302377824,-0.018721316117888964,0.018721316117888964
28045,0.6458,0.6523433818930146,0.6523433818930146,0.47247335302377824,0.0065433818930145105,0.0065433818930145105
28059,0.0,0.053627792040098377,0.053627792040098377,0.47247335302377824,0.053627792040098377,0.053627792040098377
28077,0.9796,0.9722057111658517,0.9722057111658517,0.47247335302377824,-0.007394288834148277,0.007394288834148277
28088,0.7708,0.7843490670049202,0.7843490670049202,0.47247335302377824,0.013549067004920201,0.013549067004920201
28090,0.8111,0.8850472910977212,0.8850472910977212,0.47247335302377824,0.07394729109772114,0.07394729109772114
28170,0.1979,0.15615944790390668,0.15615944790390668,0.47247335302377824,-0.041740552096093314,0.041740552096093314
28240,0.8488,0.8091350446799108,0.8091350446799108,0.47247335302377824,-0.03966495532008918,0.03966495532008918
28250,0.1667,0.13176052776430447,0.13176052776430447,0.47247335302377824,-0.03493947223569552,0.03493947223569552
28258,0.68,0.7338406969685382,0.7338406969685382,0.47247335302377824,0.053840696968538104,0.053840696968538104
28274,0.1852,0.25386565156572943,0.25386565156572943,0.47247335302377824,0.06866565156572943,0.06866565156572943
28286,0.4421,0.5677921356396508,0.5677921356396508,0.47247335302377824,0.12569213563965081,0.12569213563965081
28310,0.5745,0.5797266532742189,0.5797266532742189,0.47247335302377824,0.005226653274218895,0.005226653274218895
28329,0.7234,0.6576130938723197,0.6576130938723197,0.47247335302377824,-0.06578690612768034,0.06578690612768034
28408,0.7308,0.7484738137928464,0.7484738137928464,0.47247335302377824,0.017673813792846382,0.017673813792846382
28489,0.375,0.4602641953307344,0.4602641953307344,0.47247335302377824,0.08526419533073443,0.08526419533073443
28497,0.8021,0.915649521490048,0.915649521490048,0.47247335302377824,0.11354952149004793,0.11354952149004793
28509,0.2609,0.14597989990751226,0.14597989990751226,0.47247335302377824,-0.11492010009248776,0.11492010009248776
28514,0.0,0.004963599032772326,0.004963599032772326,0.47247335302377824,0.004963599032772326,0.004963599032772326
28535,0.6701,0.6553095078098973,0.6553095078098973,0.47247335302377824,-0.014790492190102755,0.014790492190102755
28554,0.5517,0.8054160138721285,0.8054160138721285,0.47247335302377824,0.2537160138721285,0.2537160138721285
28560,0.0107,0.00297496439007916,0.00297496439007916,0.47247335302377824,-0.007725035609920839,0.007725035609920839
28580,0.7143,0.780490155760283,0.780490155760283,0.47247335302377824,0.06619015576028298,0.06619015576028298
28628,0.5368,0.6264072496460378,0.6264072496460378,0.47247335302377824,0.08960724964603772,0.08960724964603772
28635,0.2609,0.25500112106733663,0.25500112106733663,0.47247335302377824,-0.005898878932663387,0.005898878932663387
28637,0.1429,0.13758757184467518,0.13758757184467518,0.47247335302377824,-0.0053124281553248165,0.0053124281553248165
28655,0.0319,0.030169973939446648,0.030169973939446648,0.47247335302377824,-0.0017300260605533496,0.0017300260605533496
28708,0.7447,0.7273622308822081,0.7273622308822081,0.47247335302377824,-0.017337769117791946,0.017337769117791946
28750,0.1538,0.1431424650603068,0.1431424650603068,0.47247335302377824,-0.01065753493969318,0.01065753493969318
28763,0.6739,0.7223406955485682,0.7223406955485682,0.47247335302377824,0.04844069554856811,0.04844069554856811
28806,0.2308,0.3114584239907313,0.3114584239907313,0.47247335302377824,0.08065842399073131,0.08065842399073131
28808,0.3793,0.7271032082388046,0.7271032082388046,0.47247335302377824,0.34780320823880456,0.34780320823880456
28830,0.4792,0.48557798950629044,0.48557798950629044,0.47247335302377824,0.006377989506290427,0.006377989506290427
28896,0.2,0.2001762412056982,0.2001762412056982,0.47247335302377824,0.00017624120569820212,0.00017624120569820212
28915,0.7143,0.8826612417048056,0.8826612417048056,0.47247335302377824,0.1683612417048056,0.1683612417048056
28930,0.6786,0.8518655818888313,0.8518655818888313,0.47247335302377824,0.17326558188883134,0.17326558188883134
28959,0.9082,0.8705381218608699,0.8705381218608699,0.47247335302377824,-0.037661878139130134,0.037661878139130134
28971,0.7586,0.8826278704347118,0.8826278704347118,0.47247335302377824,0.12402787043471175,0.12402787043471175
29006,0.3571,0.657807804935959,0.657807804935959,0.47247335302377824,0.30070780493595906,0.30070780493595906
29011,0.5876,0.5415335825146692,0.5415335825146692,0.47247335302377824,-0.0460664174853308,0.0460664174853308
29017,0.8462,1.002540311794685,1.0,0.47247335302377824,0.15380000000000005,0.15380000000000005
29060,0.037,0.12219274374498196,0.12219274374498196,0.47247335302377824,0.08519274374498195,0.08519274374498195
29107,0.5185,0.5356155137800753,0.5356155137800753,0.47247335302377824,0.017115513780075364,0.017115513780075364
29114,0.2692,0.28338020838144196,0.28338020838144196,0.47247335302377824,0.014180208381441961,0.014180208381441961
29141,0.4891,0.5337639603244149,0.5337639603244149,0.47247335302377824,0.044663960324414886,0.044663960324414886
29145,0.9583,0.9501861135674963,0.9501861135674963,0.47247335302377824,-0.00811388643250377,0.00811388643250377
29204,0.7308,0.5729774076844631,0.5729774076844631,0.47247335302377824,-0.15782259231553686,0.15782259231553686
29221,0.9783,0.7725256964741241,0.7725256964741241,0.47247335302377824,-0.2057743035258759,0.2057743035258759
29259,0.3404,0.3250606751615499,0.3250606751615499,0.47247335302377824,-0.015339324838450075,0.015339324838450075
29291,1.0,0.9400427867610939,0.9400427867610939,0.47247335302377824,-0.059957213238906126,0.059957213238906126
29306,0.0,0.021587780941273005,0.021587780941273005,0.47247335302377824,0.021587780941273005,0.021587780941273005
29349,0.5926,0.6262891135757364,0.6262891135757364,0.47247335302377824,0.03368911357573634,0.03368911357573634
29403,0.4762,0.40376887705137077,0.40376887705137077,0.47247335302377824,-0.07243112294862925,0.07243112294862925
29422,0.1111,0.10692463736117136,0.10692463736117136,0.47247335302377824,-0.004175362638828645,0.004175362638828645
29432,0.1277,0.15114068364990363,0.15114068364990363,0.47247335302377824,0.02344068364990362,0.02344068364990362
29475,0.3158,0.36947873941427284,0.36947873941427284,0.47247335302377824,0.053678739414272814,0.053678739414272814
29479,0.9694,0.9031702360544502,0.9031702360544502,0.47247335302377824,-0.0662297639455498,0.0662297639455498
29534,0.5,0.48961029185229676,0.48961029185229676,0.47247335302377824,-0.010389708147703236,0.010389708147703236
29542,0.3636,0.4424242027757447,0.4424242027757447,0.47247335302377824,0.0788242027757447,0.0788242027757447
29563,0.0357,0.021768821374913316,0.021768821374913316,0.47247335302377824,-0.013931178625086686,0.013931178625086686
29623,0.48,0.577155707517534,0.577155707517534,0.47247335302377824,0.097155707517534,0.097155707517534
29673,0.3191,0.2867608869647351,0.2867608869647351,0.47247335302377824,-0.03233911303526488,0.03233911303526488
29693,0.6383,0.6919911364759714,0.6919911364759714,0.47247335302377824,0.05369113647597146,0.05369113647597146
29695,0.051,0.04787972725986234,0.04787972725986234,0.47247335302377824,-0.00312027274013766,0.00312027274013766
29723,0.1379,0.14291804957820026,0.14291804957820026,0.47247335302377824,0.005018049578200262,0.005018049578200262
29726,0.5521,0.5770318223080988,0.5770318223080988,0.47247335302377824,0.02493182230809876,0.02493182230809876
29729,0.7037,0.6251324800901334,0.6251324800901334,0.47247335302377824,-0.07856751990986655,0.07856751990986655
29736,0.5208,0.6404086902093846,0.6404086902093846,0.47247335302377824,0.11960869020938458,0.11960869020938458
29755,0.9592,0.9447614696857359,0.9447614696857359,0.47247335302377824,-0.01443853031426412,0.01443853031426412
29764,0.587,0.7359151675601117,0.7359151675601117,0.47247335302377824,0.1489151675601117,0.1489151675601117
29863,0.3077,0.43008809304791246,0.43008809304791246,0.47247335302377824,0.12238809304791248,0.12238809304791248
29878,0.963,0.8229125677073595,0.8229125677073595,0.47247335302377824,-0.14008743229264042,0.14008743229264042
29954,0.0,0.13113004436513148,0.13113004436513148,0.47247335302377824,0.13113004436513148,0.13113004436513148
29966,0.8519,0.8978501350194548,0.8978501350194548,0.47247335302377824,0.045950135019454774,0.045950135019454774
30067,0.9167,0.9260514189316292,0.9260514189316292,0.47247335302377824,0.009351418931629274,0.009351418931629274
30077,0.0107,0.037625621385400154,0.037625621385400154,0.47247335302377824,0.026925621385400153,0.026925621385400153
30128,0.0,0.04974276562667862,0.04974276562667862,0.47247335302377824,0.04974276562667862,0.04974276562667862
30130,0.1667,0.15223805040577143,0.15223805040577143,0.47247335302377824,-0.014461949594228557,0.014461949594228557
30160,0.8889,0.8115357800904355,0.8115357800904355,0.47247335302377824,-0.07736421990956455,0.07736421990956455
30174,0.1923,0.3192396873935417,0.3192396873935417,0.47247335302377824,0.1269396873935417,0.1269396873935417
30233,0.6146,0.610502257684271,0.610502257684271,0.47247335302377824,-0.004097742315729014,0.004097742315729014
30235,0.1429,0.12117542811269105,0.12117542811269105,0.47247335302377824,-0.021724571887308947,0.021724571887308947
30249,0.1923,0.2726486077759991,0.2726486077759991,0.47247335302377824,0.08034860777599909,0.08034860777599909
30269,0.6404,0.6859989253781591,0.6859989253781591,0.47247335302377824,0.04559892537815913,0.04559892537815913
30272,0.6875,0.6474477511104499,0.6474477511104499,0.47247335302377824,-0.04005224888955006,0.04005224888955006
30277,0.5385,0.451898321066759,0.451898321066759,0.47247335302377824,-0.086601678933241,0.086601678933241
30310,0.2708,0.2100861724726243,0.2100861724726243,0.47247335302377824,-0.0607138275273757,0.0607138275273757
30331,0.8077,0.8625034674081742,0.8625034674081742,0.47247335302377824,0.05480346740817421,0.05480346740817421
30341,0.7609,0.770580902857562,0.770580902857562,0.47247335302377824,0.009680902857561957,0.009680902857561957
30354,0.4074,0.37850287430602053,0.37850287430602053,0.47247335302377824,-0.028897125693979453,0.028897125693979453
30358,0.102,0.11323518746489986,0.11323518746489986,0.47247335302377824,0.011235187464899862,0.011235187464899862
30383,0.2692,0.254125130015579,0.254125130015579,0.47247335302377824,-0.01507486998442098,0.01507486998442098
30390,0.8214,0.8329274950040391,0.8329274950040391,0.47247335302377824,0.011527495004039046,0.011527495004039046
30432,0.4592,0.4119922782461454,0.4119922782461454,0.47247335302377824,-0.04720772175385457,0.04720772175385457
30479,0.3958,0.39210958631388343,0.39210958631388343,0.47247335302377824,-0.003690413686116556,0.003690413686116556
30578,0.9615,0.9684415630748839,0.9684415630748839,0.47247335302377824,0.006941563074883916,0.006941563074883916
30611,0.2887,0.3262226376739615,0.3262226376739615,0.47247335302377824,0.03752263767396147,0.03752263767396147
30621,0.2963,0.22462544585626346,0.22462544585626346,0.47247335302377824,-0.07167455414373655,0.07167455414373655
30668,0.5,0.5441742977750846,0.5441742977750846,0.47247335302377824,0.04417429777508464,0.04417429777508464
30700,0.1923,0.17615582552010417,0.17615582552010417,0.47247335302377824,-0.01614417447989583,0.01614417447989583
30746,0.3846,0.3861936528536447,0.3861936528536447,0.47247335302377824,0.0015936528536447114,0.0015936528536447114
30763,0.1154,0.15484482543032901,0.15484482543032901,0.47247335302377824,0.03944482543032901,0.03944482543032901
30773,0.7292,0.5619177266812907,0.5619177266812907,0.47247335302377824,-0.16728227331870926,0.16728227331870926
30776,0.625,0.7150760656482261,0.7150760656482261,0.47247335302377824,0.09007606564822612,0.09007606564822612
30894,0.6735,0.7227414143177058,0.7227414143177058,0.47247335302377824,0.04924141431770579,0.04924141431770579
30908,0.4884,0.5952950476582649,0.5952950476582649,0.47247335302377824,0.10689504765826491,0.10689504765826491
30975,0.1923,0.19754608232756427,0.19754608232756427,0.47247335302377824,0.0052460823275642665,0.0052460823275642665
30991,0.8889,0.8859775193137579,0.8859775193137579,0.47247335302377824,-0.0029224806862421238,0.0029224806862421238
31057,0.1739,0.16167771736881392,0.16167771736881392,0.47247335302377824,-0.012222282631186077,0.012222282631186077
31084,0.4286,0.2974948288954235,0.2974948288954235,0.47247335302377824,-0.13110517110457648,0.13110517110457648
31102,0.7391,0.7572782948239929,0.7572782948239929,0.47247335302377824,0.018178294823992913,0.018178294823992913
31104,0.6786,0.557944823133986,0.557944823133986,0.47247335302377824,-0.12065517686601401,0.12065517686601401
31158,0.7292,0.7544647601042047,0.7544647601042047,0.47247335302377824,0.025264760104204753,0.025264760104204753
31198,0.7083,0.739523472502902,0.739523472502902,0.47247335302377824,0.031223472502901917,0.031223472502901917
31308,0.3978,0.42781426552412133,0.42781426552412133,0.47247335302377824,0.030014265524121342,0.030014265524121342
31358,0.125,0.018398583361195764,0.018398583361195764,0.47247335302377824,-0.10660141663880424,0.10660141663880424
31383,0.6154,0.5088769995643885,0.5088769995643885,0.47247335302377824,-0.10652300043561147,0.10652300043561147
31394,0.1481,0.18266259348518094,0.18266259348518094,0.47247335302377824,0.034562593485180926,0.034562593485180926
31425,0.617,0.6320037608898055,0.6320037608898055,0.47247335302377824,0.015003760889805484,0.015003760889805484
31426,0.5,0.4059085850060788,0.4059085850060788,0.47247335302377824,-0.09409141499392121,0.09409141499392121
31428,0.7021,0.8337718787772781,0.8337718787772781,0.47247335302377824,0.13167187877727815,0.13167187877727815
31438,0.75,0.7029135634349345,0.7029135634349345,0.47247335302377824,-0.047086436565065504,0.047086436565065504
31440,0.6531,0.6029284925582623,0.6029284925582623,0.47247335302377824,-0.050171507441737706,0.050171507441737706
31461,0.6809,0.6681797845471541,0.6681797845471541,0.47247335302377824,-0.012720215452845851,0.012720215452845851
31479,0.6154,0.5768621960917176,0.5768621960917176,0.47247335302377824,-0.03853780390828232,0.03853780390828232
31489,0.9,0.7778840919722749,0.7778840919722749,0.47247335302377824,-0.1221159080277251,0.1221159080277251
31507,0.4681,0.5270797646804366,0.5270797646804366,0.47247335302377824,0.058979764680436586,0.058979764680436586
31512,0.7308,0.7369683666895388,0.7369683666895388,0.47247335302377824,0.006168366689538796,0.006168366689538796
31521,0.5521,0.5760639345720955,0.5760639345720955,0.47247335302377824,0.023963934572095447,0.023963934572095447
31550,0.2143,0.15340681221245805,0.15340681221245805,0.47247335302377824,-0.060893187787541936,0.060893187787541936
31554,0.4348,0.6244824793007185,0.6244824793007185,0.47247335302377824,0.18968247930071852,0.18968247930071852
31585,0.3704,0.36671608480754764,0.36671608480754764,0.47247335302377824,-0.0036839151924523694,0.0036839151924523694
31637,0.3793,0.37350114203960816,0.37350114203960816,0.47247335302377824,-0.005798857960391868,0.005798857960391868
31649,0.75,0.8118762605571415,0.8118762605571415,0.47247335302377824,0.06187626055714146,0.06187626055714146
31655,0.2553,0.2647352401845807,0.2647352401845807,0.47247335302377824,0.009435240184580695,0.009435240184580695
31680,0.4643,0.4533201662344007,0.4533201662344007,0.47247335302377824,-0.0109798337655993,0.0109798337655993
31695,0.4286,0.471661378107501,0.471661378107501,0.47247335302377824,0.04306137810750099,0.04306137810750099
31713,0.2667,0.2732398108632498,0.2732398108632498,0.47247335302377824,0.006539810863249784,0.006539810863249784
31757,0.4138,0.4244969029677507,0.4244969029677507,0.47247335302377824,0.010696902967750721,0.010696902967750721
31760,0.25,0.31613113078313126,0.31613113078313126,0.47247335302377824,0.06613113078313126,0.06613113078313126
31783,0.4444,0.47968243836475344,0.47968243836475344,0.47247335302377824,0.03528243836475342,0.03528243836475342
31799,0.8776,0.8188900765410005,0.8188900765410005,0.47247335302377824,-0.0587099234589995,0.0587099234589995
31816,0.5895,0.5841851022879976,0.5841851022879976,0.47247335302377824,-0.005314897712002442,0.005314897712002442
31830,0.2041,0.24244047775174477,0.24244047775174477,0.47247335302377824,0.03834047775174476,0.03834047775174476
31859,0.1538,0.33642602174979946,0.33642602174979946,0.47247335302377824,0.18262602174979947,0.18262602174979947
31870,0.2963,0.19196773199190859,0.19196773199190859,0.47247335302377824,-0.10433226800809142,0.10433226800809142
31878,0.2979,0.26219144876179046,0.26219144876179046,0.47247335302377824,-0.03570855123820954,0.03570855123820954
31883,0.8182,0.7640773349734049,0.7640773349734049,0.47247335302377824,-0.05412266502659513,0.05412266502659513
31901,0.2222,0.22722121665134265,0.22722121665134265,0.47247335302377824,0.0050212166513426415,0.0050212166513426415
31910,0.9783,0.9582082049694791,0.9582082049694791,0.47247335302377824,-0.02009179503052083,0.02009179503052083
31948,0.0,-0.006065496162820039,0.0,0.47247335302377824,0.0,0.0
31958,0.0741,0.17619933524083414,0.17619933524083414,0.47247335302377824,0.10209933524083414,0.10209933524083414
31973,0.3299,0.33538481425058875,0.33538481425058875,0.47247335302377824,0.005484814250588721,0.005484814250588721
31989,0.6667,0.5318183476642646,0.5318183476642646,0.47247335302377824,-0.13488165233573535,0.13488165233573535
31994,0.931,0.8977916254953578,0.8977916254953578,0.47247335302377824,-0.0332083745046422,0.0332083745046422
32037,0.8929,0.8029890118483162,0.8029890118483162,0.47247335302377824,-0.08991098815168386,0.08991098815168386
32075,0.04,0.06172135472892476,0.06172135472892476,0.47247335302377824,0.02172135472892476,0.02172135472892476
32131,0.0435,0.057051157219776605,0.057051157219776605,0.47247335302377824,0.013551157219776608,0.013551157219776608
32140,0.7708,0.7873247033116495,0.7873247033116495,0.47247335302377824,0.016524703311649458,0.016524703311649458
32146,0.1277,0.07783410701115895,0.07783410701115895,0.47247335302377824,-0.04986589298884106,0.04986589298884106
32147,0.6667,0.5942415655196682,0.5942415655196682,0.47247335302377824,-0.07245843448033173,0.07245843448033173
32153,0.1633,0.13077331809661602,0.13077331809661602,0.47247335302377824,-0.03252668190338398,0.03252668190338398
32170,0.1562,0.16315253681331043,0.16315253681331043,0.47247335302377824,0.006952536813310428,0.006952536813310428
32193,0.0303,0.009176583553670736,0.009176583553670736,0.47247335302377824,-0.021123416446329264,0.021123416446329264
32203,0.1111,0.06075931411483809,0.06075931411483809,0.47247335302377824,-0.05034068588516191,0.05034068588516191
32209,0.0816,0.26670299894949806,0.26670299894949806,0.47247335302377824,0.18510299894949805,0.18510299894949805
32274,0.0,-0.014786432646855807,0.0,0.47247335302377824,0.0,0.0
32280,0.1034,0.09111085926303142,0.09111085926303142,0.47247335302377824,-0.012289140736968587,0.012289140736968587
32282,0.64,0.6475102022885122,0.6475102022885122,0.47247335302377824,0.00751020228851218,0.00751020228851218
32305,0.6538,0.7717423324640162,0.7717423324640162,0.47247335302377824,0.1179423324640162,0.1179423324640162
32452,0.2889,0.24137000753207477,0.24137000753207477,0.47247335302377824,-0.04752999246792522,0.04752999246792522
32475,0.0612,0.03379962472138054,0.03379962472138054,0.47247335302377824,-0.02740037527861946,0.02740037527861946
32478,0.1111,0.12957246169227937,0.12957246169227937,0.47247335302377824,0.01847246169227937,0.01847246169227937
32479,0.1111,0.17851055014664063,0.17851055014664063,0.47247335302377824,0.06741055014664063,0.06741055014664063
32523,0.32,0.2957074699330822,0.2957074699330822,0.47247335302377824,-0.024292530066917783,0.024292530066917783
32527,0.2653,0.2948726724444938,0.2948726724444938,0.47247335302377824,0.029572672444493797,0.029572672444493797
32528,0.037,0.11082765762070268,0.11082765762070268,0.47247335302377824,0.07382765762070267,0.07382765762070267
32539,0.2292,0.26333194789819375,0.26333194789819375,0.47247335302377824,0.034131947898193765,0.034131947898193765
32573,0.7778,0.7142467963760627,0.7142467963760627,0.47247335302377824,-0.06355320362393735,0.06355320362393735
32594,0.5172,0.6003050140306382,0.6003050140306382,0.47247335302377824,0.08310501403063819,0.08310501403063819
32654,0.2796,0.2951743821308808,0.2951743821308808,0.47247335302377824,0.015574382130880804,0.015574382130880804
32681,0.3077,0.335921866092616,0.335921866092616,0.47247335302377824,0.02822186609261601,0.02822186609261601
32734,0.0357,0.09286229445729821,0.09286229445729821,0.47247335302377824,0.05716229445729821,0.05716229445729821
32755,0.8214,0.8176462218988654,0.8176462218988654,0.47247335302377824,-0.0037537781011346416,0.0037537781011346416
32760,0.2069,0.2407027958862714,0.2407027958862714,0.47247335302377824,0.033802795886271386,0.033802795886271386
32811,0.9043,0.7932934853519594,0.7932934853519594,0.47247335302377824,-0.11100651464804057,0.11100651464804057
32825,0.4783,0.3832772508229578,0.3832772508229578,0.47247335302377824,-0.09502274917704218,0.09502274917704218
32931,0.1538,0.23241272496920456,0.23241272496920456,0.47247335302377824,0.07861272496920457,0.07861272496920457
32934,0.875,0.8521189284773707,0.8521189284773707,0.47247335302377824,-0.022881071522629304,0.022881071522629304
33063,0.4231,0.46367611643790574,0.46367611643790574,0.47247335302377824,0.04057611643790576,0.04057611643790576
33116,0.1739,0.2022896893596971,0.2022896893596971,0.47247335302377824,0.0283896893596971,0.0283896893596971
33128,0.4286,0.40860418027697165,0.40860418027697165,0.47247335302377824,-0.01999581972302833,0.01999581972302833
33157,0.5333,0.5450732187854663,0.5450732187854663,0.47247335302377824,0.011773218785466333,0.011773218785466333
33178,0.04,0.07287835650245433,0.07287835650245433,0.47247335302377824,0.03287835650245433,0.03287835650245433
33198,0.9778,0.9280153913066991,0.9280153913066991,0.47247335302377824,-0.049784608693300925,0.049784608693300925
33278,0.5,0.4474421935527034,0.4474421935527034,0.47247335302377824,-0.05255780644729657,0.05255780644729657
33352,0.0,0.011638017127886702,0.011638017127886702,0.47247335302377824,0.011638017127886702,0.011638017127886702
33368,0.8333,0.8000471937145519,0.8000471937145519,0.47247335302377824,-0.03325280628544813,0.03325280628544813
33392,0.1429,0.2504194568198831,0.2504194568198831,0.47247335302377824,0.10751945681988309,0.10751945681988309
33432,0.4375,0.4247663412844903,0.4247663412844903,0.47247335302377824,-0.012733658715509688,0.012733658715509688
33460,0.2083,0.34466692588677006,0.34466692588677006,0.47247335302377824,0.13636692588677005,0.13636692588677005
33474,0.4043,0.4500371550589717,0.4500371550589717,0.47247335302377824,0.04573715505897169,0.04573715505897169
33475,0.234,0.20352031590133451,0.20352031590133451,0.47247335302377824,-0.0304796840986655,0.0304796840986655
33479,0.7826,0.7113589070059566,0.7113589070059566,0.47247335302377824,-0.07124109299404335,0.07124109299404335
33502,0.617,0.48917012917904973,0.48917012917904973,0.47247335302377824,-0.12782987082095026,0.12782987082095026
33506,0.48,0.5263511880774869,0.5263511880774869,0.47247335302377824,0.04635118807748695,0.04635118807748695
33510,0.8889,0.8530416834655057,0.8530416834655057,0.47247335302377824,-0.03585831653449434,0.03585831653449434
33519,0.9479,0.8239355052444035,0.8239355052444035,0.47247335302377824,-0.12396449475559645,0.12396449475559645
33526,0.1923,0.16100192346394449,0.16100192346394449,0.47247335302377824,-0.031298076536055514,0.031298076536055514
33548,0.4444,0.4099482682656027,0.4099482682656027,0.47247335302377824,-0.034451731734397306,0.034451731734397306
33586,0.3571,0.31043087864779484,0.31043087864779484,0.47247335302377824,-0.046669121352205134,0.046669121352205134
33602,0.75,0.8448959081565962,0.8448959081565962,0.47247335302377824,0.09489590815659621,0.09489590815659621
33616,0.7778,0.876718235846123,0.876718235846123,0.47247335302377824,0.09891823584612291,0.09891823584612291
33649,1.0,0.9881483691456856,0.9881483691456856,0.47247335302377824,-0.011851630854314399,0.011851630854314399
33654,0.8462,0.7835863430603345,0.7835863430603345,0.47247335302377824,-0.06261365693966547,0.06261365693966547
33685,0.1628,0.2084601397079449,0.2084601397079449,0.47247335302377824,0.04566013970794491,0.04566013970794491
33699,0.1237,0.15307050951913542,0.15307050951913542,0.47247335302377824,0.029370509519135418,0.029370509519135418
33716,0.5,0.44355520557070977,0.44355520557070977,0.47247335302377824,-0.056444794429290235,0.056444794429290235
33791,0.1702,0.13810004752506122,0.13810004752506122,0.47247335302377824,-0.03209995247493877,0.03209995247493877
33795,0.0612,0.0763941579622065,0.0763941579622065,0.47247335302377824,0.015194157962206502,0.015194157962206502
33837,0.7188,0.7943257900637792,0.7943257900637792,0.47247335302377824,0.07552579006377924,0.07552579006377924
33852,0.2593,0.3068794844659045,0.3068794844659045,0.47247335302377824,0.04757948446590454,0.04757948446590454
33863,0.1915,0.16674459941555303,0.16674459941555303,0.47247335302377824,-0.024755400584446974,0.024755400584446974
33884,0.8125,0.8328983555194754,0.8328983555194754,0.47247335302377824,0.020398355519475442,0.020398355519475442
33914,0.76,0.858249068621838,0.858249068621838,0.47247335302377824,0.09824906862183802,0.09824906862183802
33945,0.0385,0.07444148426374708,0.07444148426374708,0.47247335302377824,0.03594148426374708,0.03594148426374708
33949,0.5,0.41860770401139064,0.41860770401139064,0.47247335302377824,-0.08139229598860936,0.08139229598860936
34010,0.8462,0.7790353424841364,0.7790353424841364,0.47247335302377824,-0.06716465751586354,0.06716465751586354
34036,0.8889,0.8152181090583485,0.8152181090583485,0.47247335302377824,-0.07368189094165156,0.07368189094165156
34067,0.9674,0.8974209966354966,0.8974209966354966,0.47247335302377824,-0.06997900336450347,0.06997900336450347
34095,0.7234,0.8214744825342662,0.8214744825342662,0.47247335302377824,0.0980744825342662,0.0980744825342662
34120,0.1979,0.18676436430902554,0.18676436430902554,0.47247335302377824,-0.01113563569097445,0.01113563569097445
34133,0.5,0.4991115096496733,0.4991115096496733,0.47247335302377824,-0.0008884903503266761,0.0008884903503266761
34180,0.7727,0.832121403210407,0.832121403210407,0.47247335302377824,0.0594214032104069,0.0594214032104069
34250,0.5,0.5745755096506244,0.5745755096506244,0.47247335302377824,0.07457550965062443,0.07457550965062443
34273,0.0,0.007997890401029772,0.007997890401029772,0.47247335302377824,0.007997890401029772,0.007997890401029772
34277,0.2889,0.17458218152806743,0.17458218152806743,0.47247335302377824,-0.11431781847193256,0.11431781847193256
34285,0.0,0.00950288438413427,0.00950288438413427,0.47247335302377824,0.00950288438413427,0.00950288438413427
34354,0.6701,0.7065450073296966,0.7065450073296966,0.47247335302377824,0.03644500732969658,0.03644500732969658
34362,0.6364,0.7517977058262325,0.7517977058262325,0.47247335302377824,0.11539770582623254,0.11539770582623254
34377,0.2222,0.2368393372360397,0.2368393372360397,0.47247335302377824,0.01463933723603969,0.01463933723603969
34390,0.037,0.03192166480658237,0.03192166480658237,0.47247335302377824,-0.0050783351934176255,0.0050783351934176255
34431,0.9655,0.9097093233074549,0.9097093233074549,0.47247335302377824,-0.055790676692545116,0.055790676692545116
34432,0.0316,0.028930771205741945,0.028930771205741945,0.47247335302377824,-0.002669228794258058,0.002669228794258058
34477,0.8936,0.7687154344831086,0.7687154344831086,0.47247335302377824,-0.12488456551689131,0.12488456551689131
34532,0.383,0.3213259830907066,0.3213259830907066,0.47247335302377824,-0.061674016909293417,0.061674016909293417
34572,0.5714,0.768130862936484,0.768130862936484,0.47247335302377824,0.196730862936484,0.196730862936484
34590,0.9286,0.9352074085090091,0.9352074085090091,0.47247335302377824,0.006607408509009094,0.006607408509009094
34604,0.1667,0.14172301325886993,0.14172301325886993,0.47247335302377824,-0.024976986741130053,0.024976986741130053
34643,0.8571,0.8740808360902008,0.8740808360902008,0.47247335302377824,0.016980836090200846,0.016980836090200846
34646,0.7174,0.7739253272962361,0.7739253272962361,0.47247335302377824,0.05652532729623605,0.05652532729623605
34650,0.7579,0.8617705288177533,0.8617705288177533,0.47247335302377824,0.10387052881775327,0.10387052881775327
34681,0.1064,0.12606946404341024,0.12606946404341024,0.47247335302377824,0.019669464043410245,0.019669464043410245
34688,0.32,0.23894417888215708,0.23894417888215708,0.47247335302377824,-0.08105582111784293,0.08105582111784293
34694,0.6154,0.5954879960369437,0.5954879960369437,0.47247335302377824,-0.019912003963056257,0.019912003963056257
34695,0.4526,0.3324150859077245,0.3324150859077245,0.47247335302377824,-0.1201849140922755,0.1201849140922755
34707,0.7308,0.6851209844160888,0.6851209844160888,0.47247335302377824,-0.04567901558391119,0.04567901558391119
34720,0.0,0.040986006491852245,0.040986006491852245,0.47247335302377824,0.040986006491852245,0.040986006491852245
34725,0.9,0.7632987168263086,0.7632987168263086,0.47247335302377824,-0.13670128317369146,0.13670128317369146
34738,0.1923,0.2721574428940707,0.2721574428940707,0.47247335302377824,0.07985744289407068,0.07985744289407068
34761,0.8214,0.8443451394107926,0.8443451394107926,0.47247335302377824,0.02294513941079257,0.02294513941079257
34795,0.7931,0.848385674598791,0.848385674598791,0.47247335302377824,0.05528567459879097,0.05528567459879097
34801,0.6897,0.7999661821519529,0.7999661821519529,0.47247335302377824,0.11026618215195294,0.11026618215195294
34899,0.4138,0.5422143466021556,0.5422143466021556,0.47247335302377824,0.12841434660215562,0.12841434660215562
35020,0.0,0.10190638529587576,0.10190638529587576,0.47247335302377824,0.10190638529587576,0.10190638529587576
35058,0.0222,0.04390611943665934,0.04390611943665934,0.47247335302377824,0.02170611943665934,0.02170611943665934
35080,0.8889,0.7932107273819078,0.7932107273819078,0.47247335302377824,-0.09568927261809224,0.09568927261809224
35109,0.1915,0.1745796128583494,0.1745796128583494,0.47247335302377824,-0.016920387141650617,0.016920387141650617
35124,0.2979,0.21752203281155152,0.21752203281155152,0.47247335302377824,-0.08037796718844847,0.08037796718844847
35128,0.3103,0.21539298825960296,0.21539298825960296,0.47247335302377824,-0.09490701174039706,0.09490701174039706
35129,0.04,0.037425862665001974,0.037425862665001974,0.47247335302377824,-0.0025741373349980265,0.0025741373349980265
35140,0.7391,0.7409428475234814,0.7409428475234814,0.47247335302377824,0.0018428475234814057,0.0018428475234814057
35148,0.0,-0.003723292982881099,0.0,0.47247335302377824,0.0,0.0
35160,0.2593,0.15645594307128968,0.15645594307128968,0.47247335302377824,-0.10284405692871029,0.10284405692871029
35161,0.5208,0.5119490070168579,0.5119490070168579,0.47247335302377824,-0.00885099298314218,0.00885099298314218
35163,0.3333,0.36585904231922844,0.36585904231922844,0.47247335302377824,0.03255904231922846,0.03255904231922846
35170,0.2553,0.2611250359564492,0.2611250359564492,0.47247335302377824,0.005825035956449176,0.005825035956449176
35179,0.9787,0.7190268053511653,0.7190268053511653,0.47247335302377824,-0.25967319464883476,0.25967319464883476
35218,0.7609,0.7167431571655781,0.7167431571655781,0.47247335302377824,-0.044156842834421894,0.044156842834421894
35259,0.0385,0.07874315792587078,0.07874315792587078,0.47247335302377824,0.04024315792587078,0.04024315792587078
35292,0.6154,0.5709675383334122,0.5709675383334122,0.47247335302377824,-0.044432461666587764,0.044432461666587764
35299,0.4444,0.7612189459558925,0.7612189459558925,0.47247335302377824,0.31681894595589244,0.31681894595589244
35316,0.6392,0.6526389319922987,0.6526389319922987,0.47247335302377824,0.01343893199229873,0.01343893199229873
35421,0.6939,0.5274233605366583,0.5274233605366583,0.47247335302377824,-0.16647663946334168,0.16647663946334168
35458,0.7857,0.7980035792564515,0.7980035792564515,0.47247335302377824,0.012303579256451536,0.012303579256451536
35469,0.0745,0.07399455317903847,0.07399455317903847,0.47247335302377824,-0.0005054468209615276,0.0005054468209615276
35474,0.8478,0.8570511043835121,0.8570511043835121,0.47247335302377824,0.009251104383512065,0.009251104383512065
35488,1.0,0.9718158195954445,0.9718158195954445,0.47247335302377824,-0.028184180404555503,0.028184180404555503
35497,0.1064,0.08086351866896363,0.08086351866896363,0.47247335302377824,-0.025536481331036365,0.025536481331036365
35502,0.1538,0.18689634561341828,0.18689634561341828,0.47247335302377824,0.03309634561341829,0.03309634561341829
35511,0.0408,0.05327982946717158,0.05327982946717158,0.47247335302377824,0.012479829467171577,0.012479829467171577
35529,0.2593,0.2678198359373246,0.2678198359373246,0.47247335302377824,0.008519835937324638,0.008519835937324638
35534,0.3214,0.4962100506893037,0.4962100506893037,0.47247335302377824,0.17481005068930366,0.17481005068930366
35584,0.7917,0.8089577289729201,0.8089577289729201,0.47247335302377824,0.017257728972920106,0.017257728972920106
35636,0.0,0.011454935716060377,0.011454935716060377,0.47247335302377824,0.011454935716060377,0.011454935716060377
35638,0.4815,0.38688414749862776,0.38688414749862776,0.47247335302377824,-0.09461585250137222,0.09461585250137222
35661,0.4667,0.4894143551475844,0.4894143551475844,0.47247335302377824,0.02271435514758441,0.02271435514758441
35708,0.7692,0.7365821037346372,0.7365821037346372,0.47247335302377824,-0.03261789626536282,0.03261789626536282
35709,0.8571,0.7889522362457967,0.7889522362457967,0.47247335302377824,-0.06814776375420328,0.06814776375420328
35710,0.3125,0.2662853316441248,0.2662853316441248,0.47247335302377824,-0.04621466835587518,0.04621466835587518
35720,0.2692,0.22330355661179083,0.22330355661179083,0.47247335302377824,-0.04589644338820917,0.04589644338820917
35787,0.3191,0.35413651098911536,0.35413651098911536,0.47247335302377824,0.035036510989115366,0.035036510989115366
35808,0.4783,0.443030826951397,0.443030826951397,0.47247335302377824,-0.035269173048603,0.035269173048603
35821,0.25,0.2311411944630045,0.2311411944630045,0.47247335302377824,-0.01885880553699551,0.01885880553699551
35836,0.8372,0.8778981862466989,0.8778981862466989,0.47247335302377824,0.04069818624669885,0.04069818624669885
35844,0.4946,0.46016018001941317,0.46016018001941317,0.47247335302377824,-0.03443981998058682,0.03443981998058682
35885,0.5417,0.48267449748797975,0.48267449748797975,0.47247335302377824,-0.05902550251202021,0.05902550251202021
35890,0.6977,0.7740269075503892,0.7740269075503892,0.47247335302377824,0.07632690755038918,0.07632690755038918
35897,0.6667,0.7720169909007518,0.7720169909007518,0.47247335302377824,0.10531699090075186,0.10531699090075186
35970,0.3895,0.27251424163162485,0.27251424163162485,0.47247335302377824,-0.11698575836837516,0.11698575836837516
36013,0.9149,0.8867770476141654,0.8867770476141654,0.47247335302377824,-0.02812295238583462,0.02812295238583462
36018,0.2449,0.2594984559120793,0.2594984559120793,0.47247335302377824,0.014598455912079311,0.014598455912079311
36039,0.1429,0.2095804497195271,0.2095804497195271,0.47247335302377824,0.06668044971952711,0.06668044971952711
36062,0.3871,0.32280209324859016,0.32280209324859016,0.47247335302377824,-0.06429790675140984,0.06429790675140984
36166,0.5,0.7948340379115459,0.7948340379115459,0.47247335302377824,0.29483403791154594,0.29483403791154594
36167,0.7755,0.7908816181914361,0.7908816181914361,0.47247335302377824,0.01538161819143613,0.01538161819143613
36175,0.2766,0.3317774698792961,0.3317774698792961,0.47247335302377824,0.055177469879296115,0.055177469879296115
36201,0.6071,0.5520787711878097,0.5520787711878097,0.47247335302377824,-0.05502122881219029,0.05502122881219029
36211,0.2292,0.24789059712289266,0.24789059712289266,0.47247335302377824,0.01869059712289267,0.01869059712289267
36218,0.2069,0.21093144827617588,0.21093144827617588,0.47247335302377824,0.004031448276175881,0.004031448276175881
36224,0.9362,0.856693673937261,0.856693673937261,0.47247335302377824,-0.079506326062739,0.079506326062739
36295,0.9565,0.805350296454928,0.805350296454928,0.47247335302377824,-0.15114970354507207,0.15114970354507207
36304,0.7609,0.7695383060152725,0.7695383060152725,0.47247335302377824,0.00863830601527249,0.00863830601527249
36341,0.963,0.9139189104756943,0.9139189104756943,0.47247335302377824,-0.04908108952430568,0.04908108952430568
36358,0.9333,0.898663283607735,0.898663283607735,0.47247335302377824,-0.034636716392265066,0.034636716392265066
36450,0.52,0.6901679532785219,0.6901679532785219,0.47247335302377824,0.17016795327852186,0.17016795327852186
36470,0.5444,0.5422167625037129,0.5422167625037129,0.47247335302377824,-0.002183237496287127,0.002183237496287127
36504,0.5385,0.7308792639351753,0.7308792639351753,0.47247335302377824,0.19237926393517535,0.19237926393517535
36511,0.3229,0.22535808666109777,0.22535808666109777,0.47247335302377824,-0.09754191333890225,0.09754191333890225
36512,0.3367,0.5607195118820769,0.5607195118820769,0.47247335302377824,0.22401951188207692,0.22401951188207692
36517,0.0714,0.1485158370375516,0.1485158370375516,0.47247335302377824,0.07711583703755161,0.07711583703755161
36518,0.7391,0.8699089922265242,0.8699089922265242,0.47247335302377824,0.1308089922265242,0.1308089922265242
36519,0.4043,0.4235358617841416,0.4235358617841416,0.47247335302377824,0.019235861784141606,0.019235861784141606
36535,0.1852,0.11613280371171764,0.11613280371171764,0.47247335302377824,-0.06906719628828237,0.06906719628828237
36552,0.3793,0.3880050506215419,0.3880050506215419,0.47247335302377824,0.008705050621541865,0.008705050621541865
36597,0.5,0.41618750064946025,0.41618750064946025,0.47247335302377824,-0.08381249935053975,0.08381249935053975
36605,0.8936,0.8836591277863344,0.8836591277863344,0.47247335302377824,-0.009940872213665575,0.009940872213665575
36616,0.7857,0.8806493096810226,0.8806493096810226,0.47247335302377824,0.09494930968102266,0.09494930968102266
36628,0.6875,0.7341284431243984,0.7341284431243984,0.47247335302377824,0.0466284431243984,0.0466284431243984
36662,0.0385,0.12759358435507262,0.12759358435507262,0.47247335302377824,0.08909358435507261,0.08909358435507261
36729,0.5926,0.7200525021998615,0.7200525021998615,0.47247335302377824,0.12745250219986148,0.12745250219986148
36802,0.2449,0.24125331137312667,0.24125331137312667,0.47247335302377824,-0.00364668862687334,0.00364668862687334
36845,0.7273,0.41466895496806283,0.41466895496806283,0.47247335302377824,-0.3126310450319371,0.3126310450319371
36856,0.9,0.8982880820022718,0.8982880820022718,0.47247335302377824,-0.001711917997728185,0.001711917997728185
36901,0.8148,0.7802082070393985,0.7802082070393985,0.47247335302377824,-0.03459179296060144,0.03459179296060144
36918,0.8333,0.7775310489497531,0.7775310489497531,0.47247335302377824,-0.05576895105024693,0.05576895105024693
36967,0.2234,0.2209200273414309,0.2209200273414309,0.47247335302377824,-0.002479972658569085,0.002479972658569085
37016,0.8947,0.8638655043367214,0.8638655043367214,0.47247335302377824,-0.03083449566327867,0.03083449566327867
37019,0.3333,0.3036597919590658,0.3036597919590658,0.47247335302377824,-0.0296402080409342,0.0296402080409342
37035,0.5,0.5239612545331093,0.5239612545331093,0.47247335302377824,0.023961254533109266,0.023961254533109266
37037,0.48,0.43958854045103674,0.43958854045103674,0.47247335302377824,-0.04041145954896325,0.04041145954896325
37052,0.7083,0.6860229066240073,0.6860229066240073,0.47247335302377824,-0.022277093375992707,0.022277093375992707
37066,0.8438,0.8612342717557163,0.8612342717557163,0.47247335302377824,0.017434271755716324,0.017434271755716324
37080,0.7917,0.7845073473713295,0.7845073473713295,0.47247335302377824,-0.007192652628670415,0.007192652628670415
37101,0.7241,0.807823453894554,0.807823453894554,0.47247335302377824,0.08372345389455405,0.08372345389455405
37102,0.56,0.5653947920555181,0.5653947920555181,0.47247335302377824,0.005394792055518072,0.005394792055518072
37105,0.8085,0.8546835742516466,0.8546835742516466,0.47247335302377824,0.04618357425164665,0.04618357425164665
37139,0.963,0.8849196257814254,0.8849196257814254,0.47247335302377824,-0.07808037421857461,0.07808037421857461
37166,0.8298,0.880515752508555,0.880515752508555,0.47247335302377824,0.05071575250855498,0.05071575250855498
37177,0.6739,0.7459654779865055,0.7459654779865055,0.47247335302377824,0.07206547798650542,0.07206547798650542
37193,0.4444,0.4882220394976312,0.4882220394976312,0.47247335302377824,0.04382203949763119,0.04382203949763119
37223,0.0625,0.05688443869991722,0.05688443869991722,0.47247335302377824,-0.005615561300082783,0.005615561300082783
37244,0.5769,0.5507434180536905,0.5507434180536905,0.47247335302377824,-0.026156581946309432,0.026156581946309432
37247,0.618,0.7152042735001768,0.7152042735001768,0.47247335302377824,0.0972042735001768,0.0972042735001768
37270,1.0,0.9134817938406594,0.9134817938406594,0.47247335302377824,-0.08651820615934058,0.08651820615934058
37273,0.7917,0.8145745842357055,0.8145745842357055,0.47247335302377824,0.022874584235705542,0.022874584235705542
37286,0.1429,0.15099621884198994,0.15099621884198994,0.47247335302377824,0.008096218841989938,0.008096218841989938
37288,0.7263,0.7039412680072119,0.7039412680072119,0.47247335302377824,-0.02235873199278804,0.02235873199278804
37291,0.3646,0.3718508719933566,0.3718508719933566,0.47247335302377824,0.007250871993356611,0.007250871993356611
37304,0.3958,0.3452925537797689,0.3452925537797689,0.47247335302377824,-0.05050744622023107,0.05050744622023107
37322,0.1111,0.11098289512213655,0.11098289512213655,0.47247335302377824,-0.00011710487786345536,0.00011710487786345536
37336,0.3053,0.39660373488161993,0.39660373488161993,0.47247335302377824,0.09130373488161991,0.09130373488161991
37340,0.4043,0.43012360102816205,0.43012360102816205,0.47247335302377824,0.025823601028162058,0.025823601028162058
37351,0.1429,0.17511576156690123,0.17511576156690123,0.47247335302377824,0.03221576156690123,0.03221576156690123
37384,0.5862,0.740310539999335,0.740310539999335,0.47247335302377824,0.154110539999335,0.154110539999335
37403,0.76,0.65403102121474,0.65403102121474,0.47247335302377824,-0.10596897878526002,0.10596897878526002
37426,0.6296,0.5246532081597555,0.5246532081597555,0.47247335302377824,-0.10494679184024458,0.10494679184024458
37435,0.4681,0.5026122218259104,0.5026122218259104,0.47247335302377824,0.03451222182591035,0.03451222182591035
37449,0.3617,0.2958301829806863,0.2958301829806863,0.47247335302377824,-0.06586981701931371,0.06586981701931371
37457,0.2366,0.22878668764061175,0.22878668764061175,0.47247335302377824,-0.007813312359388258,0.007813312359388258
37472,0.9894,0.9763471325390681,0.9763471325390681,0.47247335302377824,-0.013052867460931816,0.013052867460931816
37490,0.0,0.025238438167504873,0.025238438167504873,0.47247335302377824,0.025238438167504873,0.025238438167504873
37498,0.8462,0.8365086084517779,0.8365086084517779,0.47247335302377824,-0.009691391548222072,0.009691391548222072
37503,1.0,0.9566243878173848,0.9566243878173848,0.47247335302377824,-0.04337561218261521,0.04337561218261521
37542,0.25,0.2842355683289733,0.2842355683289733,0.47247335302377824,0.03423556832897329,0.03423556832897329
37573,0.2551,0.25112690206599164,0.25112690206599164,0.47247335302377824,-0.003973097934008352,0.003973097934008352
37592,0.2963,0.24088596880106913,0.24088596880106913,0.47247335302377824,-0.055414031198930874,0.055414031198930874
37608,0.3462,0.3139662573210026,0.3139662573210026,0.47247335302377824,-0.032233742678997424,0.032233742678997424
37619,0.1071,0.0798368594764513,0.0798368594764513,0.47247335302377824,-0.027263140523548696,0.027263140523548696
37683,0.875,0.9406044545468359,0.9406044545468359,0.47247335302377824,0.06560445454683594,0.06560445454683594
37687,0.1154,0.21492232101197506,0.21492232101197506,0.47247335302377824,0.09952232101197506,0.09952232101197506
37701,0.037,0.1502924333826579,0.1502924333826579,0.47247335302377824,0.1132924333826579,0.1132924333826579
37714,0.3407,0.3339268127480986,0.3339268127480986,0.47247335302377824,-0.0067731872519014025,0.0067731872519014025
37788,0.9167,0.9786894505370922,0.9786894505370922,0.47247335302377824,0.06198945053709226,0.06198945053709226
37818,0.6296,0.6119039261656829,0.6119039261656829,0.47247335302377824,-0.01769607383431715,0.01769607383431715
37821,0.1458,0.11569029476578696,0.11569029476578696,0.47247335302377824,-0.030109705234213052,0.030109705234213052
37832,0.0,0.024857575043705005,0.024857575043705005,0.47247335302377824,0.024857575043705005,0.024857575043705005
37857,1.0,0.9948263361779494,0.9948263361779494,0.47247335302377824,-0.005173663822050645,0.005173663822050645
37914,0.1875,0.33161346793496127,0.33161346793496127,0.47247335302377824,0.14411346793496127,0.14411346793496127
38062,0.0345,0.05863500330773591,0.05863500330773591,0.47247335302377824,0.02413500330773591,0.02413500330773591
38069,0.8696,0.8675128455219892,0.8675128455219892,0.47247335302377824,-0.0020871544780108886,0.0020871544780108886
38119,0.4286,0.39597739013314753,0.39597739013314753,0.47247335302377824,-0.03262260986685245,0.03262260986685245
38138,0.2128,0.21721747901862715,0.21721747901862715,0.47247335302377824,0.004417479018627157,0.004417479018627157
38144,0.8211,0.7019833827565842,0.7019833827565842,0.47247335302377824,-0.11911661724341582,0.11911661724341582
38153,0.3448,0.35970198225364064,0.35970198225364064,0.47247335302377824,0.014901982253640644,0.014901982253640644
38182,0.1481,0.1540248217080269,0.1540248217080269,0.47247335302377824,0.005924821708026884,0.005924821708026884
38202,0.9592,0.8062446376127939,0.8062446376127939,0.47247335302377824,-0.1529553623872062,0.1529553623872062
38227,0.25,0.2161823755646599,0.2161823755646599,0.47247335302377824,-0.03381762443534009,0.03381762443534009
38230,0.6304,0.5661894624097865,0.5661894624097865,0.47247335302377824,-0.06421053759021345,0.06421053759021345
38239,0.76,0.9036985603302325,0.9036985603302325,0.47247335302377824,0.14369856033023254,0.14369856033023254
38241,0.0385,-0.011303423356723574,0.0,0.47247335302377824,-0.0385,0.0385
38296,0.3704,0.4556776637688803,0.4556776637688803,0.47247335302377824,0.0852776637688803,0.0852776637688803
38298,0.0,-0.0014356246074042622,0.0,0.47247335302377824,0.0,0.0
38347,0.2759,0.2129334910635584,0.2129334910635584,0.47247335302377824,-0.06296650893644157,0.06296650893644157
38410,0.5208,0.4417832232755195,0.4417832232755195,0.47247335302377824,-0.07901677672448054,0.07901677672448054
38415,0.931,0.9005903766338197,0.9005903766338197,0.47247335302377824,-0.03040962336618036,0.03040962336618036
38416,0.5714,0.5158043117746572,0.5158043117746572,0.47247335302377824,-0.055595688225342776,0.055595688225342776
38421,0.1034,0.09985023742413651,0.09985023742413651,0.47247335302377824,-0.0035497625758634938,0.0035497625758634938
38430,0.7473,0.7296065607431227,0.7296065607431227,0.47247335302377824,-0.017693439256877275,0.017693439256877275
38453,0.0,0.03996374315860257,0.03996374315860257,0.47247335302377824,0.03996374315860257,0.03996374315860257
38503,0.9167,0.761561181845428,0.761561181845428,0.47247335302377824,-0.15513881815457198,0.15513881815457198
38594,0.0,0.0037449328342232246,0.0037449328342232246,0.47247335302377824,0.0037449328342232246,0.0037449328342232246
38618,0.76,0.8363915520297853,0.8363915520297853,0.47247335302377824,0.07639155202978531,0.07639155202978531
38706,0.7551,0.6765398883542869,0.6765398883542869,0.47247335302377824,-0.07856011164571308,0.07856011164571308
38722,0.383,0.4117467301069019,0.4117467301069019,0.47247335302377824,0.028746730106901874,0.028746730106901874
38742,0.0,0.016933378170501168,0.016933378170501168,0.47247335302377824,0.016933378170501168,0.016933378170501168
38845,0.9773,0.9548450880063015,0.9548450880063015,0.47247335302377824,-0.022454911993698423,0.022454911993698423
38847,0.8846,0.7516487402548337,0.7516487402548337,0.47247335302377824,-0.1329512597451663,0.1329512597451663
38868,0.2143,0.24902115067987335,0.24902115067987335,0.47247335302377824,0.03472115067987336,0.03472115067987336
38914,0.9643,0.8857220377238719,0.8857220377238719,0.47247335302377824,-0.07857796227612812,0.07857796227612812
38972,0.5,0.3787688282618284,0.3787688282618284,0.47247335302377824,-0.1212311717381716,0.1212311717381716
39031,0.1111,0.1483980690576333,0.1483980690576333,0.47247335302377824,0.037298069057633304,0.037298069057633304
39050,0.9574,0.905827307274971,0.905827307274971,0.47247335302377824,-0.05157269272502907,0.05157269272502907
39076,0.56,0.5680003046948856,0.5680003046948856,0.47247335302377824,0.008000304694885552,0.008000304694885552
39098,0.6154,0.6545946727438567,0.6545946727438567,0.47247335302377824,0.039194672743856795,0.039194672743856795
39124,0.2041,0.27269747419598833,0.27269747419598833,0.47247335302377824,0.06859747419598833,0.06859747419598833
39137,0.5926,0.8528876362051776,0.8528876362051776,0.47247335302377824,0.2602876362051776,0.2602876362051776
39149,0.0476,0.1087210329599182,0.1087210329599182,0.47247335302377824,0.06112103295991819,0.06112103295991819
39174,0.7308,0.8494923028339545,0.8494923028339545,0.47247335302377824,0.11869230283395449,0.11869230283395449
39207,0.7857,0.859838126406546,0.859838126406546,0.47247335302377824,0.07413812640654605,0.07413812640654605
39214,0.1071,0.1607306712747371,0.1607306712747371,0.47247335302377824,0.05363067127473711,0.05363067127473711
39228,0.7423,0.7004323994162149,0.7004323994162149,0.47247335302377824,-0.041867600583785025,0.041867600583785025
39293,0.6667,0.772807031953799,0.772807031953799,0.47247335302377824,0.106107031953799,0.106107031953799
39380,0.5106,0.4883017363977753,0.4883017363977753,0.47247335302377824,-0.022298263602224755,0.022298263602224755
39439,0.1429,0.16055261503623125,0.16055261503623125,0.47247335302377824,0.01765261503623125,0.01765261503623125
39446,1.0,0.9314220844161225,0.9314220844161225,0.47247335302377824,-0.06857791558387749,0.06857791558387749
39449,1.0,0.9820926279080056,0.9820926279080056,0.47247335302377824,-0.017907372091994445,0.017907372091994445
39467,1.0,0.8719743247250593,0.8719743247250593,0.47247335302377824,-0.1280256752749407,0.1280256752749407
39496,0.0345,0.022707886976860603,0.022707886976860603,0.47247335302377824,-0.0117921130231394,0.0117921130231394
39546,0.1724,0.17318375296992178,0.17318375296992178,0.47247335302377824,0.0007837529699217805,0.0007837529699217805
39561,0.0425,0.04569771383479354,0.04569771383479354,0.47247335302377824,0.0031977138347935377,0.0031977138347935377
39573,0.9655,0.8977692583209814,0.8977692583209814,0.47247335302377824,-0.0677307416790186,0.0677307416790186
39651,0.0208,0.03719632343159751,0.03719632343159751,0.47247335302377824,0.016396323431597512,0.016396323431597512
39665,0.0222,0.022990952143328358,0.022990952143328358,0.47247335302377824,0.0007909521433283571,0.0007909521433283571
39736,0.98,0.7762350888350884,0.7762350888350884,0.47247335302377824,-0.20376491116491158,0.20376491116491158
39742,0.0435,0.05021622950885024,0.05021622950885024,0.47247335302377824,0.006716229508850244,0.006716229508850244
39757,0.5854,0.5306457331266892,0.5306457331266892,0.47247335302377824,-0.054754266873310864,0.054754266873310864
39816,0.0345,0.036080540679010176,0.036080540679010176,0.47247335302377824,0.0015805406790101728,0.0015805406790101728
39817,1.0,0.9158375190660925,0.9158375190660925,0.47247335302377824,-0.08416248093390755,0.08416248093390755
39820,0.6154,0.6958137040259293,0.6958137040259293,0.47247335302377824,0.0804137040259294,0.0804137040259294
39830,0.25,0.23736118734690598,0.23736118734690598,0.47247335302377824,-0.012638812653094023,0.012638812653094023
39853,0.0833,0.08294058834292106,0.08294058834292106,0.47247335302377824,-0.00035941165707893685,0.00035941165707893685
39906,0.3667,0.4915289015093524,0.4915289015093524,0.47247335302377824,0.12482890150935239,0.12482890150935239
39913,0.1923,0.17024357348246827,0.17024357348246827,0.47247335302377824,-0.02205642651753173,0.02205642651753173
39941,0.4,0.49470446593951806,0.49470446593951806,0.47247335302377824,0.09470446593951803,0.09470446593951803
40016,0.9375,0.930376304608969,0.930376304608969,0.47247335302377824,-0.007123695391030971,0.007123695391030971
40044,0.7308,0.8882066147543879,0.8882066147543879,0.47247335302377824,0.15740661475438789,0.15740661475438789
40058,0.6531,0.5449812615323067,0.5449812615323067,0.47247335302377824,-0.10811873846769327,0.10811873846769327
40060,0.5435,0.4996144653629918,0.4996144653629918,0.47247335302377824,-0.04388553463700817,0.04388553463700817
40125,0.6552,0.8052692899648628,0.8052692899648628,0.47247335302377824,0.1500692899648628,0.1500692899648628
40130,0.4783,0.4681691556479911,0.4681691556479911,0.47247335302377824,-0.010130844352008894,0.010130844352008894
40197,0.1136,0.16718411918158105,0.16718411918158105,0.47247335302377824,0.05358411918158104,0.05358411918158104
40225,0.2653,0.22479898777892734,0.22479898777892734,0.47247335302377824,-0.040501012221072635,0.040501012221072635
40275,0.0714,0.08465324541904706,0.08465324541904706,0.47247335302377824,0.013253245419047058,0.013253245419047058
40289,0.4815,0.39166429279046594,0.39166429279046594,0.47247335302377824,-0.08983570720953404,0.08983570720953404
40295,0.1481,0.2002499660454406,0.2002499660454406,0.47247335302377824,0.05214996604544059,0.05214996604544059
40338,0.2766,0.3020720168317663,0.3020720168317663,0.47247335302377824,0.02547201683176631,0.02547201683176631
40341,0.2889,0.2883621249611644,0.2883621249611644,0.47247335302377824,-0.0005378750388355669,0.0005378750388355669
40344,0.0667,0.06753234353217696,0.06753234353217696,0.47247335302377824,0.0008323435321769684,0.0008323435321769684
40375,0.4444,0.4933132038616564,0.4933132038616564,0.47247335302377824,0.048913203861656374,0.048913203861656374
40420,0.5769,0.6863201172662783,0.6863201172662783,0.47247335302377824,0.10942011726627832,0.10942011726627832
40427,0.1458,0.1513412953938688,0.1513412953938688,0.47247335302377824,0.0055412953938688,0.0055412953938688
40447,0.4074,0.6675842936960213,0.6675842936960213,0.47247335302377824,0.26018429369602136,0.26018429369602136
40460,0.8511,0.8155694158218589,0.8155694158218589,0.47247335302377824,-0.035530584178141034,0.035530584178141034
40462,0.5978,0.6219435763293719,0.6219435763293719,0.47247335302377824,0.02414357632937192,0.02414357632937192
40492,0.9565,0.8892613449208682,0.8892613449208682,0.47247335302377824,-0.06723865507913185,0.06723865507913185
40493,0.0,0.02222856798014966,0.02222856798014966,0.47247335302377824,0.02222856798014966,0.02222856798014966
40519,0.9895,0.9876153625516126,0.9876153625516126,0.47247335302377824,-0.001884637448387405,0.001884637448387405
40528,0.7407,0.6587395530182979,0.6587395530182979,0.47247335302377824,-0.08196044698170213,0.08196044698170213
40605,0.3333,0.19370673071396216,0.19370673071396216,0.47247335302377824,-0.13959326928603782,0.13959326928603782
40608,0.5957,0.6615968947640871,0.6615968947640871,0.47247335302377824,0.06589689476408711,0.06589689476408711
40617,0.375,0.2887763247281442,0.2887763247281442,0.47247335302377824,-0.08622367527185582,0.08622367527185582
40648,0.25,0.3835096979965116,0.3835096979965116,0.47247335302377824,0.13350969799651158,0.13350969799651158
40660,0.2308,0.20137432672333766,0.20137432672333766,0.47247335302377824,-0.029425673276662345,0.029425673276662345
40691,0.8125,0.6311116677730274,0.6311116677730274,0.47247335302377824,-0.1813883322269726,0.1813883322269726
40693,0.3913,0.5044166937199065,0.5044166937199065,0.47247335302377824,0.11311669371990651,0.11311669371990651
40697,0.8438,0.9030348554250693,0.9030348554250693,0.47247335302377824,0.059234855425069344,0.059234855425069344
40715,0.48,0.27502171279017645,0.27502171279017645,0.47247335302377824,-0.20497828720982353,0.20497828720982353
40810,0.4444,0.3478121782037414,0.3478121782037414,0.47247335302377824,-0.09658782179625863,0.09658782179625863
40814,0.5833,0.5970184440396022,0.5970184440396022,0.47247335302377824,0.013718444039602207,0.013718444039602207
40845,0.7308,0.5692532494054012,0.5692532494054012,0.47247335302377824,-0.16154675059459878,0.16154675059459878
40849,0.4783,0.5494379151175304,0.5494379151175304,0.47247335302377824,0.07113791511753037,0.07113791511753037
40865,0.7273,0.8008015172118244,0.8008015172118244,0.47247335302377824,0.07350151721182441,0.07350151721182441
40897,0.2083,0.2231525504765726,0.2231525504765726,0.47247335302377824,0.014852550476572579,0.014852550476572579
40929,0.2222,0.2300012265056326,0.2300012265056326,0.47247335302377824,0.007801226505632586,0.007801226505632586
40945,0.2222,0.3329571587727117,0.3329571587727117,0.47247335302377824,0.1107571587727117,0.1107571587727117
40961,0.9667,0.9453410025656532,0.9453410025656532,0.47247335302377824,-0.02135899743434677,0.02135899743434677
40991,0.4375,0.260651527785578,0.260651527785578,0.47247335302377824,-0.17684847221442201,0.17684847221442201
41019,0.0215,0.04309127127606627,0.04309127127606627,0.47247335302377824,0.02159127127606627,0.02159127127606627
41045,1.0,0.9519236571263858,0.9519236571263858,0.47247335302377824,-0.048076342873614175,0.048076342873614175
41049,0.0769,0.17578033801263343,0.17578033801263343,0.47247335302377824,0.09888033801263343,0.09888033801263343
41053,0.2222,0.09979672218241092,0.09979672218241092,0.47247335302377824,-0.12240327781758908,0.12240327781758908
41054,0.8261,0.9448665445097273,0.9448665445097273,0.47247335302377824,0.11876654450972735,0.11876654450972735
41093,0.0,0.03403843077071811,0.03403843077071811,0.47247335302377824,0.03403843077071811,0.03403843077071811
41097,0.7407,0.8112378394176205,0.8112378394176205,0.47247335302377824,0.07053783941762048,0.07053783941762048
41108,0.1429,0.16728392843551965,0.16728392843551965,0.47247335302377824,0.024383928435519647,0.024383928435519647
41144,0.3111,0.12559041507412394,0.12559041507412394,0.47247335302377824,-0.18550958492587605,0.18550958492587605
41176,0.3704,0.25813998765610735,0.25813998765610735,0.47247335302377824,-0.11226001234389266,0.11226001234389266
41186,0.3462,0.348135042967168,0.348135042967168,0.47247335302377824,0.0019350429671680103,0.0019350429671680103
41203,0.9643,0.8048509118949468,0.8048509118949468,0.47247335302377824,-0.1594490881050532,0.1594490881050532
41258,0.5926,0.665910988366707,0.665910988366707,0.47247335302377824,0.07331098836670702,0.07331098836670702
41270,0.44,0.5486292567211319,0.5486292567211319,0.47247335302377824,0.10862925672113194,0.10862925672113194
41335,0.4286,0.40307038758131875,0.40307038758131875,0.47247335302377824,-0.025529612418681236,0.025529612418681236
41359,0.0667,0.11587313748131389,0.11587313748131389,0.47247335302377824,0.0491731374813139,0.0491731374813139
41372,0.5532,0.4617155815752213,0.4617155815752213,0.47247335302377824,-0.09148441842477872,0.09148441842477872
41399,0.069,0.18386978843221402,0.18386978843221402,0.47247335302377824,0.11486978843221402,0.11486978843221402
41405,0.7174,0.7538515162973665,0.7538515162973665,0.47247335302377824,0.036451516297366426,0.036451516297366426
41409,0.56,0.46225307863800913,0.46225307863800913,0.47247335302377824,-0.09774692136199092,0.09774692136199092
41419,0.3061,0.33297884927901034,0.33297884927901034,0.47247335302377824,0.026878849279010353,0.026878849279010353
41424,0.7241,0.7736959874317662,0.7736959874317662,0.47247335302377824,0.049595987431766186,0.049595987431766186
41435,0.4545,0.41241415793351155,0.41241415793351155,0.47247335302377824,-0.042085842066488466,0.042085842066488466
41436,0.7143,0.8172571873160044,0.8172571873160044,0.47247335302377824,0.10295718731600434,0.10295718731600434
41508,0.587,0.6942409386895236,0.6942409386895236,0.47247335302377824,0.10724093868952367,0.10724093868952367
41560,0.125,0.10562653980762815,0.10562653980762815,0.47247335302377824,-0.01937346019237185,0.01937346019237185
41577,0.1,0.07860879505302215,0.07860879505302215,0.47247335302377824,-0.021391204946977854,0.021391204946977854
41595,0.75,0.7718804252789104,0.7718804252789104,0.47247335302377824,0.02188042527891043,0.02188042527891043
41617,1.0,0.941625508273903,0.941625508273903,0.47247335302377824,-0.05837449172609699,0.05837449172609699
41658,0.3469,0.3139266289352272,0.3139266289352272,0.47247335302377824,-0.03297337106477277,0.03297337106477277
41675,0.0,0.0517645112354449,0.0517645112354449,0.47247335302377824,0.0517645112354449,0.0517645112354449
41698,0.1034,0.10759581964263948,0.10759581964263948,0.47247335302377824,0.004195819642639473,0.004195819642639473
41700,0.8387,0.8320481778444329,0.8320481778444329,0.47247335302377824,-0.006651822155567144,0.006651822155567144
41721,0.8148,0.7133771724883524,0.7133771724883524,0.47247335302377824,-0.10142282751164755,0.10142282751164755
41734,0.2692,0.16813638330601427,0.16813638330601427,0.47247335302377824,-0.10106361669398573,0.10106361669398573
41770,0.7143,0.6915499993777223,0.6915499993777223,0.47247335302377824,-0.022750000622277722,0.022750000622277722
41771,0.6923,0.6783238790451579,0.6783238790451579,0.47247335302377824,-0.01397612095484213,0.01397612095484213
41781,0.4615,0.4449781268448189,0.4449781268448189,0.47247335302377824,-0.01652187315518111,0.01652187315518111
41787,0.875,0.6757574994210764,0.6757574994210764,0.47247335302377824,-0.19924250057892356,0.19924250057892356
41792,0.4615,0.5651496814873841,0.5651496814873841,0.47247335302377824,0.10364968148738407,0.10364968148738407
41858,0.0421,0.056488474961644275,0.056488474961644275,0.47247335302377824,0.014388474961644276,0.014388474961644276
41859,0.044,0.03075129882324934,0.03075129882324934,0.47247335302377824,-0.013248701176750657,0.013248701176750657
41890,0.1852,0.18641135779568313,0.18641135779568313,0.47247335302377824,0.0012113577956831267,0.0012113577956831267
41904,0.3789,0.35627927997482534,0.35627927997482534,0.47247335302377824,-0.02262072002517468,0.02262072002517468
41917,0.5,0.555846280520387,0.555846280520387,0.47247335302377824,0.05584628052038698,0.05584628052038698
41929,0.3895,0.4203714069473818,0.4203714069473818,0.47247335302377824,0.030871406947381774,0.030871406947381774
41935,0.9574,0.9407976638854234,0.9407976638854234,0.47247335302377824,-0.01660233611457662,0.01660233611457662
41946,0.6531,0.738200416037504,0.738200416037504,0.47247335302377824,0.08510041603750396,0.08510041603750396
42016,0.2593,0.3111066134405105,0.3111066134405105,0.47247335302377824,0.05180661344051052,0.05180661344051052
42021,1.0,0.8153803331372609,0.8153803331372609,0.47247335302377824,-0.18461966686273912,0.18461966686273912
42070,0.0833,0.20485932310142563,0.20485932310142563,0.47247335302377824,0.12155932310142563,0.12155932310142563
42077,0.0833,0.04884033005011529,0.04884033005011529,0.47247335302377824,-0.03445966994988471,0.03445966994988471
42081,0.8958,0.8584065015095097,0.8584065015095097,0.47247335302377824,-0.03739349849049034,0.03739349849049034
42101,0.8977,0.8761543517160116,0.8761543517160116,0.47247335302377824,-0.021545648283988417,0.021545648283988417
42106,0.1087,0.140465799614641,0.140465799614641,0.47247335302377824,0.031765799614641,0.031765799614641
42121,0.8298,0.8447046994894025,0.8447046994894025,0.47247335302377824,0.01490469948940254,0.01490469948940254
42126,0.0,-0.0019918267215525143,0.0,0.47247335302377824,0.0,0.0
42128,0.7312,0.699149002266217,0.699149002266217,0.47247335302377824,-0.03205099773378295,0.03205099773378295
42166,0.383,0.34950718190285357,0.34950718190285357,0.47247335302377824,-0.03349281809714644,0.03349281809714644
42217,0.7447,0.7446458747651592,0.7446458747651592,0.47247335302377824,-5.412523484082943e-05,5.412523484082943e-05
42218,0.7586,0.7615470183889496,0.7615470183889496,0.47247335302377824,0.002947018388949507,0.002947018388949507
42255,0.6154,0.643536819007759,0.643536819007759,0.47247335302377824,0.028136819007759106,0.028136819007759106
42281,0.12,0.10428790845288405,0.10428790845288405,0.47247335302377824,-0.015712091547115947,0.015712091547115947
42299,0.0385,0.05911559990435944,0.05911559990435944,0.47247335302377824,0.02061559990435944,0.02061559990435944
42334,0.1848,0.21300195066858724,0.21300195066858724,0.47247335302377824,0.028201950668587245,0.028201950668587245
42342,0.0357,0.09045125988486197,0.09045125988486197,0.47247335302377824,0.054751259884861965,0.054751259884861965
42389,1.0,0.9614083475874532,0.9614083475874532,0.47247335302377824,-0.038591652412546806,0.038591652412546806
42454,0.6786,0.6683702047009976,0.6683702047009976,0.47247335302377824,-0.010229795299002364,0.010229795299002364
42493,0.2593,0.2825319719084955,0.2825319719084955,0.47247335302377824,0.02323197190849552,0.02323197190849552
42523,0.1398,0.16306076398218666,0.16306076398218666,0.47247335302377824,0.023260763982186655,0.023260763982186655
42594,0.1702,0.1874616875213917,0.1874616875213917,0.47247335302377824,0.017261687521391705,0.017261687521391705
42595,0.6122,0.5838448351680526,0.5838448351680526,0.47247335302377824,-0.028355164831947333,0.028355164831947333
42601,0.0385,0.04422945730186506,0.04422945730186506,0.47247335302377824,0.005729457301865061,0.005729457301865061
42630,0.0,0.012829169761970238,0.012829169761970238,0.47247335302377824,0.012829169761970238,0.012829169761970238
42635,0.0,0.546965912986201,0.546965912986201,0.47247335302377824,0.546965912986201,0.546965912986201
42652,0.4231,0.4033743674299693,0.4033743674299693,0.47247335302377824,-0.019725632570030682,0.019725632570030682
42663,0.898,0.8029032545882706,0.8029032545882706,0.47247335302377824,-0.09509674541172941,0.09509674541172941
42664,1.0,0.953067191104602,0.953067191104602,0.47247335302377824,-0.04693280889539797,0.04693280889539797
42667,0.6154,0.7377995597212114,0.7377995597212114,0.47247335302377824,0.12239955972121142,0.12239955972121142
42675,0.1895,0.2190520468316316,0.2190520468316316,0.47247335302377824,0.029552046831631595,0.029552046831631595
42680,0.9792,0.93689619027989,0.93689619027989,0.47247335302377824,-0.04230380972010994,0.04230380972010994
42769,0.8511,0.7527076387013707,0.7527076387013707,0.47247335302377824,-0.09839236129862927,0.09839236129862927
42779,0.8222,0.8492290677383386,0.8492290677383386,0.47247335302377824,0.027029067738338575,0.027029067738338575
42782,0.2857,0.25464492409566875,0.25464492409566875,0.47247335302377824,-0.031055075904331264,0.031055075904331264
42791,1.0,0.9343635959079979,0.9343635959079979,0.47247335302377824,-0.06563640409200211,0.06563640409200211
42813,0.8214,0.9697402623806625,0.9697402623806625,0.47247335302377824,0.14834026238066245,0.14834026238066245
42820,0.7407,0.6421714539012623,0.6421714539012623,0.47247335302377824,-0.09852854609873773,0.09852854609873773
42824,0.1923,0.1759692653467636,0.1759692653467636,0.47247335302377824,-0.016330734653236395,0.016330734653236395
42829,0.5918,0.607101494264681,0.607101494264681,0.47247335302377824,0.01530149426468097,0.01530149426468097
42856,0.4483,0.6555494533904702,0.6555494533904702,0.47247335302377824,0.20724945339047024,0.20724945339047024
42886,0.2857,0.29913878661348403,0.29913878661348403,0.47247335302377824,0.013438786613484022,0.013438786613484022
42889,0.2043,0.1929412554842963,0.1929412554842963,0.47247335302377824,-0.011358744515703706,0.011358744515703706
42900,0.8125,0.8757357762182497,0.8757357762182497,0.47247335302377824,0.06323577621824972,0.06323577621824972
42943,1.0,0.8798524458594918,0.8798524458594918,0.47247335302377824,-0.12014755414050815,0.12014755414050815
42947,0.0652,0.1287452791486352,0.1287452791486352,0.47247335302377824,0.06354527914863521,0.06354527914863521
43035,0.963,0.9797780812318062,0.9797780812318062,0.47247335302377824,0.01677808123180624,0.01677808123180624
43135,0.1042,0.0732520444416278,0.0732520444416278,0.47247335302377824,-0.030947955558372195,0.030947955558372195
43171,0.7895,0.6911521224080326,0.6911521224080326,0.47247335302377824,-0.09834787759196739,0.09834787759196739
43196,0.7037,0.7155754143811638,0.7155754143811638,0.47247335302377824,0.011875414381163796,0.011875414381163796
43221,0.8132,0.8174362111687872,0.8174362111687872,0.47247335302377824,0.004236211168787141,0.004236211168787141
43266,0.25,0.3238159815781019,0.3238159815781019,0.47247335302377824,0.07381598157810187,0.07381598157810187
43281,0.5769,0.6202571895361546,0.6202571895361546,0.47247335302377824,0.04335718953615464,0.04335718953615464
43302,0.4583,0.44975577787456045,0.44975577787456045,0.47247335302377824,-0.008544222125439538,0.008544222125439538
43310,0.0968,0.09491580665647287,0.09491580665647287,0.47247335302377824,-0.0018841933435271296,0.0018841933435271296
43328,0.125,0.10303962891199847,0.10303962891199847,0.47247335302377824,-0.02196037108800153,0.02196037108800153
43335,0.4681,0.3432927669165421,0.3432927669165421,0.47247335302377824,-0.12480723308345792,0.12480723308345792
43359,0.1538,0.19757424504449816,0.19757424504449816,0.47247335302377824,0.04377424504449817,0.04377424504449817
43364,0.2326,0.24469162832733918,0.24469162832733918,0.47247335302377824,0.012091628327339177,0.012091628327339177
43393,0.6875,0.5717925357306931,0.5717925357306931,0.47247335302377824,-0.11570746426930689,0.11570746426930689
43420,0.5484,0.47102564473894887,0.47102564473894887,0.47247335302377824,-0.07737435526105113,0.07737435526105113
43451,0.2593,0.2631084592517611,0.2631084592517611,0.47247335302377824,0.0038084592517610982,0.0038084592517610982
43519,0.1458,0.15203934228431587,0.15203934228431587,0.47247335302377824,0.0062393422843158575,0.0062393422843158575
43538,0.2069,0.3762812334233882,0.3762812334233882,0.47247335302377824,0.1693812334233882,0.1693812334233882
43574,0.0769,0.07319922046458699,0.07319922046458699,0.47247335302377824,-0.003700779535413007,0.003700779535413007
43580,0.1852,0.12158671222951173,0.12158671222951173,0.47247335302377824,-0.06361328777048827,0.06361328777048827
43581,0.5862,0.5352019846147926,0.5352019846147926,0.47247335302377824,-0.05099801538520743,0.05099801538520743
43594,0.9643,0.9141677723392179,0.9141677723392179,0.47247335302377824,-0.05013222766078218,0.05013222766078218
43625,0.84,0.6759421146121869,0.6759421146121869,0.47247335302377824,-0.16405788538781307,0.16405788538781307
43669,1.0,0.9798467437000383,0.9798467437000383,0.47247335302377824,-0.020153256299961675,0.020153256299961675
43671,0.1087,0.10965453492877547,0.10965453492877547,0.47247335302377824,0.0009545349287754662,0.0009545349287754662
43705,0.1633,0.1879749897263297,0.1879749897263297,0.47247335302377824,0.0246749897263297,0.0246749897263297
43838,0.0217,0.011487298769093046,0.011487298769093046,0.47247335302377824,-0.010212701230906954,0.010212701230906954
43874,0.6739,0.6931337446100754,0.6931337446100754,0.47247335302377824,0.01923374461007532,0.01923374461007532
43889,0.1429,0.1514446942237087,0.1514446942237087,0.47247335302377824,0.00854469422370871,0.00854469422370871
43895,0.234,0.215083797571534,0.215083797571534,0.47247335302377824,-0.018916202428466006,0.018916202428466006
43934,0.6429,0.6090026055741695,0.6090026055741695,0.47247335302377824,-0.03389739442583051,0.03389739442583051
43983,0.8776,0.958095279019584,0.958095279019584,0.47247335302377824,0.08049527901958398,0.08049527901958398
44011,0.6071,0.8506234207936546,0.8506234207936546,0.47247335302377824,0.24352342079365463,0.24352342079365463
44029,0.2308,0.47022182945811086,0.47022182945811086,0.47247335302377824,0.23942182945811086,0.23942182945811086
44043,0.9231,0.8203738363706334,0.8203738363706334,0.47247335302377824,-0.1027261636293666,0.1027261636293666
44075,0.5385,0.6048719256323972,0.6048719256323972,0.47247335302377824,0.06637192563239724,0.06637192563239724
44125,0.5054,0.5394308835489028,0.5394308835489028,0.47247335302377824,0.034030883548902824,0.034030883548902824
44140,0.8148,0.8756963052265407,0.8756963052265407,0.47247335302377824,0.06089630522654077,0.06089630522654077
44173,0.1111,0.1457593658393786,0.1457593658393786,0.47247335302377824,0.03465936583937859,0.03465936583937859
44186,0.5667,0.20465347408420964,0.20465347408420964,0.47247335302377824,-0.36204652591579034,0.36204652591579034
44188,0.0851,0.05779553172304397,0.05779553172304397,0.47247335302377824,-0.027304468276956026,0.027304468276956026
44200,0.7097,0.5265040007793984,0.5265040007793984,0.47247335302377824,-0.1831959992206016,0.1831959992206016
44222,0.7041,0.720208217018387,0.720208217018387,0.47247335302377824,0.01610821701838705,0.01610821701838705
44260,0.1489,0.12056821493391134,0.12056821493391134,0.47247335302377824,-0.02833178506608866,0.02833178506608866
44285,0.8125,0.8764708955775673,0.8764708955775673,0.47247335302377824,0.0639708955775673,0.0639708955775673
44297,0.4138,0.48403036439555674,0.48403036439555674,0.47247335302377824,0.07023036439555674,0.07023036439555674
44314,0.8929,0.6901997438208862,0.6901997438208862,0.47247335302377824,-0.2027002561791138,0.2027002561791138
44315,0.4815,0.4712048867140859,0.4712048867140859,0.47247335302377824,-0.010295113285914093,0.010295113285914093
44326,0.2963,0.5220390114327194,0.5220390114327194,0.47247335302377824,0.22573901143271935,0.22573901143271935
44345,0.08,0.03207673993440541,0.03207673993440541,0.47247335302377824,-0.047923260065594595,0.047923260065594595
44347,0.6458,0.6662910427506237,0.6662910427506237,0.47247335302377824,0.020491042750623634,0.020491042750623634
44350,0.7789,0.8727958090341129,0.8727958090341129,0.47247335302377824,0.09389580903411288,0.09389580903411288
44352,0.5957,0.5187928749093227,0.5187928749093227,0.47247335302377824,-0.07690712509067732,0.07690712509067732
44363,0.2766,0.441204529953487,0.441204529953487,0.47247335302377824,0.164604529953487,0.164604529953487
44374,0.0816,0.10472738533406334,0.10472738533406334,0.47247335302377824,0.023127385334063333,0.023127385334063333
44379,0.3571,0.4325029293209333,0.4325029293209333,0.47247335302377824,0.07540292932093334,0.07540292932093334
44466,0.25,0.3039465096254446,0.3039465096254446,0.47247335302377824,0.053946509625444616,0.053946509625444616
44472,0.5625,0.5231625741906979,0.5231625741906979,0.47247335302377824,-0.03933742580930211,0.03933742580930211
44488,0.4615,0.4082481073149434,0.4082481073149434,0.47247335302377824,-0.053251892685056645,0.053251892685056645
44498,0.75,0.8392263945701046,0.8392263945701046,0.47247335302377824,0.08922639457010462,0.08922639457010462
44527,0.0,0.005539018920245831,0.005539018920245831,0.47247335302377824,0.005539018920245831,0.005539018920245831
44596,0.4607,0.4972639850126195,0.4972639850126195,0.47247335302377824,0.03656398501261948,0.03656398501261948
44599,0.0,0.013133234740890842,0.013133234740890842,0.47247335302377824,0.013133234740890842,0.013133234740890842
44640,0.8846,0.9065852024753815,0.9065852024753815,0.47247335302377824,0.021985202475381493,0.021985202475381493
44644,0.0217,0.026384209151567084,0.026384209151567084,0.47247335302377824,0.0046842091515670835,0.0046842091515670835
44661,0.5185,0.5443118887426259,0.5443118887426259,0.47247335302377824,0.025811888742625966,0.025811888742625966
44681,0.1667,0.17685569715386718,0.17685569715386718,0.47247335302377824,0.010155697153867188,0.010155697153867188
44697,0.2692,0.25023805945060684,0.25023805945060684,0.47247335302377824,-0.018961940549393153,0.018961940549393153
44736,0.1724,0.2281861995051418,0.2281861995051418,0.47247335302377824,0.0557861995051418,0.0557861995051418
44765,0.7872,0.8952962967380884,0.8952962967380884,0.47247335302377824,0.1080962967380884,0.1080962967380884
44779,0.8696,0.8858162265316856,0.8858162265316856,0.47247335302377824,0.01621622653168553,0.01621622653168553
44800,0.1786,0.33354086837034885,0.33354086837034885,0.47247335302377824,0.15494086837034884,0.15494086837034884
44878,0.7931,0.772148772068499,0.772148772068499,0.47247335302377824,-0.02095122793150106,0.02095122793150106
44888,0.32,0.28167617554066937,0.28167617554066937,0.47247335302377824,-0.038323824459330635,0.038323824459330635
44891,0.1154,0.09582332888574963,0.09582332888574963,0.47247335302377824,-0.019576671114250377,0.019576671114250377
44917,0.1852,0.3032432868031324,0.3032432868031324,0.47247335302377824,0.11804328680313239,0.11804328680313239
44965,0.3043,0.16362180034055956,0.16362180034055956,0.47247335302377824,-0.14067819965944045,0.14067819965944045
44972,0.0238,-0.028661766920745513,0.0,0.47247335302377824,-0.0238,0.0238
44988,0.3409,0.32072895066708806,0.32072895066708806,0.47247335302377824,-0.020171049332911917,0.020171049332911917
44998,0.1111,0.07757184006038526,0.07757184006038526,0.47247335302377824,-0.03352815993961475,0.03352815993961475
45032,0.0714,0.12640861520441232,0.12640861520441232,0.47247335302377824,0.05500861520441232,0.05500861520441232
45074,0.1154,0.18055531239402556,0.18055531239402556,0.47247335302377824,0.06515531239402556,0.06515531239402556
45124,0.8276,0.9074396405262488,0.9074396405262488,0.47247335302377824,0.07983964052624881,0.07983964052624881
45184,0.75,0.6937501632461802,0.6937501632461802,0.47247335302377824,-0.05624983675381978,0.05624983675381978
45224,0.5333,0.6042176988957909,0.6042176988957909,0.47247335302377824,0.07091769889579091,0.07091769889579091
45248,0.7407,0.6386036690074677,0.6386036690074677,0.47247335302377824,-0.10209633099253235,0.10209633099253235
45265,0.4783,0.47993092803244203,0.47993092803244203,0.47247335302377824,0.001630928032442025,0.001630928032442025
45268,0.8085,0.7325449400867294,0.7325449400867294,0.47247335302377824,-0.07595505991327056,0.07595505991327056
45283,0.963,0.8408785314920385,0.8408785314920385,0.47247335302377824,-0.12212146850796146,0.12212146850796146
45304,0.3333,0.38257293305819917,0.38257293305819917,0.47247335302377824,0.049272933058199186,0.049272933058199186
45311,0.0,0.04459995271100553,0.04459995271100553,0.47247335302377824,0.04459995271100553,0.04459995271100553
45374,0.2947,0.3040161454739514,0.3040161454739514,0.47247335302377824,0.009316145473951376,0.009316145473951376
45378,0.1923,0.1529311370081584,0.1529311370081584,0.47247335302377824,-0.039368862991841586,0.039368862991841586
45392,0.7234,0.6386529032385352,0.6386529032385352,0.47247335302377824,-0.08474709676146486,0.08474709676146486
45396,0.3191,0.3041076142539299,0.3041076142539299,0.47247335302377824,-0.014992385746070092,0.014992385746070092
45439,0.9259,0.6103033967606185,0.6103033967606185,0.47247335302377824,-0.31559660323938143,0.31559660323938143
45443,0.5714,0.6404708253909256,0.6404708253909256,0.47247335302377824,0.06907082539092557,0.06907082539092557
45444,0.0741,0.11094335180910525,0.11094335180910525,0.47247335302377824,0.03684335180910525,0.03684335180910525
45470,0.0,0.007665504969849635,0.007665504969849635,0.47247335302377824,0.007665504969849635,0.007665504969849635
45513,0.037,0.1130960997644318,0.1130960997644318,0.47247335302377824,0.0760960997644318,0.0760960997644318
45536,0.2222,0.16061126793564834,0.16061126793564834,0.47247335302377824,-0.06158873206435167,0.06158873206435167
45540,0.0,0.0067645145714068655,0.0067645145714068655,0.47247335302377824,0.0067645145714068655,0.0067645145714068655
45597,0.6923,0.6173689257214094,0.6173689257214094,0.47247335302377824,-0.07493107427859058,0.07493107427859058
45631,0.6522,0.5567142353109463,0.5567142353109463,0.47247335302377824,-0.09548576468905368,0.09548576468905368
45637,0.2692,0.19670304628829527,0.19670304628829527,0.47247335302377824,-0.07249695371170473,0.07249695371170473
45747,0.9583,0.8947182879898646,0.8947182879898646,0.47247335302377824,-0.0635817120101354,0.0635817120101354
45795,0.2174,0.2660210936586103,0.2660210936586103,0.47247335302377824,0.04862109365861031,0.04862109365861031
45804,0.7917,0.7586458053908329,0.7586458053908329,0.47247335302377824,-0.03305419460916703,0.03305419460916703
45817,0.6957,0.7316798451809585,0.7316798451809585,0.47247335302377824,0.035979845180958536,0.035979845180958536
45836,0.8846,0.8381668505375702,0.8381668505375702,0.47247335302377824,-0.046433149462429824,0.046433149462429824
45885,0.0425,0.03559009521860146,0.03559009521860146,0.47247335302377824,-0.0069099047813985445,0.0069099047813985445
45902,0.5769,0.49370147386476154,0.49370147386476154,0.47247335302377824,-0.08319852613523843,0.08319852613523843
45904,0.8889,0.8386934662712149,0.8386934662712149,0.47247335302377824,-0.05020653372878514,0.05020653372878514
45913,0.0842,0.06619505148393395,0.06619505148393395,0.47247335302377824,-0.018004948516066044,0.018004948516066044
45940,0.7407,0.3915565723357034,0.3915565723357034,0.47247335302377824,-0.3491434276642966,0.3491434276642966
45969,0.4681,0.34424451324457267,0.34424451324457267,0.47247335302377824,-0.12385548675542735,0.12385548675542735
45971,0.5918,0.6481309230610008,0.6481309230610008,0.47247335302377824,0.05633092306100085,0.05633092306100085
45987,1.0,0.9077613991524495,0.9077613991524495,0.47247335302377824,-0.09223860084755053,0.09223860084755053
46052,1.0,0.9012346276143722,0.9012346276143722,0.47247335302377824,-0.09876537238562777,0.09876537238562777
46061,0.798,0.8362000403046468,0.8362000403046468,0.47247335302377824,0.03820004030464674,0.03820004030464674
46063,0.8519,0.8140930939816948,0.8140930939816948,0.47247335302377824,-0.037806906018305164,0.037806906018305164
46071,0.5106,0.5554671900915534,0.5554671900915534,0.47247335302377824,0.04486719009155338,0.04486719009155338
46076,0.8333,0.7883230859965572,0.7883230859965572,0.47247335302377824,-0.044976914003442836,0.044976914003442836
46111,0.6154,0.7028884443839162,0.7028884443839162,0.47247335302377824,0.08748844438391623,0.08748844438391623
46115,0.0526,0.05999336907267927,0.05999336907267927,0.47247335302377824,0.007393369072679269,0.007393369072679269
46165,0.68,0.7262752142865312,0.7262752142865312,0.47247335302377824,0.04627521428653114,0.04627521428653114
46168,0.8958,0.8751453662761459,0.8751453662761459,0.47247335302377824,-0.02065463372385412,0.02065463372385412
46216,0.4043,0.4565620051360174,0.4565620051360174,0.47247335302377824,0.05226200513601742,0.05226200513601742
46227,0.1489,0.2047548125294978,0.2047548125294978,0.47247335302377824,0.05585481252949778,0.05585481252949778
46228,0.1224,0.10691031140823698,0.10691031140823698,0.47247335302377824,-0.015489688591763015,0.015489688591763015
46334,0.1429,0.1263401549948568,0.1263401549948568,0.47247335302377824,-0.01655984500514321,0.01655984500514321
46374,0.6087,0.5409321649018127,0.5409321649018127,0.47247335302377824,-0.06776783509818729,0.06776783509818729
46415,0.0714,0.08055521534285925,0.08055521534285925,0.47247335302377824,0.00915521534285925,0.00915521534285925
46439,0.6786,0.6120345411582764,0.6120345411582764,0.47247335302377824,-0.0665654588417236,0.0665654588417236
46441,0.617,0.7569201406690433,0.7569201406690433,0.47247335302377824,0.13992014066904335,0.13992014066904335
46462,0.8214,0.9080175000531664,0.9080175000531664,0.47247335302377824,0.08661750005316637,0.08661750005316637
46476,0.08,0.024869613755991782,0.024869613755991782,0.47247335302377824,-0.05513038624400822,0.05513038624400822
46495,0.4894,0.5293622049018623,0.5293622049018623,0.47247335302377824,0.03996220490186225,0.03996220490186225
46503,0.0769,0.145106087218275,0.145106087218275,0.47247335302377824,0.06820608721827501,0.06820608721827501
46509,0.2174,0.24523557752288064,0.24523557752288064,0.47247335302377824,0.027835577522880628,0.027835577522880628
46510,0.037,0.015033368305298334,0.015033368305298334,0.47247335302377824,-0.021966631694701665,0.021966631694701665
46512,0.5714,0.8022948973505053,0.8022948973505053,0.47247335302377824,0.23089489735050528,0.23089489735050528
46526,0.8636,0.8624295872061551,0.8624295872061551,0.47247335302377824,-0.0011704127938448883,0.0011704127938448883
46548,0.1154,0.2728672272611569,0.2728672272611569,0.47247335302377824,0.15746722726115692,0.15746722726115692
46555,0.6538,0.8460879457272454,0.8460879457272454,0.47247335302377824,0.1922879457272454,0.1922879457272454
46620,0.5556,0.5142867475553359,0.5142867475553359,0.47247335302377824,-0.041313252444664106,0.041313252444664106
46637,0.8866,0.9021976086294459,0.9021976086294459,0.47247335302377824,0.015597608629445814,0.015597608629445814
46656,0.9565,0.9200331795157737,0.9200331795157737,0.47247335302377824,-0.03646682048422634,0.03646682048422634
46667,0.0,0.021517751376364136,0.021517751376364136,0.47247335302377824,0.021517751376364136,0.021517751376364136
46728,0.72,0.7163971893453076,0.7163971893453076,0.47247335302377824,-0.0036028106546923677,0.0036028106546923677
46811,0.6771,0.6805895879611327,0.6805895879611327,0.47247335302377824,0.003489587961132634,0.003489587961132634
46817,0.4043,0.359793421024923,0.359793421024923,0.47247335302377824,-0.04450657897507698,0.04450657897507698
46822,0.0667,0.10885704207968888,0.10885704207968888,0.47247335302377824,0.042157042079688886,0.042157042079688886
46833,0.9231,0.691762757261144,0.691762757261144,0.47247335302377824,-0.23133724273885603,0.23133724273885603
46868,0.9259,0.9605314607976612,0.9605314607976612,0.47247335302377824,0.03463146079766122,0.03463146079766122
46969,0.4643,0.45351598265754095,0.45351598265754095,0.47247335302377824,-0.01078401734245904,0.01078401734245904
46979,0.4043,0.31521944373349964,0.31521944373349964,0.47247335302377824,-0.08908055626650035,0.08908055626650035
46996,0.4947,0.5062005113107209,0.5062005113107209,0.47247335302377824,0.011500511310720885,0.011500511310720885
46999,0.7308,0.6772732158821155,0.6772732158821155,0.47247335302377824,-0.053526784117884474,0.053526784117884474
47003,0.6222,0.6696300534378813,0.6696300534378813,0.47247335302377824,0.047430053437881314,0.047430053437881314
47017,0.3,0.24668326773078028,0.24668326773078028,0.47247335302377824,-0.05331673226921971,0.05331673226921971
47104,0.2,0.27716259030105,0.27716259030105,0.47247335302377824,0.07716259030105,0.07716259030105
47109,0.7308,0.8082705682545832,0.8082705682545832,0.47247335302377824,0.0774705682545832,0.0774705682545832
47144,0.3214,0.2417033186805163,0.2417033186805163,0.47247335302377824,-0.07969668131948371,0.07969668131948371
47229,0.6087,0.5343207792467727,0.5343207792467727,0.47247335302377824,-0.07437922075322734,0.07437922075322734
47238,0.1702,0.201211275768805,0.201211275768805,0.47247335302377824,0.031011275768804997,0.031011275768804997
47239,0.5104,0.5398343982392714,0.5398343982392714,0.47247335302377824,0.02943439823927141,0.02943439823927141
47396,0.6207,0.7618343735390787,0.7618343735390787,0.47247335302377824,0.14113437353907865,0.14113437353907865
47400,0.1429,0.15382944027773715,0.15382944027773715,0.47247335302377824,0.010929440277737151,0.010929440277737151
47405,0.4468,0.4239532399135653,0.4239532399135653,0.47247335302377824,-0.02284676008643466,0.02284676008643466
47486,0.0,0.010957681337484926,0.010957681337484926,0.47247335302377824,0.010957681337484926,0.010957681337484926
47503,0.3529,0.37595192474605976,0.37595192474605976,0.47247335302377824,0.02305192474605977,0.02305192474605977
47553,0.3265,0.30524893442791845,0.30524893442791845,0.47247335302377824,-0.021251065572081562,0.021251065572081562
47628,0.9792,0.9703537212805939,0.9703537212805939,0.47247335302377824,-0.00884627871940602,0.00884627871940602
47646,0.6809,0.4198484482807808,0.4198484482807808,0.47247335302377824,-0.2610515517192192,0.2610515517192192
47654,0.0612,0.07719632968437612,0.07719632968437612,0.47247335302377824,0.015996329684376122,0.015996329684376122
47667,0.2222,0.16161392279603215,0.16161392279603215,0.47247335302377824,-0.06058607720396786,0.06058607720396786
47669,1.0,0.9572528157752173,0.9572528157752173,0.47247335302377824,-0.04274718422478274,0.04274718422478274
47674,0.125,0.17854980724249692,0.17854980724249692,0.47247335302377824,0.053549807242496916,0.053549807242496916
47684,0.0385,0.07056136929825557,0.07056136929825557,0.47247335302377824,0.03206136929825557,0.03206136929825557
47708,0.9286,0.8604305761003367,0.8604305761003367,0.47247335302377824,-0.0681694238996633,0.0681694238996633
47743,0.3077,0.5268599991084901,0.5268599991084901,0.47247335302377824,0.21915999910849016,0.21915999910849016
47752,0.8571,0.8797240997625357,0.8797240997625357,0.47247335302377824,0.022624099762535765,0.022624099762535765
47754,0.2308,0.16182179374962968,0.16182179374962968,0.47247335302377824,-0.06897820625037032,0.06897820625037032
47792,0.1429,0.16287155420143978,0.16287155420143978,0.47247335302377824,0.019971554201439784,0.019971554201439784
47829,0.3711,0.33116314781359923,0.33116314781359923,0.47247335302377824,-0.03993685218640075,0.03993685218640075
47832,0.6875,0.7590068350765165,0.7590068350765165,0.47247335302377824,0.07150683507651645,0.07150683507651645
47834,0.1429,0.07267217565129408,0.07267217565129408,0.47247335302377824,-0.07022782434870592,0.07022782434870592
47855,0.5185,0.3870003798720719,0.3870003798720719,0.47247335302377824,-0.13149962012792804,0.13149962012792804
47863,0.1087,0.20549592515491633,0.20549592515491633,0.47247335302377824,0.09679592515491632,0.09679592515491632
47869,0.44,0.11964515330793873,0.11964515330793873,0.47247335302377824,-0.32035484669206127,0.32035484669206127
47904,0.9792,0.9555845148247574,0.9555845148247574,0.47247335302377824,-0.02361548517524259,0.02361548517524259
47938,0.8646,0.8156443551423941,0.8156443551423941,0.47247335302377824,-0.04895564485760595,0.04895564485760595
47980,0.3913,0.43407973519210596,0.43407973519210596,0.47247335302377824,0.04277973519210598,0.04277973519210598
47995,0.1923,0.08421913571889755,0.08421913571889755,0.47247335302377824,-0.10808086428110245,0.10808086428110245
48028,0.2766,0.30442416881541434,0.30442416881541434,0.47247335302377824,0.02782416881541433,0.02782416881541433
48059,0.1154,0.18611689621132038,0.18611689621132038,0.47247335302377824,0.07071689621132038,0.07071689621132038
48071,0.8276,0.7926229386756123,0.7926229386756123,0.47247335302377824,-0.034977061324387715,0.034977061324387715
48139,0.3214,0.3008760227523876,0.3008760227523876,0.47247335302377824,-0.0205239772476124,0.0205239772476124
48146,0.3077,0.2446685579449531,0.2446685579449531,0.47247335302377824,-0.06303144205504688,0.06303144205504688
48161,0.4615,0.4764672735757436,0.4764672735757436,0.47247335302377824,0.014967273575743567,0.014967273575743567
48168,0.766,0.9023473729367621,0.9023473729367621,0.47247335302377824,0.13634737293676213,0.13634737293676213
48218,0.375,0.3901205169210737,0.3901205169210737,0.47247335302377824,0.01512051692107369,0.01512051692107369
48225,0.1923,0.19941439345291073,0.19941439345291073,0.47247335302377824,0.007114393452910733,0.007114393452910733
48240,0.32,0.4927902099291686,0.4927902099291686,0.47247335302377824,0.1727902099291686,0.1727902099291686
48249,0.3214,0.36503496169362126,0.36503496169362126,0.47247335302377824,0.043634961693621244,0.043634961693621244
48297,0.1852,0.15430694849533994,0.15430694849533994,0.47247335302377824,-0.03089305150466007,0.03089305150466007
48315,0.0,0.009795049139074474,0.009795049139074474,0.47247335302377824,0.009795049139074474,0.009795049139074474
48344,0.0,0.013772199822614961,0.013772199822614961,0.47247335302377824,0.013772199822614961,0.013772199822614961
48358,0.4894,0.4503363425059574,0.4503363425059574,0.47247335302377824,-0.039063657494042614,0.039063657494042614
48361,0.125,0.11612769551343632,0.11612769551343632,0.47247335302377824,-0.008872304486563676,0.008872304486563676
48389,0.0,-0.11595252692180635,0.0,0.47247335302377824,0.0,0.0
48400,0.0,0.04277720706436783,0.04277720706436783,0.47247335302377824,0.04277720706436783,0.04277720706436783
48401,0.8889,0.9269738345491545,0.9269738345491545,0.47247335302377824,0.03807383454915447,0.03807383454915447
48419,1.0,0.905979957627439,0.905979957627439,0.47247335302377824,-0.09402004237256101,0.09402004237256101
48493,0.2766,0.33902598378538146,0.33902598378538146,0.47247335302377824,0.062425983785381445,0.062425983785381445
48547,0.4681,0.38471578240710524,0.38471578240710524,0.47247335302377824,-0.08338421759289477,0.08338421759289477
48585,0.4043,0.38130089718426324,0.38130089718426324,0.47247335302377824,-0.02299910281573675,0.02299910281573675
48610,0.1702,0.13169496661596974,0.13169496661596974,0.47247335302377824,-0.038505033384030246,0.038505033384030246
48691,0.2308,0.17948391490884186,0.17948391490884186,0.47247335302377824,-0.05131608509115815,0.05131608509115815
48702,0.7778,0.7004859124704301,0.7004859124704301,0.47247335302377824,-0.07731408752956992,0.07731408752956992
48713,0.4074,0.3948237203283995,0.3948237203283995,0.47247335302377824,-0.012576279671600465,0.012576279671600465
48729,0.9231,0.9951065207005344,0.9951065207005344,0.47247335302377824,0.07200652070053437,0.07200652070053437
48735,0.9787,0.8883563771549701,0.8883563771549701,0.47247335302377824,-0.09034362284502995,0.09034362284502995
48750,0.2045,0.23457935009181274,0.23457935009181274,0.47247335302377824,0.030079350091812757,0.030079350091812757
48780,0.4138,0.43261829902472926,0.43261829902472926,0.47247335302377824,0.018818299024729257,0.018818299024729257
48801,0.0714,0.14078455234497977,0.14078455234497977,0.47247335302377824,0.06938455234497977,0.06938455234497977
48843,0.0345,0.1482869400538281,0.1482869400538281,0.47247335302377824,0.11378694005382808,0.11378694005382808
48914,0.8958,0.8659988755578156,0.8659988755578156,0.47247335302377824,-0.029801124442184412,0.029801124442184412
48920,0.6875,0.6640010842389854,0.6640010842389854,0.47247335302377824,-0.023498915761014594,0.023498915761014594
48925,0.52,0.6974609700363827,0.6974609700363827,0.47247335302377824,0.17746097003638273,0.17746097003638273
48994,0.9615,0.8333147261174381,0.8333147261174381,0.47247335302377824,-0.12818527388256196,0.12818527388256196
48999,0.1875,0.18771951611741045,0.18771951611741045,0.47247335302377824,0.0002195161174104454,0.0002195161174104454
49003,0.9333,0.8623210168080188,0.8623210168080188,0.47247335302377824,-0.07097898319198126,0.07097898319198126
49007,0.8511,0.8556511922289209,0.8556511922289209,0.47247335302377824,0.004551192228920975,0.004551192228920975
49010,0.3011,0.3106006710468082,0.3106006710468082,0.47247335302377824,0.00950067104680824,0.00950067104680824
49023,0.9592,0.8360041075799398,0.8360041075799398,0.47247335302377824,-0.12319589242006024,0.12319589242006024
49028,0.8571,0.702288016014041,0.702288016014041,0.47247335302377824,-0.15481198398595897,0.15481198398595897
49048,0.8454,0.8754841291647081,0.8754841291647081,0.47247335302377824,0.03008412916470804,0.03008412916470804
49123,0.6923,0.6272122189595197,0.6272122189595197,0.47247335302377824,-0.0650877810404803,0.0650877810404803
49144,0.75,0.8001734767049475,0.8001734767049475,0.47247335302377824,0.05017347670494754,0.05017347670494754
49176,0.3696,0.35124859028804944,0.35124859028804944,0.47247335302377824,-0.01835140971195054,0.01835140971195054
49187,0.9574,0.8641766152161079,0.8641766152161079,0.47247335302377824,-0.09322338478389214,0.09322338478389214
49216,0.28,0.15652658052288165,0.15652658052288165,0.47247335302377824,-0.12347341947711837,0.12347341947711837
49229,0.8889,0.9308932312081682,0.9308932312081682,0.47247335302377824,0.041993231208168225,0.041993231208168225
49269,0.1538,0.29803068915501285,0.29803068915501285,0.47247335302377824,0.14423068915501286,0.14423068915501286
49312,0.64,0.4401693061154272,0.4401693061154272,0.47247335302377824,-0.1998306938845728,0.1998306938845728
49412,0.2553,0.2351339483873759,0.2351339483873759,0.47247335302377824,-0.020166051612624136,0.020166051612624136
49413,0.7692,0.6898871489907995,0.6898871489907995,0.47247335302377824,-0.07931285100920049,0.07931285100920049
49418,0.8519,0.8389809221947684,0.8389809221947684,0.47247335302377824,-0.012919077805231605,0.012919077805231605
49443,0.2165,0.1600682721263874,0.1600682721263874,0.47247335302377824,-0.056431727873612586,0.056431727873612586
49448,0.4667,0.3976346932897247,0.3976346932897247,0.47247335302377824,-0.06906530671027528,0.06906530671027528
49466,0.1591,0.16862295890384515,0.16862295890384515,0.47247335302377824,0.009522958903845163,0.009522958903845163
49514,0.3846,0.37199005896369197,0.37199005896369197,0.47247335302377824,-0.012609941036308026,0.012609941036308026
49539,0.4444,0.35674196880417325,0.35674196880417325,0.47247335302377824,-0.08765803119582677,0.08765803119582677
49558,0.5909,0.5595904690199178,0.5595904690199178,0.47247335302377824,-0.031309530980082156,0.031309530980082156
49571,0.9565,0.8666735473605207,0.8666735473605207,0.47247335302377824,-0.0898264526394793,0.0898264526394793
49576,0.0,-0.006278452009616797,0.0,0.47247335302377824,0.0,0.0
49596,0.3462,0.33765092973851263,0.33765092973851263,0.47247335302377824,-0.00854907026148738,0.00854907026148738
49624,0.1071,0.11639745120257228,0.11639745120257228,0.47247335302377824,0.009297451202572277,0.009297451202572277
49641,0.043,0.022463336304832382,0.022463336304832382,0.47247335302377824,-0.020536663695167615,0.020536663695167615
49668,0.0,-0.002008136642948355,0.0,0.47247335302377824,0.0,0.0
49672,1.0,0.874665100362245,0.874665100362245,0.47247335302377824,-0.12533489963775502,0.12533489963775502
49677,0.8846,0.9162565763046893,0.9162565763046893,0.47247335302377824,0.03165657630468921,0.03165657630468921
49678,0.3854,0.26736973262891894,0.26736973262891894,0.47247335302377824,-0.11803026737108108,0.11803026737108108
49739,0.625,0.6654334092527996,0.6654334092527996,0.47247335302377824,0.04043340925279959,0.04043340925279959
49796,0.4583,0.46025772885762495,0.46025772885762495,0.47247335302377824,0.001957728857624963,0.001957728857624963
49803,0.5714,0.6152465048410954,0.6152465048410954,0.47247335302377824,0.043846504841095424,0.043846504841095424
49830,0.1458,0.08918682631756597,0.08918682631756597,0.47247335302377824,-0.05661317368243404,0.05661317368243404
49874,0.2667,0.35840647055476416,0.35840647055476416,0.47247335302377824,0.09170647055476416,0.09170647055476416
49896,0.6207,0.4829795918294157,0.4829795918294157,0.47247335302377824,-0.13772040817058434,0.13772040817058434
49915,0.3958,0.2737457997106681,0.2737457997106681,0.47247335302377824,-0.1220542002893319,0.1220542002893319
49986,0.625,0.5924174329796424,0.5924174329796424,0.47247335302377824,-0.032582567020357556,0.032582567020357556
